Unnamed: 0,node,eign,closeness,betwness,centrality,community,density
0,0,1.582021476644749e-06,0.17692932575142162,0.0,1,0,0.0142656118077488
42,5,6.2087178071562e-05,0.21864960991280405,0.0,1,0,0.0142656118077488
627,3126,1.527417857563223e-06,0.1815,0.0,1,0,0.0142656118077488
941,127,6.2087178071562e-05,0.21864960991280405,0.0,1,0,0.0142656118077488
971,134,3.7414652852773608e-06,0.16998550563050507,0.0,1,0,0.0142656118077488
1639,270,1.6363524647548504e-06,0.18164704760996997,0.0,1,0,0.0142656118077488
1841,3992,2.6468064429572816e-06,0.17277095326594444,0.0,1,0,0.0142656118077488
2046,362,6.2199634049292675e-06,0.1912011838771978,0.0,1,0,0.0142656118077488
2303,5289,1.4058109095487145e-05,0.17367629636380205,0.0,1,0,0.0142656118077488
2452,5118,4.373214232816375e-06,0.18463438854845352,0.0,1,0,0.0142656118077488
2642,4320,4.664649488628833e-06,0.17592891760904686,0.0,1,0,0.0142656118077488
2643,3940,4.664649488628833e-06,0.17592891760904686,0.0,1,0,0.0142656118077488
2834,6397,2.2901899181128334e-08,0.15019505851755527,0.0,1,0,0.0142656118077488
2851,2975,3.479355587282102e-06,0.19001919385796545,0.0,1,0,0.0142656118077488
2947,604,4.943964849652043e-06,0.16565257073319137,0.0,1,0,0.0142656118077488
3112,665,5.6337244136932155e-06,0.17767160004661461,0.0,1,0,0.0142656118077488
3260,717,0.00010646358007290773,0.20369281744335185,0.0,1,0,0.0142656118077488
3318,734,1.3861015454135342e-05,0.19988462647822325,0.0,1,0,0.0142656118077488
3335,5081,4.19254163679219e-07,0.16828186052672245,0.0,1,0,0.0142656118077488
3390,2545,4.117928013617961e-07,0.1668089017265148,0.0,1,0,0.0142656118077488
3444,782,7.80485944785555e-07,0.15827502439632082,0.0,1,0,0.0142656118077488
3731,5796,2.4667898753459664e-06,0.19465795051198898,0.0,1,0,0.0142656118077488
3933,1022,4.858869953897374e-07,0.1589018823087987,0.0,1,0,0.0142656118077488
4054,7388,5.6337244136932155e-06,0.17767160004661461,0.0,1,0,0.0142656118077488
4236,1112,8.87814273825379e-06,0.19160006032272658,0.0,1,0,0.0142656118077488
4242,1116,3.6638210784995e-06,0.17486351332752215,0.0,1,0,0.0142656118077488
4549,1286,5.513932856402996e-08,0.15450565487048523,0.0,1,0,0.0142656118077488
4785,4683,3.4248144973834866e-07,0.16111510335207338,0.0,1,0,0.0142656118077488
4787,1431,4.23787125435364e-06,0.17609554390260806,0.0,1,0,0.0142656118077488
4849,6231,2.569787179523191e-06,0.1838905775075988,0.0,1,0,0.0142656118077488
4851,1472,3.7483464323736754e-05,0.18244698674070173,0.0,1,0,0.0142656118077488
4867,1483,1.5469143461454688e-05,0.19282136894824708,0.0,1,0,0.0142656118077488
4992,1572,7.026460215638177e-07,0.16632120960879715,0.0,1,0,0.0142656118077488
5016,6901,1.2936796825111916e-08,0.1481200816088604,0.0,1,0,0.0142656118077488
5022,3353,2.302009733948027e-08,0.14664127423822715,0.0,1,0,0.0142656118077488
5047,1605,3.765525843669112e-07,0.1598984771573604,0.0,1,0,0.0142656118077488
5058,2243,6.635919467963224e-06,0.18599487617421007,0.0,1,0,0.0142656118077488
5325,4244,1.1535210473576563e-05,0.204446709220619,0.0,1,0,0.0142656118077488
5379,1819,5.830854076851656e-06,0.19023258135356358,0.0,1,0,0.0142656118077488
5412,1841,4.1723598507877045e-08,0.15214961478583688,0.0,1,0,0.0142656118077488
5516,1913,2.3013586279344256e-06,0.18022554791119938,0.0,1,0,0.0142656118077488
5521,1916,7.861851295948918e-06,0.20645108872278192,0.0,1,0,0.0142656118077488
5565,4169,4.861221619131553e-07,0.16988322339097878,0.0,1,0,0.0142656118077488
5596,5614,1.612418045194241e-07,0.16052138389942935,0.0,1,0,0.0142656118077488
5631,2003,3.3187848903693266e-06,0.18568227212939056,0.0,1,0,0.0142656118077488
5648,4715,4.008764366594032e-06,0.18653192062054957,0.0,1,0,0.0142656118077488
5650,3031,2.8192670002088854e-05,0.1947872748179379,0.0,1,0,0.0142656118077488
5733,2114,7.913474426008845e-07,0.1629821260583255,0.0,1,0,0.0142656118077488
5827,3640,1.0974202475890345e-05,0.18031933767001773,0.0,1,0,0.0142656118077488
5838,2210,2.3573961960052435e-07,0.1620880289177121,0.0,1,0,0.0142656118077488
5847,2220,6.054824672479337e-10,0.13312260971307827,0.0,1,0,0.0142656118077488
5886,2264,2.3368804843004315e-06,0.18655931083429186,0.0,1,0,0.0142656118077488
5898,2278,1.2405802616810657e-05,0.19946098696949083,0.0,1,0,0.0142656118077488
5943,2330,2.6227982138011433e-05,0.20617190458159787,0.0,1,0,0.0142656118077488
5946,2333,2.1622324953841604e-07,0.16780030377071914,0.0,1,0,0.0142656118077488
5957,2342,2.165449019892372e-06,0.18301642178046673,0.0,1,0,0.0142656118077488
5963,2346,2.2136091783621107e-06,0.17130337078651686,0.0,1,0,0.0142656118077488
5965,4565,3.1720527170803893e-06,0.17904873752201997,0.0,1,0,0.0142656118077488
6014,2409,7.80485944785555e-07,0.15827502439632082,0.0,1,0,0.0142656118077488
6017,7168,7.80485944785555e-07,0.15827502439632082,0.0,1,0,0.0142656118077488
6018,2506,7.80485944785555e-07,0.15827502439632082,0.0,1,0,0.0142656118077488
6022,3838,7.80485944785555e-07,0.15827502439632082,0.0,1,0,0.0142656118077488
6047,2446,2.1622324953841604e-07,0.16780030377071914,0.0,1,0,0.0142656118077488
6186,2582,1.0960545834420965e-05,0.190517844646606,0.0,1,0,0.0142656118077488
6248,2662,3.471906742710556e-08,0.14468190100212572,0.0,1,0,0.0142656118077488
6326,2780,1.322382841495095e-06,0.1769580760480988,0.0,1,0,0.0142656118077488
6331,2795,4.0426940241138166e-08,0.15186771590795897,0.0,1,0,0.0142656118077488
6406,2877,2.3655092763288837e-07,0.15828817043543264,0.0,1,0,0.0142656118077488
6493,3036,9.125041224010101e-06,0.1880411455635314,0.0,1,0,0.0142656118077488
6547,3089,4.9695831189977775e-06,0.1890343698854337,0.0,1,0,0.0142656118077488
6573,4856,6.193797868725267e-05,0.1793098581610331,0.0,1,0,0.0142656118077488
6583,6867,1.7202474677193872e-07,0.15683571649007305,0.0,1,0,0.0142656118077488
6609,3433,1.1420374502231029e-05,0.20584899546338303,0.0,1,0,0.0142656118077488
6616,3229,3.504833719424027e-06,0.16845292024838132,0.0,1,0,0.0142656118077488
6639,3257,1.6363524647548504e-06,0.18164704760996997,0.0,1,0,0.0142656118077488
6647,3280,6.2087178071562e-05,0.21864960991280405,0.0,1,0,0.0142656118077488
6692,4493,3.1396398794249354e-08,0.1565040650406504,0.0,1,0,0.0142656118077488
6723,4577,8.918509557382737e-06,0.18329806675002405,0.0,1,0,0.0142656118077488
6729,6758,3.9296254343996346e-06,0.18190278473763333,0.0,1,0,0.0142656118077488
6731,4314,2.8362514687023872e-06,0.19212157870860427,0.0,1,0,0.0142656118077488
6732,7167,2.8362514687023872e-06,0.19212157870860427,0.0,1,0,0.0142656118077488
6824,3558,2.9006874803832243e-06,0.1736842105263158,0.0,1,0,0.0142656118077488
6856,6420,7.66595244218525e-07,0.16260318679209063,0.0,1,0,0.0142656118077488
6950,5830,1.0960545834420965e-05,0.190517844646606,0.0,1,0,0.0142656118077488
6974,3899,8.25618700793904e-06,0.18299884770501249,0.0,1,0,0.0142656118077488
7014,3981,6.054824672479337e-10,0.13312260971307827,0.0,1,0,0.0142656118077488
7051,4833,3.1274907064891154e-06,0.1692758643661315,0.0,1,0,0.0142656118077488
7069,5880,6.057958893075896e-08,0.15723685567541923,0.0,1,0,0.0142656118077488
7071,6721,7.861851295948918e-06,0.20645108872278192,0.0,1,0,0.0142656118077488
7078,5316,5.262381327564398e-06,0.19620106555478342,0.0,1,0,0.0142656118077488
7092,7040,3.965701842811139e-06,0.18278822175330903,0.0,1,0,0.0142656118077488
7128,5500,6.517468955002442e-06,0.17677751495756228,0.0,1,0,0.0142656118077488
7147,6240,3.009347713246012e-05,0.19306065594529567,0.0,1,0,0.0142656118077488
7148,5736,3.009347713246012e-05,0.19306065594529567,0.0,1,0,0.0142656118077488
7176,4458,1.2135529106151704e-05,0.17381886172929586,0.0,1,0,0.0142656118077488
7194,4530,2.2542096731356525e-06,0.16821501864642407,0.0,1,0,0.0142656118077488
7210,4568,4.7234595153902e-06,0.17767574118963267,0.0,1,0,0.0142656118077488
7229,6268,1.979239467937342e-06,0.17431968900068603,0.0,1,0,0.0142656118077488
7238,5752,3.280631827550987e-06,0.16355912202029738,0.0,1,0,0.0142656118077488
7248,5843,2.5641928386705054e-06,0.1819244904777815,0.0,1,0,0.0142656118077488
7280,5213,5.613552441284861e-08,0.15471261568436434,0.0,1,0,0.0142656118077488
7383,6346,6.717499567681171e-06,0.1859858003757289,0.0,1,0,0.0142656118077488
7403,5143,2.4057064922181984e-08,0.143292167145999,0.0,1,0,0.0142656118077488
7411,5182,1.5469143461454688e-05,0.19282136894824708,0.0,1,0,0.0142656118077488
7415,6726,1.2281510202568754e-06,0.17079673776662485,0.0,1,0,0.0142656118077488
7443,5356,2.2542096731356525e-06,0.16821501864642407,0.0,1,0,0.0142656118077488
7459,7394,6.2087178071562e-05,0.21864960991280405,0.0,1,0,0.0142656118077488
7460,6244,6.2087178071562e-05,0.21864960991280405,0.0,1,0,0.0142656118077488
7477,5542,2.9135626593977765e-06,0.18148703664024,0.0,1,0,0.0142656118077488
7499,7034,8.027222271840119e-08,0.14214324339443213,0.0,1,0,0.0142656118077488
7517,5840,2.9006874803832243e-06,0.1736842105263158,0.0,1,0,0.0142656118077488
7524,6658,7.526792056790192e-06,0.1662015436270876,0.0,1,0,0.0142656118077488
7530,7027,1.591373821126564e-06,0.1739775424502465,0.0,1,0,0.0142656118077488
7534,7201,1.9048890494526067e-06,0.17943648047454275,0.0,1,0,0.0142656118077488
7540,5987,8.87814273825379e-06,0.19160006032272658,0.0,1,0,0.0142656118077488
7541,5995,1.5469143461454688e-05,0.19282136894824708,0.0,1,0,0.0142656118077488
7557,6535,2.0514315171474775e-08,0.14014928665980292,0.0,1,0,0.0142656118077488
7607,6869,6.849334830866557e-06,0.1711111111111111,0.0,1,0,0.0142656118077488
361,46,8.355653879898279e-07,0.15830131865849859,0.0,2,0,0.0142656118077488
454,1564,1.1128856206301662e-06,0.158314469066063,0.0,2,0,0.0142656118077488
933,125,3.183908170760296e-06,0.18699406368051807,0.0,2,0,0.0142656118077488
1630,506,2.7481274205059995e-05,0.21477474431578059,0.0,2,0,0.0142656118077488
1631,267,1.2608134967699484e-06,0.1708005646299657,0.0,2,0,0.0142656118077488
1632,2903,1.260813496769761e-06,0.1708005646299657,0.0,2,0,0.0142656118077488
1853,6480,5.519251442966093e-06,0.19548660084626235,0.0,2,0,0.0142656118077488
1991,7041,3.3787573580047306e-08,0.154640430063901,0.0,2,0,0.0142656118077488
2089,4193,1.2683016059534118e-05,0.20673663656333902,0.0,2,0,0.0142656118077488
2090,3634,3.1241282718418264e-05,0.19926806953339432,0.0,2,0,0.0142656118077488
2321,434,7.405206431379578e-06,0.1786249882838129,0.0,2,0,0.0142656118077488
2832,627,7.884753195130064e-06,0.20651261073334598,0.0,2,0,0.0142656118077488
2845,3851,2.9707337725293232e-05,0.208586439008373,0.0,2,0,0.0142656118077488
2910,5741,3.0986107798224822e-06,0.16569217727737084,0.0,2,0,0.0142656118077488
3031,636,1.3848500739400557e-05,0.1904416908164285,0.0,2,0,0.0142656118077488
3076,1766,0.002380645725965336,0.20257234726688103,0.0,2,0,0.0142656118077488
3287,727,8.108842776128823e-06,0.18188976377952756,0.0,2,0,0.0142656118077488
3334,6342,1.973922413050213e-05,0.20129921571734136,0.0,2,0,0.0142656118077488
3432,5801,4.186098766647434e-06,0.18249503243877332,0.0,2,0,0.0142656118077488
3547,3135,9.893782018516668e-06,0.20313374370453274,0.0,2,0,0.0142656118077488
3551,7242,1.1662613697194877e-05,0.19416214564071216,0.0,2,0,0.0142656118077488
3694,6659,8.326123383452175e-06,0.20414557724752952,0.0,2,0,0.0142656118077488
3780,3000,1.2307614578132137e-06,0.17652371248610596,0.0,2,0,0.0142656118077488
4157,2291,3.357484489488619e-06,0.17772130650688925,0.0,2,0,0.0142656118077488
4281,1758,3.336011175925703e-06,0.18407707910750506,0.0,2,0,0.0142656118077488
4323,4030,0.00012188263510097291,0.188185049866693,0.0,2,0,0.0142656118077488
4343,6574,5.112569456496748e-06,0.17829493626476436,0.0,2,0,0.0142656118077488
4416,6229,6.047540021149178e-06,0.19080396475770925,0.0,2,0,0.0142656118077488
4494,1479,0.002419286408558687,0.20529462458257028,0.0,2,0,0.0142656118077488
4595,1530,3.9925652865559486e-06,0.19333975854722532,0.0,2,0,0.0142656118077488
4717,1385,3.9561615121276753e-07,0.16435609409025248,0.0,2,0,0.0142656118077488
4718,4063,6.171439229159774e-06,0.16652467396290713,0.0,2,0,0.0142656118077488
4810,1451,0.00012913747033065274,0.20100197758734345,0.0,2,0,0.0142656118077488
4811,6183,6.8502528495577575e-06,0.17757227049313984,0.0,2,0,0.0142656118077488
4848,4237,3.2663264311983516e-05,0.19847944385138125,0.0,2,0,0.0142656118077488
4874,6251,3.263870385349593e-06,0.1804986621836005,0.0,2,0,0.0142656118077488
5015,2235,5.843790873676705e-06,0.1905940594059406,0.0,2,0,0.0142656118077488
5020,1589,8.886052902488602e-07,0.17183625625535368,0.0,2,0,0.0142656118077488
5059,3164,6.640375919505073e-06,0.1860039528585023,0.0,2,0,0.0142656118077488
5088,2721,3.3525031510290256e-05,0.19696147585458493,0.0,2,0,0.0142656118077488
5413,4816,1.6105844304780867e-06,0.17944915254237287,0.0,2,0,0.0142656118077488
5415,7189,5.917251818377227e-07,0.16111510335207338,0.0,2,0,0.0142656118077488
5582,5247,8.623597555577326e-06,0.1831043428132206,0.0,2,0,0.0142656118077488
5595,1972,6.224140514919897e-06,0.19121077582963353,0.0,2,0,0.0142656118077488
5651,7193,3.0103171837360347e-05,0.1957979092286749,0.0,2,0,0.0142656118077488
5674,3040,3.7944784309493687e-06,0.1749839316867138,0.0,2,0,0.0142656118077488
5692,6299,1.992378363709219e-05,0.19404846756949395,0.0,2,0,0.0142656118077488
5763,4084,3.660889695562434e-06,0.19243196849598626,0.0,2,0,0.0142656118077488
5824,5565,9.940216426777387e-06,0.19174946547604074,0.0,2,0,0.0142656118077488
5867,2248,1.3735409592946013e-05,0.19625662942175995,0.0,2,0,0.0142656118077488
5953,3958,1.3682696278052815e-05,0.20194982382705912,0.0,2,0,0.0142656118077488
5969,2655,5.151292185017805e-06,0.1791202594106866,0.0,2,0,0.0142656118077488
5981,5035,4.169096878198961e-07,0.1755440414507772,0.0,2,0,0.0142656118077488
5982,6091,4.169096878200761e-07,0.1755440414507772,0.0,2,0,0.0142656118077488
6010,2406,0.00014066098105917606,0.1992368207835655,0.0,2,0,0.0142656118077488
6019,5846,9.353603535136095e-06,0.188641425389755,0.0,2,0,0.0142656118077488
6020,2857,5.724450794437605e-06,0.16645558564066731,0.0,2,0,0.0142656118077488
6034,6305,1.1600882466650078e-05,0.1960950764006791,0.0,2,0,0.0142656118077488
6035,5001,9.546506888902125e-06,0.19195709105560033,0.0,2,0,0.0142656118077488
6156,2550,1.804355078139288e-05,0.19022308728851625,0.0,2,0,0.0142656118077488
6207,2606,2.528010333084506e-06,0.17900248908091862,0.0,2,0,0.0142656118077488
6267,2697,2.223038784168555e-06,0.18302081582675087,0.0,2,0,0.0142656118077488
6268,6327,2.22303878416874e-06,0.18302081582675087,0.0,2,0,0.0142656118077488
6385,2855,2.54606253771931e-06,0.18522658243226825,0.0,2,0,0.0142656118077488
6407,7109,9.131169282710053e-06,0.18805042307028147,0.0,2,0,0.0142656118077488
6417,3140,2.240729917735571e-05,0.19397440138425914,0.0,2,0,0.0142656118077488
6419,2936,4.805836554701365e-05,0.19582808847329616,0.0,2,0,0.0142656118077488
6508,3688,0.001390888419481684,0.2005894271504881,0.0,2,0,0.0142656118077488
6594,5726,3.3237234909600276e-05,0.21469610770010703,0.0,2,0,0.0142656118077488
6607,3207,1.192367681464994e-06,0.18062268979243673,0.0,2,0,0.0142656118077488
6688,7020,1.5072376480944754e-05,0.19787151200519143,0.0,2,0,0.0142656118077488
6725,6082,6.29652914582868e-05,0.2189384800965018,0.0,2,0,0.0142656118077488
6869,6645,6.228972472885326e-06,0.18965989102580053,0.0,2,0,0.0142656118077488
6891,3697,2.0121887562785325e-05,0.19330543933054392,0.0,2,0,0.0142656118077488
6958,4629,0.00011935378878873642,0.20558806871814234,0.0,2,0,0.0142656118077488
6959,7194,1.4697394783030568e-05,0.1998898678414097,0.0,2,0,0.0142656118077488
7068,4143,2.338449851542851e-06,0.1865684426931643,0.0,2,0,0.0142656118077488
7125,4970,6.88344482690408e-05,0.21944900250453406,0.0,2,0,0.0142656118077488
7237,4660,0.00012663659733403292,0.19553674490188533,0.0,2,0,0.0142656118077488
7279,4787,2.1669032597559274e-06,0.1830252100840336,0.0,2,0,0.0142656118077488
7310,4881,6.212890167006927e-05,0.21867469879518073,0.0,2,0,0.0142656118077488
7317,4827,1.5479547693531453e-05,0.19295803169138864,0.0,2,0,0.0142656118077488
7318,5992,4.0161670598773235e-07,0.1626934158574325,0.0,2,0,0.0142656118077488
7389,5087,1.8116944941185872e-06,0.17400136955033096,0.0,2,0,0.0142656118077488
7497,5719,1.5501943193133766e-07,0.16599163835902797,0.0,2,0,0.0142656118077488
7556,6227,7.918788838805508e-07,0.16298909557408595,0.0,2,0,0.0142656118077488
266,4845,4.2295925984833676e-06,0.1770772840251806,0.0,3,0,0.0142656118077488
1673,6027,2.4304366541014693e-05,0.1855647517039922,0.0,3,0,0.0142656118077488
1676,347,1.1122538123698082e-05,0.18736635123509893,0.0,3,0,0.0142656118077488
2245,413,8.860266204206453e-06,0.1876430769230769,0.0,3,0,0.0142656118077488
2302,6661,4.946778116416608e-05,0.18622205936240382,0.0,3,0,0.0142656118077488
2831,560,8.840426897192473e-07,0.17673652972271167,0.0,3,0,0.0142656118077488
2847,6449,5.950161376613431e-06,0.1981029106029106,0.0,3,0,0.0142656118077488
2860,570,2.010922274466769e-05,0.19826779026217228,0.0,3,0,0.0142656118077488
3075,649,8.989324109599427e-05,0.20910711836510767,0.0,3,0,0.0142656118077488
3160,4054,7.656183167353883e-06,0.18602210888503867,0.0,3,0,0.0142656118077488
3353,3683,1.6847752774831903e-05,0.1999108360432183,0.0,3,0,0.0142656118077488
3620,2062,1.2714033666731118e-07,0.1647218980941268,0.0,3,0,0.0142656118077488
3625,4380,2.2714954485398456e-06,0.19476239141543178,0.0,3,0,0.0142656118077488
3735,5243,2.5422374851151457e-05,0.21362515413070285,0.0,3,0,0.0142656118077488
4017,7369,2.2768775186497078e-05,0.18421052631578946,0.0,3,0,0.0142656118077488
4050,1454,1.1183251578201638e-05,0.18152593227603944,0.0,3,0,0.0142656118077488
4158,1243,3.360695000040381e-06,0.1785998781687831,0.0,3,0,0.0142656118077488
4379,4583,4.744140394330652e-06,0.1882361656418994,0.0,3,0,0.0142656118077488
4505,3398,2.1469053662132393e-05,0.20978039517860092,0.0,3,0,0.0142656118077488
4940,5235,5.496639174024666e-06,0.18859475507174667,0.0,3,0,0.0142656118077488
4942,7044,2.1090586758804595e-05,0.20337762125820394,0.0,3,0,0.0142656118077488
5089,3371,3.8494614629287625e-05,0.1976560271734903,0.0,3,0,0.0142656118077488
5179,4767,0.0001456174181677618,0.23807739154876792,0.0,3,0,0.0142656118077488
5192,6266,1.4445181508417273e-05,0.19684958037443512,0.0,3,0,0.0142656118077488
5237,5520,1.2350332516675429e-05,0.18745389268676535,0.0,3,0,0.0142656118077488
5487,1894,1.858210623946734e-05,0.2010072777133214,0.0,3,0,0.0142656118077488
5517,4115,8.88353954989395e-05,0.21984138428262437,0.0,3,0,0.0142656118077488
5966,5847,9.805348092956046e-06,0.20031533307055577,0.0,3,0,0.0142656118077488
6249,4897,1.3402005445073553e-06,0.1691519105312209,0.0,3,0,0.0142656118077488
6327,5566,2.0374156370058173e-05,0.2084894565544403,0.0,3,0,0.0142656118077488
6430,2915,3.303109685677959e-05,0.195858277022687,0.0,3,0,0.0142656118077488
6439,2932,2.474490707336815e-05,0.19803086195251207,0.0,3,0,0.0142656118077488
6691,3370,1.2119412725600556e-06,0.18553765272842332,0.0,3,0,0.0142656118077488
6730,5874,0.0002905438296695734,0.19932538437401945,0.0,3,0,0.0142656118077488
6737,3449,2.1408081343758298e-06,0.1914989825910016,0.0,3,0,0.0142656118077488
6858,3609,8.737604050834543e-05,0.2227319211102995,0.0,3,0,0.0142656118077488
6910,3742,1.678910152148252e-05,0.18088842484931897,0.0,3,0,0.0142656118077488
6960,5439,3.398663937925566e-05,0.21204450625869262,0.0,3,0,0.0142656118077488
1169,776,9.900199659693011e-06,0.19228149829738933,0.0,4,0,0.0142656118077488
1171,5074,3.572667183836957e-05,0.19927848796172848,0.0,4,0,0.0142656118077488
1640,5169,6.316530444999288e-05,0.2219601677148847,0.0,4,0,0.0142656118077488
1870,5330,2.5010103801336524e-05,0.20221231895591277,0.0,4,0,0.0142656118077488
1871,760,1.5895730430056445e-05,0.20019959555637262,0.0,4,0,0.0142656118077488
1872,3134,1.190049698070041e-05,0.18830126225823185,0.0,4,0,0.0142656118077488
1968,1935,1.8272060448809228e-05,0.1954364825022433,0.0,4,0,0.0142656118077488
2300,1569,2.3636368756434837e-05,0.18421052631578946,0.0,4,0,0.0142656118077488
2402,7182,3.082289461384491e-05,0.20940581820179655,0.0,4,0,0.0142656118077488
2647,7159,8.864207364425664e-06,0.17929720575783234,0.0,4,0,0.0142656118077488
2849,3542,3.2176558592789135e-05,0.21364910313901345,0.0,4,0,0.0142656118077488
2884,1190,3.5215870303451004e-05,0.19716014897579143,0.0,4,0,0.0142656118077488
2886,1884,4.003199772623929e-05,0.20059998421094183,0.0,4,0,0.0142656118077488
2940,1585,4.993769543439119e-07,0.17387040120429714,0.0,4,0,0.0142656118077488
2955,2549,2.9600549230962665e-05,0.19458838544990428,0.0,4,0,0.0142656118077488
3663,875,2.459661788176311e-05,0.19732857031917372,0.0,4,0,0.0142656118077488
3840,1892,2.7199026644183172e-05,0.19233971690258117,0.0,4,0,0.0142656118077488
4011,3204,2.6816047639959376e-05,0.19242225363489499,0.0,4,0,0.0142656118077488
4012,6858,1.0268090456107832e-05,0.18186806632470476,0.0,4,0,0.0142656118077488
4080,1040,5.4223833719462987e-05,0.20876923919592486,0.0,4,0,0.0142656118077488
4322,1155,0.0025173019267753414,0.2232930079967193,0.0,4,0,0.0142656118077488
4550,4988,2.128448821938765e-06,0.18273564100105474,0.0,4,0,0.0142656118077488
4578,5820,3.2250162084137044e-05,0.19595897277704943,0.0,4,0,0.0142656118077488
4616,4208,1.7543734165973364e-05,0.20950365525202,0.0,4,0,0.0142656118077488
4784,1429,1.322022333646506e-05,0.19205381437065402,0.0,4,0,0.0142656118077488
4910,5391,4.204945087318335e-05,0.2197399901991871,0.0,4,0,0.0142656118077488
5017,5607,2.3372400007883475e-08,0.15356257931951411,0.0,4,0,0.0142656118077488
5038,7469,5.257216411173368e-05,0.2030904489143466,0.0,4,0,0.0142656118077488
5318,3847,2.3607327289959863e-05,0.20493588192596177,0.0,4,0,0.0142656118077488
5323,1950,1.876493910603154e-05,0.20464429530201342,0.0,4,0,0.0142656118077488
5416,5662,2.846026216296243e-05,0.19577779489945296,0.0,4,0,0.0142656118077488
5543,4241,1.5605317578538279e-06,0.17905714889718835,0.0,4,0,0.0142656118077488
5698,2061,2.3617616021537838e-05,0.19879518072289157,0.0,4,0,0.0142656118077488
5930,7067,0.0002643931116250281,0.20642872616984403,0.0,4,0,0.0142656118077488
5964,4269,2.7103140811503118e-05,0.19357050354231736,0.0,4,0,0.0142656118077488
5968,4478,1.2109642272503308e-05,0.19156635589173976,0.0,4,0,0.0142656118077488
6021,5681,6.330638424422807e-06,0.16999308699239568,0.0,4,0,0.0142656118077488
6348,5010,1.9665271182222263e-05,0.19135477069056406,0.0,4,0,0.0142656118077488
6393,6808,0.001210882582766972,0.20785276073619632,0.0,4,0,0.0142656118077488
6418,5925,2.596972624479267e-05,0.1943452987966551,0.0,4,0,0.0142656118077488
6431,6688,9.286335692768076e-07,0.16725541391491322,0.0,4,0,0.0142656118077488
6631,5102,8.504660631444618e-06,0.18345245830625947,0.0,4,0,0.0142656118077488
6724,6312,3.228531510372424e-05,0.20240560777441452,0.0,4,0,0.0142656118077488
6874,5014,0.0010683614590087105,0.21518701482004235,0.0,4,0,0.0142656118077488
269,6196,0.00016206843627047615,0.20186960436417561,0.0,5,0,0.0142656118077488
451,59,1.2831053930046243e-05,0.18388614159932457,0.0,5,0,0.0142656118077488
616,5224,2.090061615594753e-05,0.18938189406737554,0.0,5,0,0.0142656118077488
1849,1209,1.1704996885940275e-05,0.18739859383450513,0.0,5,0,0.0142656118077488
2638,7050,1.9762284623800706e-05,0.19039412558069835,0.0,5,0,0.0142656118077488
2850,2345,0.00011223556254151841,0.2117205943618942,0.0,5,0,0.0142656118077488
2913,3385,4.300714759807728e-06,0.1660097127550687,0.0,5,0,0.0142656118077488
3270,720,0.0001232577593729987,0.21824272094820923,0.0,5,0,0.0142656118077488
3333,3013,0.00020934860114067594,0.21382289416846653,0.0,5,0,0.0142656118077488
3667,4087,8.8968786466448e-06,0.18245572044040212,0.0,5,0,0.0142656118077488
3781,4020,2.959552104649364e-05,0.2189384800965018,0.0,5,0,0.0142656118077488
3818,935,0.00038295774421597895,0.23885320382265393,0.0,5,0,0.0142656118077488
4014,3606,2.9591559907735303e-05,0.1941720369851499,0.0,5,0,0.0142656118077488
4016,3312,3.618988473981775e-05,0.20115579480683976,0.0,5,0,0.0142656118077488
4051,2007,1.9181070661937495e-05,0.18842693296420804,0.0,5,0,0.0142656118077488
4053,2319,5.171021095288995e-05,0.19628189612997915,0.0,5,0,0.0142656118077488
4941,6070,7.84467976418093e-06,0.19235427706283117,0.0,5,0,0.0142656118077488
5021,3856,3.42782841163941e-05,0.20747373577921724,0.0,5,0,0.0142656118077488
5060,5215,3.507893938046258e-05,0.20063694267515925,0.0,5,0,0.0142656118077488
5079,4438,1.1739651898824724e-05,0.20044701551406785,0.0,5,0,0.0142656118077488
5320,6412,6.237221966889208e-05,0.21747068724502897,0.0,5,0,0.0142656118077488
5653,4024,5.663407057427375e-05,0.21869351923573457,0.0,5,0,0.0142656118077488
5947,3758,8.346494829485495e-06,0.20162932790224034,0.0,5,0,0.0142656118077488
6181,6687,4.861404475676582e-05,0.2023303960080688,0.0,5,0,0.0142656118077488
6392,2863,0.00014550959282501682,0.21169119688975285,0.0,5,0,0.0142656118077488
6595,4898,4.971880361108145e-05,0.21594900849858356,0.0,5,0,0.0142656118077488
6825,6274,0.00011197025809484069,0.21018528730561375,0.0,5,0,0.0142656118077488
7070,5156,3.099267749880101e-05,0.21241675258450135,0.0,5,0,0.0142656118077488
7127,6187,0.0011238171398418226,0.21455712235075572,0.0,5,0,0.0142656118077488
617,3602,0.00014544549580319902,0.19872262773722627,0.0,6,0,0.0142656118077488
873,116,1.4480972929401344e-05,0.19723156532988356,0.0,6,0,0.0142656118077488
1031,2369,1.5676339124086628e-05,0.21290917215953525,0.0,6,0,0.0142656118077488
1840,4755,4.148185785767193e-05,0.20954396767365788,0.0,6,0,0.0142656118077488
1844,738,1.618374858785046e-05,0.20232502587785653,0.0,6,0,0.0142656118077488
2091,5012,9.099851751834125e-06,0.19343788063337394,0.0,6,0,0.0142656118077488
2308,6964,4.877755150335537e-05,0.19400402107245565,0.0,6,0,0.0142656118077488
2755,2120,2.9830708307552568e-05,0.20301472742283416,0.0,6,0,0.0142656118077488
2852,1213,8.364355440749213e-06,0.2005841490369435,0.0,6,0,0.0142656118077488
2906,7031,2.4506926332484343e-06,0.163618802318094,0.0,6,0,0.0142656118077488
3174,688,0.0001690865818194182,0.21444847666469743,0.0,6,0,0.0142656118077488
3783,6148,2.83700571647905e-05,0.2069330582550627,0.0,6,0,0.0142656118077488
3841,6282,1.5454342648144706e-05,0.19168678334339168,0.0,6,0,0.0142656118077488
3905,968,4.328570829815972e-05,0.21231617647058823,0.0,6,0,0.0142656118077488
4189,1093,2.030497164203821e-05,0.19373284537968893,0.0,6,0,0.0142656118077488
4554,5029,2.6294882851766366e-05,0.20584899546338303,0.0,6,0,0.0142656118077488
4771,3424,5.7087165884393696e-05,0.19682416731216112,0.0,6,0,0.0142656118077488
5414,3266,4.231082542032313e-05,0.20363840359031896,0.0,6,0,0.0142656118077488
5967,5420,3.165764310090165e-05,0.19503146906820856,0.0,6,0,0.0142656118077488
7323,7016,1.5920094374826334e-05,0.20168800931315484,0.0,6,0,0.0142656118077488
362,2442,2.1261371702041885e-06,0.16120368803924887,0.0,7,0,0.0142656118077488
474,6407,3.0547026520421524e-05,0.1947126436781609,0.0,7,0,0.0142656118077488
629,652,0.0001444253600150624,0.20479273567417994,0.0,7,0,0.0142656118077488
1166,174,3.806001490703524e-05,0.21206810215322985,0.0,7,0,0.0142656118077488
1595,2938,3.9257033127851354e-05,0.1951762808203395,0.0,7,0,0.0142656118077488
1671,280,1.4613395650427716e-05,0.1813618195660449,0.0,7,0,0.0142656118077488
1838,6222,3.415135060017285e-05,0.1941127040309643,0.0,7,0,0.0142656118077488
2400,1520,3.977183414027195e-05,0.21046383213694092,0.0,7,0,0.0142656118077488
2447,7402,5.1045674194071186e-05,0.21499887184115524,0.0,7,0,0.0142656118077488
2448,4653,3.676998776668662e-05,0.20626116131825314,0.0,7,0,0.0142656118077488
2499,482,0.00032810772405223555,0.22592021812577795,0.0,7,0,0.0142656118077488
2844,4165,0.0002031346704620013,0.24408440331721687,0.0,7,0,0.0142656118077488
2848,1077,0.00012624251368066085,0.2155703862903682,0.0,7,0,0.0142656118077488
2902,591,1.79890928631832e-05,0.1913259543709058,0.0,7,0,0.0142656118077488
2903,1635,4.399270804912191e-05,0.20488630865989357,0.0,7,0,0.0142656118077488
3553,2559,2.0984081747462062e-05,0.19437998827039293,0.0,7,0,0.0142656118077488
3664,1255,0.00014021116481620962,0.20792646336806503,0.0,7,0,0.0142656118077488
3838,945,4.0531328906175626e-05,0.20486428379467886,0.0,7,0,0.0142656118077488
3842,2831,0.0005557813796970792,0.2120504047400484,0.0,7,0,0.0142656118077488
4055,5053,5.1262151063217624e-05,0.1970887843218367,0.0,7,0,0.0142656118077488
4190,6352,3.977560521562771e-05,0.19836581748158943,0.0,7,0,0.0142656118077488
5037,1598,0.000359266680761927,0.21677804635290773,0.0,7,0,0.0142656118077488
5238,6329,7.37478218638869e-05,0.20941732369989835,0.0,7,0,0.0142656118077488
5302,1770,5.063593698846963e-05,0.19550665538201123,0.0,7,0,0.0142656118077488
5303,5815,4.0272297759783704e-05,0.19680384158620334,0.0,7,0,0.0142656118077488
5321,2836,3.0568274079076345e-05,0.20686567164179104,0.0,7,0,0.0142656118077488
5322,3138,4.880782160411315e-05,0.21634738186462324,0.0,7,0,0.0142656118077488
5324,3129,2.6111570590334233e-05,0.20510129953991443,0.0,7,0,0.0142656118077488
5962,3692,0.0040335243466572785,0.23790649772174022,0.0,7,0,0.0142656118077488
1,747,6.106805860660887e-05,0.21495643346586582,0.0,8,0,0.0142656118077488
376,397,7.25176998884987e-05,0.2126537785588752,0.0,8,0,0.0142656118077488
453,6300,0.0001375086636576686,0.1983348510472226,0.0,8,0,0.0142656118077488
607,3296,0.0001742677104932114,0.21421345472938796,0.0,8,0,0.0142656118077488
935,7615,9.020658472639122e-05,0.229339029453353,0.0,8,0,0.0142656118077488
1168,1954,7.454778089045969e-05,0.20297148334531512,0.0,8,0,0.0142656118077488
1596,3231,1.4535412843691923e-05,0.19032757415360033,0.0,8,0,0.0142656118077488
1675,5577,7.135553113070505e-05,0.20457290073263024,0.0,8,0,0.0142656118077488
2305,6733,0.00013612344889594376,0.20758107997712605,0.0,8,0,0.0142656118077488
2322,6363,1.8028756806463754e-05,0.18988666085440278,0.0,8,0,0.0142656118077488
2399,461,6.340314311833541e-05,0.21604693345425688,0.0,8,0,0.0142656118077488
2443,2576,7.368046959011809e-05,0.22002539975754776,0.0,8,0,0.0142656118077488
2853,6174,0.00010553702329564203,0.23438076497355798,0.0,8,0,0.0142656118077488
2904,5939,1.2558337363938984e-05,0.18783727176403914,0.0,8,0,0.0142656118077488
2914,2906,0.0001123462010690364,0.19815440603067325,0.0,8,0,0.0142656118077488
4013,3404,4.9903927601971254e-05,0.19772780328379114,0.0,8,0,0.0142656118077488
4044,7374,6.378154509667146e-05,0.19836065573770492,0.0,8,0,0.0142656118077488
4052,4887,4.8320828871639413e-05,0.2076772189832725,0.0,8,0,0.0142656118077488
5087,6411,4.033206551276214e-05,0.21660557497229563,0.0,8,0,0.0142656118077488
5239,6357,3.6244398673433066e-05,0.20144816468909385,0.0,8,0,0.0142656118077488
5240,6903,5.253853034895516e-05,0.20910138248847926,0.0,8,0,0.0142656118077488
5317,4451,9.371092936597458e-05,0.22653115806365337,0.0,8,0,0.0142656118077488
5319,3083,0.00012967925945716794,0.22783107684031204,0.0,8,0,0.0142656118077488
5551,6020,0.00015111613626459243,0.22075815933509021,0.0,8,0,0.0142656118077488
5958,6432,8.358911026726507e-05,0.22400822803408757,0.0,8,0,0.0142656118077488
5993,3655,5.610258423623738e-05,0.21436405050476645,0.0,8,0,0.0142656118077488
268,3155,0.00019795423494231305,0.21467796896561436,0.0,9,0,0.0142656118077488
271,5206,4.7408205002281044e-05,0.20597135909213726,0.0,9,0,0.0142656118077488
1592,876,0.00018938959630276862,0.20366560688236393,0.0,9,0,0.0142656118077488
1677,1326,3.6319225797819e-05,0.1964842642472356,0.0,9,0,0.0142656118077488
1835,3460,1.5361925953519644e-05,0.18891725112140964,0.0,9,0,0.0142656118077488
1837,682,2.4021561760335765e-05,0.19142684948018684,0.0,9,0,0.0142656118077488
1868,312,6.623031866657056e-05,0.21403301886792453,0.0,9,0,0.0142656118077488
2088,375,4.430676816154297e-05,0.2153937441722472,0.0,9,0,0.0142656118077488
2640,1424,6.077946818903483e-05,0.196875,0.0,9,0,0.0142656118077488
2644,4711,0.00046844699241918716,0.2103825136612022,0.0,9,0,0.0142656118077488
2905,3998,1.304269214356386e-05,0.18786504670133328,0.0,9,0,0.0142656118077488
2911,6575,4.9324043127561476e-05,0.19731324739866438,0.0,9,0,0.0142656118077488
2956,6969,0.00014142819402209023,0.21191482263983097,0.0,9,0,0.0142656118077488
3666,1842,1.3944472508780357e-05,0.1920489758899554,0.0,9,0,0.0142656118077488
3800,4865,2.7396463553143163e-05,0.21438213622813432,0.0,9,0,0.0142656118077488
3839,1133,4.9004559898343435e-05,0.20760369291102698,0.0,9,0,0.0142656118077488
4324,6359,0.000633474834015615,0.22967761373907802,0.0,9,0,0.0142656118077488
4772,4088,0.0001207251535931314,0.2037635989414878,0.0,9,0,0.0142656118077488
4850,6967,5.3873445275595344e-05,0.21314729895984788,0.0,9,0,0.0142656118077488
370,6637,4.3420169444223634e-05,0.21654404454165838,0.0,10,0,0.0142656118077488
624,97,5.896028885796861e-05,0.22174064808889407,0.0,10,0,0.0142656118077488
1309,3439,0.0001094829453776991,0.2378025954579486,0.0,10,0,0.0142656118077488
1845,7046,4.925329851734334e-05,0.20576564904040814,0.0,10,0,0.0142656118077488
1851,6845,0.0001900438688860173,0.21574731837092803,0.0,10,0,0.0142656118077488
2754,6770,5.145841050749267e-05,0.21574731837092803,0.0,10,0,0.0142656118077488
2873,3507,4.1797329619275654e-05,0.21968932822271536,0.0,10,0,0.0142656118077488
2908,6755,2.712303787154208e-05,0.1994975268901625,0.0,10,0,0.0142656118077488
2912,1746,0.00010274401774925698,0.2038017324350337,0.0,10,0,0.0142656118077488
3161,1919,2.9785016609978624e-05,0.1949965466963395,0.0,10,0,0.0142656118077488
3274,4243,0.00015308117881356468,0.22366645149932515,0.0,10,0,0.0142656118077488
3552,1232,5.3335359618720074e-05,0.20374726038381355,0.0,10,0,0.0142656118077488
5086,3234,7.95622185148274e-05,0.20952668902204385,0.0,10,0,0.0142656118077488
272,4187,0.00013529107799353522,0.20257234726688103,0.0,11,0,0.0142656118077488
609,7552,0.0001962548902563498,0.22223841870499403,0.0,11,0,0.0142656118077488
874,5430,3.443281278371375e-05,0.2063951914225375,0.0,11,0,0.0142656118077488
877,4701,3.6647432570506944e-05,0.20617190458159787,0.0,11,0,0.0142656118077488
1852,307,5.215136560563279e-05,0.21677188193141103,0.0,11,0,0.0142656118077488
2185,5956,7.353116113046318e-05,0.218668426034824,0.0,11,0,0.0142656118077488
2450,6202,5.764382007001713e-05,0.20975153399554247,0.0,11,0,0.0142656118077488
2756,7294,6.758045822048994e-05,0.2175513698630137,0.0,11,0,0.0142656118077488
3104,1291,5.483704585162838e-05,0.20908417674648236,0.0,11,0,0.0142656118077488
3360,750,9.72102509369431e-05,0.21090637450199204,0.0,11,0,0.0142656118077488
3779,925,4.658033767164224e-05,0.21414725960052813,0.0,11,0,0.0142656118077488
4015,7581,0.00016111264622367075,0.21596736266538233,0.0,11,0,0.0142656118077488
4280,5236,0.0003806285452983565,0.2266591341579448,0.0,11,0,0.0142656118077488
934,2991,3.269635536670714e-05,0.20786409620156518,0.0,12,0,0.0142656118077488
1590,3462,0.001446909811209218,0.22315573770491803,0.0,12,0,0.0142656118077488
1674,980,1.8755861376534457e-05,0.18891725112140964,0.0,12,0,0.0142656118077488
1847,3368,0.0001288774853069524,0.20354596672986036,0.0,12,0,0.0142656118077488
2637,3075,0.00023858458529995964,0.21327849588719153,0.0,12,0,0.0142656118077488
3616,3097,0.0003026553866104776,0.21501100016923338,0.0,12,0,0.0142656118077488
3730,898,9.522125388426177e-05,0.24170075145058498,0.0,12,0,0.0142656118077488
4191,6593,5.411927950342045e-05,0.2014960879678579,0.0,12,0,0.0142656118077488
261,32,0.00011466712784973403,0.20897527276714734,0.0,13,0,0.0142656118077488
274,607,0.00035910798049139137,0.21166768478924863,0.0,13,0,0.0142656118077488
418,3994,8.463203787007995e-05,0.2378396929892983,0.0,13,0,0.0142656118077488
452,6004,0.00019084338591153366,0.1985363058651943,0.0,13,0,0.0142656118077488
611,5832,0.00024951177192877546,0.20594353640416047,0.0,13,0,0.0142656118077488
2751,2193,4.09974069333906e-05,0.210144727773949,0.0,13,0,0.0142656118077488
2861,582,8.510477008276858e-05,0.2130103110067902,0.0,13,0,0.0142656118077488
3782,4842,0.00010788203754747561,0.2299616881353887,0.0,13,0,0.0142656118077488
4454,6852,0.0002875696755431467,0.22764737502239743,0.0,13,0,0.0142656118077488
5652,2659,0.00012516027044742783,0.22083490251745416,0.0,13,0,0.0142656118077488
79,6441,0.0002250784478899484,0.23491525423728812,0.0,14,0,0.0142656118077488
264,2195,0.00042361829460109505,0.21998095402995413,0.0,14,0,0.0142656118077488
379,3128,6.943428608681693e-05,0.21078973564871142,0.0,14,0,0.0142656118077488
384,1789,8.121406511497115e-05,0.21162655117847923,0.0,14,0,0.0142656118077488
1850,2299,9.878713834076566e-05,0.22999637943519188,0.0,14,0,0.0142656118077488
2307,2738,0.00021218251502282793,0.2134935304990758,0.0,14,0,0.0142656118077488
2401,5921,0.00011246725652263692,0.22172129955498676,0.0,14,0,0.0142656118077488
2645,1960,0.0001645282741588459,0.20832422387407085,0.0,14,0,0.0142656118077488
3175,5446,0.00030997426722249443,0.21017369727047147,0.0,14,0,0.0142656118077488
273,1020,0.00023140378507323606,0.21639651403752802,0.0,15,0,0.0142656118077488
876,1624,0.00011052906282612876,0.22818570958182416,0.0,15,0,0.0142656118077488
1594,2036,9.235245594615496e-05,0.20805131004366811,0.0,15,0,0.0142656118077488
1839,2832,0.00011817783227663237,0.23071335613328894,0.0,15,0,0.0142656118077488
2444,2385,9.163351362375885e-05,0.2177875549968573,0.0,15,0,0.0142656118077488
2451,828,0.0001228029712362638,0.22721311475409836,0.0,15,0,0.0142656118077488
2500,4916,7.691494729255301e-05,0.22981609888453422,0.0,15,0,0.0142656118077488
2883,1636,0.00013246240139648142,0.22435105067985167,0.0,15,0,0.0142656118077488
4847,6134,7.976975133025515e-05,0.2208540966508286,0.0,15,0,0.0142656118077488
270,6709,8.701538535532486e-05,0.20222841225626742,0.0,16,0,0.0142656118077488
455,1693,0.00013570244896465825,0.21883163485000717,0.0,16,0,0.0142656118077488
1589,257,0.00013991641665105496,0.21493825071899847,0.0,16,0,0.0142656118077488
1842,2972,0.00021546589128483383,0.21612043547289636,0.0,16,0,0.0142656118077488
1854,661,7.828373961404692e-05,0.22003810183581574,0.0,16,0,0.0142656118077488
2246,5909,6.142907110199312e-05,0.21061501906393326,0.0,16,0,0.0142656118077488
2247,1486,8.974518548802094e-05,0.2181927469445001,0.0,16,0,0.0142656118077488
2442,1536,6.713613845891628e-05,0.21593065745120812,0.0,16,0,0.0142656118077488
2641,594,0.0001195300791503767,0.1985828535702191,0.0,16,0,0.0142656118077488
4576,3247,8.544815416989655e-05,0.20670860675741634,0.0,16,0,0.0142656118077488
606,95,0.00023993762688793166,0.21904542972903077,0.0,17,0,0.0142656118077488
878,4511,0.00011848859270553337,0.22326684825586504,0.0,17,0,0.0142656118077488
2445,3093,0.0006555372354892963,0.22201834862385322,0.0,17,0,0.0142656118077488
2501,566,0.00013430758940642507,0.2345899369133713,0.0,17,0,0.0142656118077488
2753,5993,9.419130644163791e-05,0.22052824948650446,0.0,17,0,0.0142656118077488
3361,2191,0.00019503779749152002,0.21101145989038367,0.0,17,0,0.0142656118077488
262,3136,0.002390885438844136,0.21848041042102548,0.0,18,0,0.0142656118077488
267,1166,0.00010015742970528901,0.2037853877616489,0.0,18,0,0.0142656118077488
621,4126,0.0001449620294653212,0.2165871121718377,0.0,18,0,0.0142656118077488
626,7350,0.00016835365487842234,0.22286867033095545,0.0,18,0,0.0142656118077488
875,6566,4.696913419408761e-05,0.2221153846153846,0.0,18,0,0.0142656118077488
1836,4934,0.00024651190890021435,0.22614809540761838,0.0,18,0,0.0142656118077488
1856,3786,9.150453476218516e-05,0.22443031266560678,0.0,18,0,0.0142656118077488
3550,3809,9.904067502222402e-05,0.21780622303494385,0.0,18,0,0.0142656118077488
4943,3006,7.676895641405046e-05,0.21677188193141103,0.0,18,0,0.0142656118077488
381,6458,9.504949788880849e-05,0.21597960050998724,0.0,19,0,0.0142656118077488
1433,5110,0.004109630775146987,0.255788202134085,0.0,19,0,0.0142656118077488
2299,429,0.0005426610465252222,0.21017369727047147,0.0,19,0,0.0142656118077488
1855,2017,0.0001547434474774348,0.22929763874266806,0.0,20,0,0.0142656118077488
3113,1025,0.00021746898999037986,0.21605305671286454,0.0,20,0,0.0142656118077488
3665,3440,9.719431033675357e-05,0.21185004029680682,0.0,20,0,0.0142656118077488
364,47,0.00013790133550925485,0.22840449438202248,0.0,21,0,0.0142656118077488
367,5378,0.0001237361891020306,0.22586666666666666,0.0,21,0,0.0142656118077488
1846,7015,0.00017960189141322187,0.21964501815248083,0.0,21,0,0.0142656118077488
3105,1262,0.00016089882085495508,0.2427320490367776,0.0,21,0,0.0142656118077488
265,5676,0.0001635872672709158,0.21372697451425687,0.0,22,0,0.0142656118077488
372,2985,9.048325283486271e-05,0.2118618159584225,0.0,22,0,0.0142656118077488
615,2158,0.0002937907347768364,0.22456254050550875,0.0,22,0,0.0142656118077488
1834,306,0.0001021701243409838,0.20884931506849316,0.0,22,0,0.0142656118077488
1843,5790,0.00034842932675013106,0.22976068479112666,0.0,22,0,0.0142656118077488
2309,1305,0.00028396850526284616,0.22096933155545248,0.0,22,0,0.0142656118077488
2636,521,0.00018006145463659836,0.2134815727568052,0.0,22,0,0.0142656118077488
3032,4704,0.00018233159711814796,0.21605918031857604,0.0,22,0,0.0142656118077488
3354,2020,0.001088273231041121,0.24190016818455876,0.0,22,0,0.0142656118077488
3810,3158,0.00012810935450618583,0.22801507537688442,0.0,22,0,0.0142656118077488
2306,6065,0.0012667013399476484,0.22452285579641848,0.0,23,0,0.0142656118077488
2639,5324,0.0003186994105398209,0.2239819004524887,0.0,23,0,0.0142656118077488
2954,6529,0.0034091216075505023,0.23099300021211477,0.0,23,0,0.0142656118077488
614,3757,0.00048460246791297035,0.22070063694267517,0.0,24,0,0.0142656118077488
625,4676,9.898113322879987e-05,0.22237456242707118,0.0,24,0,0.0142656118077488
2757,1471,9.919708196283946e-05,0.22531922440293214,0.0,24,0,0.0142656118077488
628,5892,0.00016295077141086856,0.2413105413105413,0.0,25,0,0.0142656118077488
1848,3437,0.00015168858316576877,0.22234213212775267,0.0,25,0,0.0142656118077488
363,2414,3.012775877028484e-05,0.18803186897215166,0.0,26,0,0.0142656118077488
383,6876,0.00044750708882574524,0.24137166740548413,0.0,26,0,0.0142656118077488
2446,4636,7.640118266970379e-05,0.21111665004985045,0.0,26,0,0.0142656118077488
612,4330,0.0002515826630590506,0.21473239436619718,0.0,27,0,0.0142656118077488
1499,2896,0.00026782171173758663,0.21653789342120214,0.0,27,0,0.0142656118077488
1672,1008,0.00025679280116166917,0.21406307039959563,0.0,27,0,0.0142656118077488
1869,2056,0.0004381502714088068,0.2260542079354724,0.0,27,0,0.0142656118077488
610,3430,0.0003442659106557332,0.22443031266560678,0.0,28,0,0.0142656118077488
2752,7256,0.00015838200994234894,0.23267100082410036,0.0,28,0,0.0142656118077488
373,538,0.00013771751741555068,0.22740289958833004,0.0,29,0,0.0142656118077488
366,7489,0.00016057385278519075,0.22725375626043406,0.0,30,0,0.0142656118077488
2047,6419,0.00024009856715021476,0.23639408317052749,0.0,30,0,0.0142656118077488
2441,471,0.00016881167987392476,0.2264369523243725,0.0,30,0,0.0142656118077488
2449,4720,0.00016558756897981162,0.23344766337967784,0.0,30,0,0.0142656118077488
4577,2424,0.0003196995917190291,0.23173030155642024,0.0,30,0,0.0142656118077488
1170,1610,0.00025615500482199707,0.228486646884273,0.0,32,0,0.0142656118077488
382,6991,0.0001238472307421946,0.22238753719586907,0.0,33,0,0.0142656118077488
613,2347,0.00012244530437149445,0.2180928675650159,0.0,33,0,0.0142656118077488
2885,3632,0.00019183228397447085,0.23309075342465754,0.0,33,0,0.0142656118077488
375,5314,0.00018593852107367945,0.2321042535700149,0.0,35,0,0.0142656118077488
618,5876,0.0004991877342118636,0.23910043284612006,0.0,36,0,0.0142656118077488
1591,5065,0.0002593041013319241,0.228472950696838,0.0,38,0,0.0142656118077488
1712,3210,0.00044084110722127773,0.25919755185311116,0.0,38,0,0.0142656118077488
368,6427,0.0002657507832693798,0.24105872308130158,0.0,39,0,0.0142656118077488
374,3181,0.0010124337589489452,0.2597097301717089,0.0,39,0,0.0142656118077488
2646,6378,0.000909621860899412,0.22647058823529412,0.0,41,0,0.0142656118077488
377,4657,0.0002081972595465125,0.23230938014262206,0.0,43,0,0.0142656118077488
620,5277,0.0003309333376177866,0.23195593962999025,0.0,44,0,0.0142656118077488
385,6207,0.0002119170979351885,0.22340425531914893,0.0,45,0,0.0142656118077488
608,5610,0.0003522382979513021,0.23158246498769633,0.0,46,0,0.0142656118077488
619,7352,0.004885054489980574,0.2430416068866571,0.0,48,0,0.0142656118077488
1305,4359,0.0011616468248583389,0.23924300913285002,0.0,48,0,0.0142656118077488
2001,1721,0.00039597498388243375,0.23045528750226738,0.0,48,0,0.0142656118077488
380,3833,0.00042309113072013936,0.2353504167953072,0.0,50,0,0.0142656118077488
369,3845,0.0004788798966701523,0.2491502157144725,0.0,52,0,0.0142656118077488
378,4146,0.0003034775461555781,0.2601528905876732,0.0,52,0,0.0142656118077488
371,6408,0.0003427076996499701,0.23700410396716826,0.0,53,0,0.0142656118077488
1593,3822,0.0004529355835216503,0.24544400798506022,0.0,56,0,0.0142656118077488
43,5454,0.0023966447264894553,0.27982526980397915,0.0,72,0,0.0142656118077488
530,3855,0.0005350529791135911,0.2498115680812715,0.0,73,0,0.0142656118077488
1167,7162,0.0005971287832967844,0.23887565805966407,0.0,77,0,0.0142656118077488
365,1792,0.00044527392304072506,0.25697815533980584,0.0,81,0,0.0142656118077488
5,580,3.392064517517703e-06,0.17398151318041766,0.0,1,1,0.0070205634568348
316,37,2.0114759422100175e-06,0.18265244998202948,0.0,1,1,0.0070205634568348
622,96,6.958780623546951e-06,0.1960295214338982,0.0,1,1,0.0070205634568348
881,1412,4.726298293213959e-09,0.14103085917264857,0.0,1,1,0.0070205634568348
882,1750,4.726298293213959e-09,0.14103085917264857,0.0,1,1,0.0070205634568348
932,4362,4.375253663538894e-08,0.16110148357918763,0.0,1,1,0.0070205634568348
1078,154,1.1405653888701779e-06,0.18538874972640385,0.0,1,1,0.0070205634568348
1206,180,1.1384587841038752e-06,0.18001275178879259,0.0,1,1,0.0070205634568348
1262,189,6.958780623546951e-06,0.1960295214338982,0.0,1,1,0.0070205634568348
1484,6224,9.68193312301924e-09,0.14311192881012277,0.0,1,1,0.0070205634568348
1485,1460,9.68193312301924e-09,0.14311192881012277,0.0,1,1,0.0070205634568348
1662,276,6.958780623546951e-06,0.1960295214338982,0.0,1,1,0.0070205634568348
1862,4276,1.8435688917544314e-08,0.14500665778961386,0.0,1,1,0.0070205634568348
1936,330,2.3549367732228666e-07,0.1688671303885517,0.0,1,1,0.0070205634568348
2003,3728,2.9526837319566858e-08,0.1483016225049609,0.0,1,1,0.0070205634568348
2485,745,1.3949851700623408e-09,0.13484398216939078,0.0,1,1,0.0070205634568348
2498,481,2.0667571075085548e-07,0.1642498545603413,0.0,1,1,0.0070205634568348
2598,510,1.1384587841038752e-06,0.18001275178879259,0.0,1,1,0.0070205634568348
2876,7453,1.2305759304999545e-06,0.1768759571209801,0.0,1,1,0.0070205634568348
2982,5965,1.6312596541058773e-06,0.17900248908091862,0.0,1,1,0.0070205634568348
2983,616,8.190480393827809e-07,0.17777104078729508,0.0,1,1,0.0070205634568348
3107,663,9.754171406291322e-07,0.1746231731341916,0.0,1,1,0.0070205634568348
3306,731,3.2630342288924576e-07,0.16992109134679684,0.0,1,1,0.0070205634568348
3445,783,8.158130112511346e-09,0.14572739437965973,0.0,1,1,0.0070205634568348
3651,871,1.803943643957342e-07,0.16391080912550798,0.0,1,1,0.0070205634568348
3653,872,6.958780623546951e-06,0.1960295214338982,0.0,1,1,0.0070205634568348
3708,892,4.066111641613788e-08,0.15598207525935626,0.0,1,1,0.0070205634568348
3759,915,5.765618490289493e-06,0.1753784567247964,0.0,1,1,0.0070205634568348
3887,6093,3.317562062074688e-07,0.1649785742111414,0.0,1,1,0.0070205634568348
3958,992,3.48484268137967e-08,0.15931034482758621,0.0,1,1,0.0070205634568348
3984,6629,3.0622842914071686e-08,0.15279002645714743,0.0,1,1,0.0070205634568348
4100,1052,9.099895690678521e-07,0.18049438840744425,0.0,1,1,0.0070205634568348
4128,1061,3.6697405715199275e-09,0.13492274199543355,0.0,1,1,0.0070205634568348
4135,3363,1.260576295111772e-07,0.16064316270836407,0.0,1,1,0.0070205634568348
4161,1079,1.1951066648604804e-07,0.17037682714228242,0.0,1,1,0.0070205634568348
4199,6771,2.1634348314364003e-07,0.16850505095161256,0.0,1,1,0.0070205634568348
4200,4619,2.1634348314364003e-07,0.16850505095161256,0.0,1,1,0.0070205634568348
4259,1124,6.958780623546951e-06,0.1960295214338982,0.0,1,1,0.0070205634568348
4294,1144,9.986855099948199e-09,0.15133107021618725,0.0,1,1,0.0070205634568348
4380,1191,3.889322076494588e-06,0.18773550055411894,0.0,1,1,0.0070205634568348
4422,1217,1.1915337637902666e-06,0.17569374020466488,0.0,1,1,0.0070205634568348
4431,2937,4.900674715462985e-06,0.18181601354735613,0.0,1,1,0.0070205634568348
4609,1323,1.713853001946447e-08,0.15289728623864252,0.0,1,1,0.0070205634568348
4650,3292,7.886587118089765e-06,0.19415720034639092,0.0,1,1,0.0070205634568348
4712,4514,3.833752124850846e-06,0.1926605504587156,0.0,1,1,0.0070205634568348
4743,6628,2.805893991143943e-07,0.1668782837127846,0.0,1,1,0.0070205634568348
4744,7582,2.805893991143943e-07,0.1668782837127846,0.0,1,1,0.0070205634568348
4790,1433,1.3284443455293757e-08,0.14611285747144062,0.0,1,1,0.0070205634568348
4875,1487,2.726101819619402e-06,0.17958866350978867,0.0,1,1,0.0070205634568348
4896,5085,1.2408082715630546e-06,0.17956751154244793,0.0,1,1,0.0070205634568348
4981,2198,5.765618490289493e-06,0.1753784567247964,0.0,1,1,0.0070205634568348
5005,1579,6.958780623546951e-06,0.1960295214338982,0.0,1,1,0.0070205634568348
5028,4498,1.2736258603356663e-07,0.15107015457788348,0.0,1,1,0.0070205634568348
5078,1623,9.579745109391117e-06,0.18117216465443484,0.0,1,1,0.0070205634568348
5080,7408,6.398188419176011e-09,0.14858780188293083,0.0,1,1,0.0070205634568348
5117,1656,6.958780623546951e-06,0.1960295214338982,0.0,1,1,0.0070205634568348
5122,1659,3.434793936359331e-07,0.17131107016045666,0.0,1,1,0.0070205634568348
5209,1703,6.958780623546951e-06,0.1960295214338982,0.0,1,1,0.0070205634568348
5275,1748,6.958780623546951e-06,0.1960295214338982,0.0,1,1,0.0070205634568348
5299,3243,4.484920506621834e-08,0.15548892424427854,0.0,1,1,0.0070205634568348
5316,1788,1.1384587841038752e-06,0.18001275178879259,0.0,1,1,0.0070205634568348
5368,1807,6.958780623546951e-06,0.1960295214338982,0.0,1,1,0.0070205634568348
5378,2135,2.6338040598776266e-07,0.16884094885822498,0.0,1,1,0.0070205634568348
5438,3116,2.726101819619402e-06,0.17958866350978867,0.0,1,1,0.0070205634568348
5510,1908,4.974906920879628e-07,0.17163507002296574,0.0,1,1,0.0070205634568348
5609,1983,1.9785409373900345e-06,0.17873807123261976,0.0,1,1,0.0070205634568348
5661,2027,6.958780623546951e-06,0.1960295214338982,0.0,1,1,0.0070205634568348
5675,2038,6.958780623546951e-06,0.1960295214338982,0.0,1,1,0.0070205634568348
5720,2092,6.958780623546951e-06,0.1960295214338982,0.0,1,1,0.0070205634568348
5724,2098,9.005223739986185e-06,0.18794378698224853,0.0,1,1,0.0070205634568348
5732,2106,6.958780623546951e-06,0.1960295214338982,0.0,1,1,0.0070205634568348
5735,2116,8.00218722055375e-08,0.14778697582443148,0.0,1,1,0.0070205634568348
5739,2119,1.287243964820884e-06,0.1784744334144971,0.0,1,1,0.0070205634568348
5758,3456,3.425150075961945e-06,0.19071326711866102,0.0,1,1,0.0070205634568348
5759,2148,3.425150075961945e-06,0.19071326711866102,0.0,1,1,0.0070205634568348
5813,2181,1.3648881493322772e-06,0.18218536398833707,0.0,1,1,0.0070205634568348
5832,2379,3.751674278427685e-08,0.1545181821867272,0.0,1,1,0.0070205634568348
5834,2202,4.622038936829648e-06,0.17304549169163716,0.0,1,1,0.0070205634568348
5882,2258,1.5178916966233905e-06,0.1764256619144603,0.0,1,1,0.0070205634568348
5889,2268,6.958780623546951e-06,0.1960295214338982,0.0,1,1,0.0070205634568348
5903,2282,6.958780623546951e-06,0.1960295214338982,0.0,1,1,0.0070205634568348
5904,2283,4.410210734056365e-07,0.1731673519456623,0.0,1,1,0.0070205634568348
5907,2287,1.1499388985579746e-13,0.10041626050530864,0.0,1,1,0.0070205634568348
5923,2310,2.196583211778398e-07,0.16549792666246935,0.0,1,1,0.0070205634568348
5936,2324,4.385113484846717e-06,0.18573203713178862,0.0,1,1,0.0070205634568348
5971,2353,2.4761547908744837e-07,0.1690318861146836,0.0,1,1,0.0070205634568348
5992,7539,2.3921305258789787e-07,0.16013696615759512,0.0,1,1,0.0070205634568348
6003,2395,1.3401201895630096e-06,0.17120718697361034,0.0,1,1,0.0070205634568348
6062,2457,2.020911210427396e-07,0.1646471846044191,0.0,1,1,0.0070205634568348
6069,2464,6.958780623546951e-06,0.1960295214338982,0.0,1,1,0.0070205634568348
6087,2490,2.638981374807458e-06,0.18410819949281487,0.0,1,1,0.0070205634568348
6161,2554,4.862008613604505e-07,0.1762543352601156,0.0,1,1,0.0070205634568348
6175,2866,3.528585878978616e-07,0.17063616421184583,0.0,1,1,0.0070205634568348
6219,3658,3.1946367008912303e-06,0.17049495649840085,0.0,1,1,0.0070205634568348
6224,6375,7.513635161577098e-06,0.19036084405044326,0.0,1,1,0.0070205634568348
6225,4781,7.513635161577098e-06,0.19036084405044326,0.0,1,1,0.0070205634568348
6235,5975,2.4761547908744837e-07,0.1690318861146836,0.0,1,1,0.0070205634568348
6237,3739,2.4761547908744837e-07,0.1690318861146836,0.0,1,1,0.0070205634568348
6272,4689,9.005223739986185e-06,0.18794378698224853,0.0,1,1,0.0070205634568348
6387,2859,2.0621151187439136e-06,0.18565061737415064,0.0,1,1,0.0070205634568348
6402,2869,6.958780623546951e-06,0.1960295214338982,0.0,1,1,0.0070205634568348
6436,2925,7.600197055694212e-07,0.17338397852886323,0.0,1,1,0.0070205634568348
6471,4471,1.344291203789822e-06,0.1894854586129754,0.0,1,1,0.0070205634568348
6489,3025,8.918131351738982e-07,0.17910763374920702,0.0,1,1,0.0070205634568348
6518,4740,8.064614576643575e-08,0.16178873867181698,0.0,1,1,0.0070205634568348
6522,3068,8.00218722055375e-08,0.14778697582443148,0.0,1,1,0.0070205634568348
6564,3122,5.5271540132831734e-06,0.18603118822754228,0.0,1,1,0.0070205634568348
6584,3167,2.0114759422100175e-06,0.18265244998202948,0.0,1,1,0.0070205634568348
6585,3168,1.355166340651009e-07,0.1592737301769708,0.0,1,1,0.0070205634568348
6654,3299,2.154022791866304e-07,0.16395663956639567,0.0,1,1,0.0070205634568348
6733,3443,1.309454782048399e-07,0.1600092357423228,0.0,1,1,0.0070205634568348
6771,3489,1.3648881493322772e-06,0.18218536398833707,0.0,1,1,0.0070205634568348
6777,3506,6.958780623546951e-06,0.1960295214338982,0.0,1,1,0.0070205634568348
6811,3541,2.0082153487270027e-07,0.1565973006840732,0.0,1,1,0.0070205634568348
6852,7596,2.9569563556253924e-06,0.1903560904959297,0.0,1,1,0.0070205634568348
6866,4347,2.1194019826134053e-09,0.13697620930065407,0.0,1,1,0.0070205634568348
6867,5716,4.847863757806154e-06,0.17012966723949383,0.0,1,1,0.0070205634568348
6871,3635,6.958780623546951e-06,0.1960295214338982,0.0,1,1,0.0070205634568348
6882,6679,7.593193731735455e-06,0.18979683298476246,0.0,1,1,0.0070205634568348
6937,3797,9.579745109391117e-06,0.18117216465443484,0.0,1,1,0.0070205634568348
6953,5742,6.908791093352353e-08,0.15833748753738783,0.0,1,1,0.0070205634568348
6989,3930,8.962873815539792e-09,0.14384104460714017,0.0,1,1,0.0070205634568348
7052,5620,9.986855099948199e-09,0.15133107021618725,0.0,1,1,0.0070205634568348
7053,4342,9.986855099948199e-09,0.15133107021618725,0.0,1,1,0.0070205634568348
7054,5545,9.986855099948199e-09,0.15133107021618725,0.0,1,1,0.0070205634568348
7055,4096,1.8329436767842973e-06,0.1855286214953271,0.0,1,1,0.0070205634568348
7062,5272,3.889322076494588e-06,0.18773550055411894,0.0,1,1,0.0070205634568348
7066,4140,6.958780623546951e-06,0.1960295214338982,0.0,1,1,0.0070205634568348
7088,4215,6.958780623546951e-06,0.1960295214338982,0.0,1,1,0.0070205634568348
7089,4222,6.958780623546951e-06,0.1960295214338982,0.0,1,1,0.0070205634568348
7095,5286,1.1384587841038752e-06,0.18001275178879259,0.0,1,1,0.0070205634568348
7115,4294,6.958780623546951e-06,0.1960295214338982,0.0,1,1,0.0070205634568348
7138,4345,1.3401201895630096e-06,0.17120718697361034,0.0,1,1,0.0070205634568348
7149,4363,6.958780623546951e-06,0.1960295214338982,0.0,1,1,0.0070205634568348
7188,4510,1.1499388985579746e-13,0.10041626050530864,0.0,1,1,0.0070205634568348
7193,4529,6.958780623546951e-06,0.1960295214338982,0.0,1,1,0.0070205634568348
7196,4535,9.712731131392904e-05,0.19168678334339168,0.0,1,1,0.0070205634568348
7208,4566,2.2814567974113902e-10,0.12222026262205192,0.0,1,1,0.0070205634568348
7232,4641,6.958780623546951e-06,0.1960295214338982,0.0,1,1,0.0070205634568348
7235,6307,7.653167210525148e-08,0.1598850622928814,0.0,1,1,0.0070205634568348
7245,6844,3.6906549079945663e-06,0.1832804385458742,0.0,1,1,0.0070205634568348
7253,4722,6.958780623546951e-06,0.1960295214338982,0.0,1,1,0.0070205634568348
7290,4867,6.958780623546951e-06,0.1960295214338982,0.0,1,1,0.0070205634568348
7291,6257,6.958780623546951e-06,0.1960295214338982,0.0,1,1,0.0070205634568348
7294,6189,6.958780623546951e-06,0.1960295214338982,0.0,1,1,0.0070205634568348
7295,6203,6.958780623546951e-06,0.1960295214338982,0.0,1,1,0.0070205634568348
7296,7241,6.958780623546951e-06,0.1960295214338982,0.0,1,1,0.0070205634568348
7297,6526,6.958780623546951e-06,0.1960295214338982,0.0,1,1,0.0070205634568348
7298,5504,6.958780623546951e-06,0.1960295214338982,0.0,1,1,0.0070205634568348
7299,5782,6.958780623546951e-06,0.1960295214338982,0.0,1,1,0.0070205634568348
7301,7197,6.958780623546951e-06,0.1960295214338982,0.0,1,1,0.0070205634568348
7302,7603,6.958780623546951e-06,0.1960295214338982,0.0,1,1,0.0070205634568348
7303,5558,6.958780623546951e-06,0.1960295214338982,0.0,1,1,0.0070205634568348
7304,6588,6.958780623546951e-06,0.1960295214338982,0.0,1,1,0.0070205634568348
7305,6594,6.958780623546951e-06,0.1960295214338982,0.0,1,1,0.0070205634568348
7306,6596,6.958780623546951e-06,0.1960295214338982,0.0,1,1,0.0070205634568348
7314,5808,5.2059513150093235e-09,0.13540204976997816,0.0,1,1,0.0070205634568348
7334,5275,9.224007754447014e-07,0.17249338130473152,0.0,1,1,0.0070205634568348
7349,4920,4.622038936829648e-06,0.17304549169163716,0.0,1,1,0.0070205634568348
7350,4921,4.512526189996676e-07,0.16307277628032346,0.0,1,1,0.0070205634568348
7352,7570,4.952965266966551e-07,0.17060179486605645,0.0,1,1,0.0070205634568348
7359,6336,1.108321418745013e-07,0.15945697192820985,0.0,1,1,0.0070205634568348
7360,5016,2.1103977165795725e-07,0.16675051952313244,0.0,1,1,0.0070205634568348
7372,5021,4.377261047824143e-07,0.16938870741950537,0.0,1,1,0.0070205634568348
7399,5512,2.254530444104249e-06,0.17925082888517882,0.0,1,1,0.0070205634568348
7421,5255,1.9338272154124698e-07,0.1648144945083456,0.0,1,1,0.0070205634568348
7429,5288,5.44821605093642e-08,0.15783589042797688,0.0,1,1,0.0070205634568348
7446,5408,1.1513007758372836e-09,0.1332762207808102,0.0,1,1,0.0070205634568348
7465,6422,5.233978812353296e-11,0.1211692522889115,0.0,1,1,0.0070205634568348
7469,6324,3.1111966051825926e-08,0.14685314685314685,0.0,1,1,0.0070205634568348
7471,5506,1.2346597162455103e-05,0.1893771892778178,0.0,1,1,0.0070205634568348
7496,5913,8.034351582304297e-07,0.17764261744966442,0.0,1,1,0.0070205634568348
7503,5772,4.385113484846717e-06,0.18573203713178862,0.0,1,1,0.0070205634568348
7529,5952,6.912054447659837e-07,0.16765637371338085,0.0,1,1,0.0070205634568348
7563,7510,1.3289003328763854e-06,0.1709537799107443,0.0,1,1,0.0070205634568348
7578,6401,1.1366317237467966e-06,0.1715693997434224,0.0,1,1,0.0070205634568348
7589,6531,3.6697405715199275e-09,0.13492274199543355,0.0,1,1,0.0070205634568348
7590,6986,8.378643037846812e-07,0.1769457533483438,0.0,1,1,0.0070205634568348
7596,6643,6.598681128055796e-08,0.15793726432685534,0.0,1,1,0.0070205634568348
7600,6686,3.217031583448618e-08,0.14911388443331638,0.0,1,1,0.0070205634568348
7602,6790,1.3648881493322772e-06,0.18218536398833707,0.0,1,1,0.0070205634568348
7603,7343,7.541297182051318e-07,0.15587681989203336,0.0,1,1,0.0070205634568348
914,4684,1.5577616298161592e-06,0.1753058596265293,0.0,2,1,0.0070205634568348
1099,160,8.1390013859518e-05,0.20422761613888443,0.0,2,1,0.0070205634568348
1277,194,1.0399675009478248e-07,0.1626934158574325,0.0,2,1,0.0070205634568348
1498,235,7.0076597098473905e-06,0.18352312396176904,0.0,2,1,0.0070205634568348
1666,5601,2.307538061793231e-06,0.1843040545441358,0.0,2,1,0.0070205634568348
1860,309,7.116412437353616e-07,0.16959597757408562,0.0,2,1,0.0070205634568348
1973,340,2.7924244928521576e-06,0.185141108466508,0.0,2,1,0.0070205634568348
1976,6102,7.642393662690842e-06,0.1890390576565406,0.0,2,1,0.0070205634568348
2002,348,1.1397738011134383e-06,0.17412060301507537,0.0,2,1,0.0070205634568348
2073,373,6.089713922659606e-07,0.17613216266173753,0.0,2,1,0.0070205634568348
2233,2810,3.094674931627315e-07,0.17155395521548328,0.0,2,1,0.0070205634568348
2365,445,2.1685504696050586e-06,0.18170766590389015,0.0,2,1,0.0070205634568348
2496,6822,3.803758226743018e-06,0.19104305548594055,0.0,2,1,0.0070205634568348
2505,2477,1.878560157608221e-07,0.16536509176103084,0.0,2,1,0.0070205634568348
2601,512,9.799107732351833e-07,0.17976229778804886,0.0,2,1,0.0070205634568348
2827,1456,1.7660146984960512e-05,0.19403364980782448,0.0,2,1,0.0070205634568348
2967,1961,5.837385632208941e-07,0.1774441340782123,0.0,2,1,0.0070205634568348
2980,6885,2.4778847031752843e-06,0.18135319027453967,0.0,2,1,0.0070205634568348
3009,7119,1.212544381396314e-06,0.18354963762009102,0.0,2,1,0.0070205634568348
3089,655,4.607031366369395e-06,0.19600431965442763,0.0,2,1,0.0070205634568348
3102,3271,1.6756858737500424e-06,0.18238587424633937,0.0,2,1,0.0070205634568348
3185,692,4.264105769563225e-06,0.18927374301675978,0.0,2,1,0.0070205634568348
3195,697,5.851574764094762e-06,0.1762095189662745,0.0,2,1,0.0070205634568348
3201,3827,6.600928151821464e-09,0.14367296166459345,0.0,2,1,0.0070205634568348
3208,7559,2.938358920319525e-07,0.17530182821662643,0.0,2,1,0.0070205634568348
3319,735,2.6502788561158138e-06,0.1910765760120316,0.0,2,1,0.0070205634568348
3320,7419,7.027438415608721e-06,0.19650452401206403,0.0,2,1,0.0070205634568348
3330,737,6.432015444797733e-07,0.17636851603350145,0.0,2,1,0.0070205634568348
3496,802,2.0233184280545194e-05,0.20289585052300976,0.0,2,1,0.0070205634568348
3652,5175,6.963453897354337e-06,0.19603960396039605,0.0,2,1,0.0070205634568348
3756,911,1.257066710663737e-05,0.19106699751861042,0.0,2,1,0.0070205634568348
3830,941,6.9019856166832876e-06,0.1882919599851797,0.0,2,1,0.0070205634568348
3831,2919,0.00021054586306924004,0.20336676982179064,0.0,2,1,0.0070205634568348
3877,4753,2.0417348679325484e-06,0.18453605751773222,0.0,2,1,0.0070205634568348
3881,3883,1.0526238948905925e-05,0.1970887843218367,0.0,2,1,0.0070205634568348
3886,7496,4.3314669766029566e-07,0.16738395327390101,0.0,2,1,0.0070205634568348
3945,986,5.793010472497093e-06,0.1767119477027215,0.0,2,1,0.0070205634568348
3959,4262,1.3451939827695434e-06,0.18949487918862484,0.0,2,1,0.0070205634568348
4124,1058,1.8431874626471698e-06,0.1860448089032069,0.0,2,1,0.0070205634568348
4129,1062,7.591719694736437e-06,0.19666167896393374,0.0,2,1,0.0070205634568348
4133,3290,1.9381479724906867e-06,0.1847059678709021,0.0,2,1,0.0070205634568348
4136,2471,3.2623477115004387e-07,0.16953939906145052,0.0,2,1,0.0070205634568348
4269,3796,7.495153315514088e-07,0.16784463967236937,0.0,2,1,0.0070205634568348
4300,1148,5.683174201402135e-07,0.1699438202247191,0.0,2,1,0.0070205634568348
4320,1153,1.0554687917216371e-05,0.1883896797153025,0.0,2,1,0.0070205634568348
4386,3284,9.011162903597883e-08,0.15891181988742964,0.0,2,1,0.0070205634568348
4586,5507,3.2067627882617243e-06,0.19141723583768583,0.0,2,1,0.0070205634568348
4649,6646,7.967602143714083e-06,0.19562204886060358,0.0,2,1,0.0070205634568348
4715,6889,4.780883658799075e-06,0.1934673366834171,0.0,2,1,0.0070205634568348
4742,3059,4.792184692865039e-07,0.17766331833966487,0.0,2,1,0.0070205634568348
4745,6540,4.5771978964463536e-05,0.21496249506514015,0.0,2,1,0.0070205634568348
4746,3149,3.6393487747844964e-07,0.1715423736441784,0.0,2,1,0.0070205634568348
4879,4196,3.5871335632184335e-06,0.18845022372747275,0.0,2,1,0.0070205634568348
4980,1843,5.914972361897706e-06,0.17775445960125918,0.0,2,1,0.0070205634568348
4998,5763,3.472627699981411e-07,0.16809631965423713,0.0,2,1,0.0070205634568348
5000,2619,3.472627699981411e-07,0.16809631965423713,0.0,2,1,0.0070205634568348
5008,5046,1.1348841254811611e-07,0.164218009478673,0.0,2,1,0.0070205634568348
5107,1648,7.043602558619714e-06,0.1961354397159471,0.0,2,1,0.0070205634568348
5266,4181,3.506262900263591e-07,0.1716775893520708,0.0,2,1,0.0070205634568348
5267,1992,2.1404196395036832e-07,0.16872136517562691,0.0,2,1,0.0070205634568348
5300,7458,8.720846085263227e-07,0.1800425129900803,0.0,2,1,0.0070205634568348
5604,4923,3.9849351451850005e-07,0.16402013942680094,0.0,2,1,0.0070205634568348
5656,2920,7.018442852717059e-06,0.19645894541518477,0.0,2,1,0.0070205634568348
5762,6226,3.6817643583811912e-06,0.1927969852550646,0.0,2,1,0.0070205634568348
5764,5464,1.4818645803902052e-05,0.20007348888480617,0.0,2,1,0.0070205634568348
5769,6019,0.0001185640766002271,0.1979126100163564,0.0,2,1,0.0070205634568348
5829,3425,9.633417085481786e-06,0.1962515768606956,0.0,2,1,0.0070205634568348
5830,3618,2.7763908262810046e-06,0.16784094411907174,0.0,2,1,0.0070205634568348
5894,4731,4.6722850635690063e-07,0.16551589369463263,0.0,2,1,0.0070205634568348
5917,2297,9.319020078579036e-06,0.19731835477441564,0.0,2,1,0.0070205634568348
5948,2335,1.4259897906466427e-06,0.18122815776335496,0.0,2,1,0.0070205634568348
6079,2479,3.636016762706896e-06,0.18681991961572395,0.0,2,1,0.0070205634568348
6148,2539,7.427936329502959e-06,0.19712955779674166,0.0,2,1,0.0070205634568348
6179,2574,3.2299475847331587e-06,0.1815432245772803,0.0,2,1,0.0070205634568348
6218,5518,4.5489051891573235e-06,0.20122482379959347,0.0,2,1,0.0070205634568348
6271,5641,9.017327703144299e-06,0.18801795580110497,0.0,2,1,0.0070205634568348
6336,5322,2.3615097915458596e-06,0.1855783041604791,0.0,2,1,0.0070205634568348
6470,4302,8.384326904891703e-06,0.19996852128747933,0.0,2,1,0.0070205634568348
6511,3049,1.0907874413350512e-06,0.16964126758055903,0.0,2,1,0.0070205634568348
6515,3055,0.00019225360166498092,0.1941423659747867,0.0,2,1,0.0070205634568348
6565,3123,5.130844951902031e-06,0.17729968601000115,0.0,2,1,0.0070205634568348
6598,4889,1.2939847713890983e-06,0.1793225123500353,0.0,2,1,0.0070205634568348
6602,3197,1.235539796808534e-05,0.18943366218533336,0.0,2,1,0.0070205634568348
6604,3200,7.901594070643301e-06,0.1921167368129237,0.0,2,1,0.0070205634568348
6626,3241,8.949929953665305e-06,0.19914313331069255,0.0,2,1,0.0070205634568348
6645,4076,2.5725487100331887e-06,0.16692578886285503,0.0,2,1,0.0070205634568348
6651,3288,2.177170007562468e-06,0.18420607495831623,0.0,2,1,0.0070205634568348
6653,5280,5.2228445674709966e-08,0.15602038519003664,0.0,2,1,0.0070205634568348
6656,3684,2.9049182274822353e-07,0.17007652662814307,0.0,2,1,0.0070205634568348
6684,3357,1.3063451260865826e-05,0.20611615833874108,0.0,2,1,0.0070205634568348
6689,3369,7.1438482617491724e-06,0.196034562567505,0.0,2,1,0.0070205634568348
6690,3563,7.143848261751369e-06,0.196034562567505,0.0,2,1,0.0070205634568348
6766,3484,5.4399742906427494e-08,0.1533555966846383,0.0,2,1,0.0070205634568348
6767,7345,5.439974290669408e-08,0.1533555966846383,0.0,2,1,0.0070205634568348
6776,3501,3.848324941167691e-06,0.18391276025959613,0.0,2,1,0.0070205634568348
6793,3771,4.923971263853867e-05,0.2112219451371571,0.0,2,1,0.0070205634568348
6875,5341,3.775963411257414e-07,0.1699665551839465,0.0,2,1,0.0070205634568348
6920,4286,5.921058586957547e-06,0.190436933223413,0.0,2,1,0.0070205634568348
6922,7455,4.457238098704547e-07,0.1716002971433717,0.0,2,1,0.0070205634568348
6945,6580,1.7111781119051237e-10,0.12563865906319016,0.0,2,1,0.0070205634568348
7096,6248,9.826577009803299e-05,0.1970633094641057,0.0,2,1,0.0070205634568348
7097,6996,1.169870806960536e-06,0.1807983302895904,0.0,2,1,0.0070205634568348
7113,6778,1.0348087707196006e-05,0.1855512012267848,0.0,2,1,0.0070205634568348
7209,6981,8.80671594380185e-09,0.13923541982501964,0.0,2,1,0.0070205634568348
7260,4742,6.805475885355154e-07,0.17450724538149853,0.0,2,1,0.0070205634568348
7261,7111,6.056928276741012e-08,0.15651370495842315,0.0,2,1,0.0070205634568348
7293,5406,7.083205781487778e-06,0.19644881970930833,0.0,2,1,0.0070205634568348
7300,5273,7.215394905966036e-06,0.1964032669466416,0.0,2,1,0.0070205634568348
7313,4824,2.0095639959541107e-07,0.1566037348234279,0.0,2,1,0.0070205634568348
7382,5481,2.0203829878172857e-09,0.13787303309820945,0.0,2,1,0.0070205634568348
7420,5588,1.3624264001495949e-05,0.2000367376928729,0.0,2,1,0.0070205634568348
7430,6045,8.509843030621416e-07,0.1809356530820536,0.0,2,1,0.0070205634568348
7445,5365,4.444168695526146e-08,0.15376701966717096,0.0,2,1,0.0070205634568348
7447,7577,1.7143548308616183e-06,0.18169467286378263,0.0,2,1,0.0070205634568348
7449,6456,0.0010487423494661102,0.20389440179741622,0.0,2,1,0.0070205634568348
7468,5499,1.2009618038104823e-06,0.17212726082146002,0.0,2,1,0.0070205634568348
7472,5515,9.40997478830123e-06,0.20047337278106508,0.0,2,1,0.0070205634568348
179,7185,9.411228210378455e-06,0.1990963226076055,0.0,3,1,0.0070205634568348
408,53,1.143000733523156e-06,0.18701700154559506,0.0,3,1,0.0070205634568348
528,2447,4.202311269518629e-06,0.18865076222530192,0.0,3,1,0.0070205634568348
879,117,1.824411775854838e-07,0.16418264053413742,0.0,3,1,0.0070205634568348
880,3800,7.033010915785352e-06,0.19640832732144697,0.0,3,1,0.0070205634568348
929,124,1.68890404515979e-06,0.19203446191051995,0.0,3,1,0.0070205634568348
939,700,2.546331773011342e-07,0.16774491682070242,0.0,3,1,0.0070205634568348
1234,186,5.4607906422584704e-06,0.18475968879517196,0.0,3,1,0.0070205634568348
1235,6704,1.4165669401737964e-07,0.1559629273482415,0.0,3,1,0.0070205634568348
1406,1000,1.1820810231789814e-06,0.18034066713981547,0.0,3,1,0.0070205634568348
1789,295,3.3275477522985606e-05,0.1991223258365332,0.0,3,1,0.0070205634568348
2235,1695,8.437381570990132e-07,0.17718017850502046,0.0,3,1,0.0070205634568348
2408,1032,5.255796338456112e-06,0.1891891891891892,0.0,3,1,0.0070205634568348
2484,477,5.384821719288792e-08,0.15585769781230832,0.0,3,1,0.0070205634568348
2503,483,7.003896233374537e-06,0.1967886000464672,0.0,3,1,0.0070205634568348
2742,535,3.6773313224177717e-06,0.19426110445707295,0.0,3,1,0.0070205634568348
2875,576,4.750180964864697e-05,0.2148776637726914,0.0,3,1,0.0070205634568348
2966,1783,3.1409337730067325e-06,0.1903798606428411,0.0,3,1,0.0070205634568348
3025,7147,3.4650823414486245e-06,0.18008504606661943,0.0,3,1,0.0070205634568348
3082,7212,1.0573656549734303e-06,0.17333272698333296,0.0,3,1,0.0070205634568348
3196,7528,3.318022443962876e-06,0.17786229263398587,0.0,3,1,0.0070205634568348
3202,3572,3.217242390498464e-06,0.19151822726930132,0.0,3,1,0.0070205634568348
3207,1625,2.469782813702838e-07,0.1745152354570637,0.0,3,1,0.0070205634568348
3332,5290,9.438368805502397e-07,0.1806697793472851,0.0,3,1,0.0070205634568348
3697,4080,1.7165447132623268e-06,0.1789688688547683,0.0,3,1,0.0070205634568348
3744,6331,2.963171524550674e-07,0.16920823067190519,0.0,3,1,0.0070205634568348
3882,7023,0.00028336574107461107,0.20271240526525727,0.0,3,1,0.0070205634568348
3885,959,1.2806215176525278e-05,0.1975689404934688,0.0,3,1,0.0070205634568348
3965,996,5.5346520558091375e-06,0.1963729101728535,0.0,3,1,0.0070205634568348
4125,2562,3.9542327625703406e-07,0.1738307527421157,0.0,3,1,0.0070205634568348
4279,3696,5.231115932014375e-06,0.18944307761127266,0.0,3,1,0.0070205634568348
4341,5026,1.605956993257421e-06,0.18050293616215193,0.0,3,1,0.0070205634568348
4433,3646,6.45600569091041e-06,0.19684958037443512,0.0,3,1,0.0070205634568348
4537,1277,1.334983156660966e-06,0.18411709296427795,0.0,3,1,0.0070205634568348
4588,1818,1.0166821567307545e-05,0.20313374370453274,0.0,3,1,0.0070205634568348
4651,1352,9.975518180486317e-05,0.2030309487029244,0.0,3,1,0.0070205634568348
4686,6281,5.1297257722777595e-05,0.2061997890124158,0.0,3,1,0.0070205634568348
4711,2819,1.7006882670369412e-05,0.20683760683760682,0.0,3,1,0.0070205634568348
4716,2547,1.440071334274349e-05,0.20587679261079753,0.0,3,1,0.0070205634568348
5006,1580,1.4031392079485875e-06,0.17439147144948755,0.0,3,1,0.0070205634568348
5437,6534,1.7418930014698104e-05,0.19484204069113586,0.0,3,1,0.0070205634568348
5439,3639,5.054663451368737e-06,0.1904845198530698,0.0,3,1,0.0070205634568348
5479,6806,2.9110374611371743e-05,0.18465675112639893,0.0,3,1,0.0070205634568348
5603,1979,7.067556575317143e-06,0.1961203015256374,0.0,3,1,0.0070205634568348
5605,2463,3.80039777475334e-06,0.18874885482952436,0.0,3,1,0.0070205634568348
5655,2022,2.303038587892089e-06,0.18748616542462923,0.0,3,1,0.0070205634568348
5657,5837,2.2815121421171877e-06,0.18725588936107496,0.0,3,1,0.0070205634568348
5761,6286,4.802970724128918e-06,0.1938264385059371,0.0,3,1,0.0070205634568348
5772,2618,0.00012331707511999333,0.20553263770929386,0.0,3,1,0.0070205634568348
5831,2200,1.448194402518494e-06,0.18275316455696203,0.0,3,1,0.0070205634568348
5908,5986,4.438915172304789e-12,0.11162361623616236,0.0,3,1,0.0070205634568348
6045,2443,1.583983188072772e-06,0.18739859383450513,0.0,3,1,0.0070205634568348
6080,3222,5.332714423548677e-05,0.21747689147552207,0.0,3,1,0.0070205634568348
6140,2521,5.0916694097159345e-05,0.17765089722675367,0.0,3,1,0.0070205634568348
6168,3066,1.22434169953898e-06,0.18141361256544503,0.0,3,1,0.0070205634568348
6187,2786,2.9197674405128615e-06,0.1906560288122452,0.0,3,1,0.0070205634568348
6527,6177,9.436994395451805e-06,0.20293365988712597,0.0,3,1,0.0070205634568348
6589,3178,3.684688026442425e-07,0.1676010817228415,0.0,3,1,0.0070205634568348
6597,3188,4.560205023673742e-05,0.21417734322319623,0.0,3,1,0.0070205634568348
6603,7211,3.397223880480698e-07,0.1617475439750472,0.0,3,1,0.0070205634568348
6698,3380,1.2938865509762856e-05,0.20434805918936308,0.0,3,1,0.0070205634568348
6699,7053,7.481592448540009e-06,0.19626673532440783,0.0,3,1,0.0070205634568348
6788,3523,1.194734089166147e-05,0.19613039339285254,0.0,3,1,0.0070205634568348
6812,7049,7.751968884187645e-06,0.18566870448401004,0.0,3,1,0.0070205634568348
6839,6657,1.813179136848431e-05,0.21745207667731628,0.0,3,1,0.0070205634568348
6843,5833,1.1514170082991902e-05,0.2059880563136704,0.0,3,1,0.0070205634568348
6859,4659,1.4602383888245252e-05,0.208586439008373,0.0,3,1,0.0070205634568348
6919,5094,0.00010345073859483288,0.2051123368760931,0.0,3,1,0.0070205634568348
6921,3762,7.228783342829439e-06,0.19735411380935122,0.0,3,1,0.0070205634568348
7042,4057,1.393380180892829e-05,0.19795886569024618,0.0,3,1,0.0070205634568348
7087,7057,2.103081291943265e-06,0.18741241548862939,0.0,3,1,0.0070205634568348
7230,7593,1.2418154631784897e-06,0.17524137931034484,0.0,3,1,0.0070205634568348
7236,5061,7.793703546472602e-08,0.15991189427312774,0.0,3,1,0.0070205634568348
7254,7166,1.1730183402850608e-06,0.17372775131611934,0.0,3,1,0.0070205634568348
7453,7622,6.79483052428098e-06,0.19000972107978764,0.0,3,1,0.0070205634568348
176,6372,3.5385253714587716e-06,0.1913739863931916,0.0,4,1,0.0070205634568348
185,6816,2.6829433343887462e-06,0.18953257086026853,0.0,4,1,0.0070205634568348
1107,2792,6.554619466949883e-06,0.18806434104702224,0.0,4,1,0.0070205634568348
1278,882,4.7588260177368896e-07,0.17977925569548606,0.0,4,1,0.0070205634568348
1405,4821,3.9278490065448395e-06,0.18396158115739178,0.0,4,1,0.0070205634568348
1409,6549,2.475869793796905e-07,0.16978862730249236,0.0,4,1,0.0070205634568348
1483,230,3.737350397359149e-07,0.16700990272544036,0.0,4,1,0.0070205634568348
1914,323,1.5164543610967993e-05,0.20539972516368926,0.0,4,1,0.0070205634568348
1937,1404,9.090358064381953e-06,0.20317164179104477,0.0,4,1,0.0070205634568348
2075,6722,6.483097774958804e-06,0.1972162574703128,0.0,4,1,0.0070205634568348
2366,1303,3.9762860586337594e-05,0.18421052631578946,0.0,4,1,0.0070205634568348
2766,2425,1.0879636503806425e-05,0.20331795268450112,0.0,4,1,0.0070205634568348
2968,3839,2.66688199636185e-06,0.1881200335620157,0.0,4,1,0.0070205634568348
3446,4693,3.149142885453701e-07,0.17058270676691728,0.0,4,1,0.0070205634568348
3595,6896,2.548725176544925e-06,0.19323683743567643,0.0,4,1,0.0070205634568348
3849,7063,5.127965602559265e-07,0.1711111111111111,0.0,4,1,0.0070205634568348
3883,1064,1.3696714624488119e-05,0.20654618365079797,0.0,4,1,0.0070205634568348
3891,5868,1.1932010805218188e-05,0.19994229659549914,0.0,4,1,0.0070205634568348
3916,2729,1.391204605548649e-05,0.19421656050955413,0.0,4,1,0.0070205634568348
3923,2658,1.3192391802942114e-06,0.18296810119290496,0.0,4,1,0.0070205634568348
4134,1066,4.865986221078763e-06,0.19138359569179786,0.0,4,1,0.0070205634568348
4297,2247,9.319654284698125e-06,0.1911101083032491,0.0,4,1,0.0070205634568348
4301,7378,7.464821146190735e-06,0.1973336784882216,0.0,4,1,0.0070205634568348
4327,1353,1.036925410620355e-05,0.1924173965721786,0.0,4,1,0.0070205634568348
4895,1499,4.789679114093865e-05,0.21886304909560725,0.0,4,1,0.0070205634568348
5108,3277,3.2742355136367328e-06,0.17853295236310834,0.0,4,1,0.0070205634568348
5430,2799,3.847087397600921e-05,0.20355140186915888,0.0,4,1,0.0070205634568348
5476,4295,8.387211245656591e-05,0.20776778413736713,0.0,4,1,0.0070205634568348
5483,7376,2.911276767676614e-06,0.1891047108729627,0.0,4,1,0.0070205634568348
5736,5201,3.088946928858082e-06,0.17341158807070226,0.0,4,1,0.0070205634568348
5885,2261,4.677987697140588e-05,0.20850656455142233,0.0,4,1,0.0070205634568348
5952,3700,1.187428767341459e-05,0.2029066517607602,0.0,4,1,0.0070205634568348
6016,4656,2.954220727358732e-06,0.1903085680047933,0.0,4,1,0.0070205634568348
6124,6843,0.0002838817246165566,0.23744704709693495,0.0,4,1,0.0070205634568348
6236,5702,8.086073111108866e-06,0.19270438343697863,0.0,4,1,0.0070205634568348
6342,3265,2.789379544118509e-07,0.16418264053413742,0.0,4,1,0.0070205634568348
6398,2908,0.00014501626417787698,0.2245426963975375,0.0,4,1,0.0070205634568348
6426,5855,3.1721942822671437e-07,0.17004617546677375,0.0,4,1,0.0070205634568348
6655,5740,8.314804320642072e-06,0.19610516567194897,0.0,4,1,0.0070205634568348
6792,7311,4.387544274502032e-05,0.20709609063000897,0.0,4,1,0.0070205634568348
6865,3624,8.18116355814592e-08,0.15871330418488444,0.0,4,1,0.0070205634568348
6881,5535,1.2572962677855984e-05,0.2046058458813109,0.0,4,1,0.0070205634568348
6998,3999,1.758041239268928e-05,0.19647413593133845,0.0,4,1,0.0070205634568348
6999,6920,9.31413403194417e-06,0.200652786186202,0.0,4,1,0.0070205634568348
193,478,1.0487405723431778e-05,0.19792802617230099,0.0,5,1,0.0070205634568348
197,7614,4.0620892541398644e-06,0.18933015423589897,0.0,5,1,0.0070205634568348
937,5718,7.97794758353993e-06,0.19652478795534817,0.0,5,1,0.0070205634568348
1108,2634,1.8218467725130237e-05,0.1989352540515149,0.0,5,1,0.0070205634568348
1284,5744,8.871709149507508e-06,0.19233971690258117,0.0,5,1,0.0070205634568348
1487,277,1.1428377640120663e-05,0.19475741549781558,0.0,5,1,0.0070205634568348
1790,942,9.913774800537998e-06,0.2014215504941077,0.0,5,1,0.0070205634568348
2004,4436,4.3967204125094744e-05,0.21081305309734513,0.0,5,1,0.0070205634568348
2273,5230,1.259032026405129e-05,0.20154936280471683,0.0,5,1,0.0070205634568348
2486,7597,3.4597842794098567e-07,0.168003702560938,0.0,5,1,0.0070205634568348
2488,2088,1.2665315143819674e-05,0.1960143995885832,0.0,5,1,0.0070205634568348
2826,558,1.5168506096684092e-05,0.20336134453781513,0.0,5,1,0.0070205634568348
2965,5190,2.5469839409790906e-05,0.21456316145012386,0.0,5,1,0.0070205634568348
2981,7462,1.0918772795108826e-05,0.19659574468085106,0.0,5,1,0.0070205634568348
3050,7320,6.615692461366888e-07,0.18049011483366875,0.0,5,1,0.0070205634568348
3204,702,4.471748706913112e-06,0.20307962810027438,0.0,5,1,0.0070205634568348
3709,3062,1.5695712586648242e-06,0.1848044801086087,0.0,5,1,0.0070205634568348
3746,3718,7.461596341606787e-06,0.19195225744718356,0.0,5,1,0.0070205634568348
4067,4307,4.006029450549339e-05,0.20256696428571427,0.0,5,1,0.0070205634568348
4132,2951,1.1438107607879512e-05,0.20123544784984557,0.0,5,1,0.0070205634568348
4326,1157,7.910746592885226e-06,0.1976560271734903,0.0,5,1,0.0070205634568348
4690,6676,5.173035858508964e-05,0.20656857166084058,0.0,5,1,0.0070205634568348
4713,5435,1.2658133087267962e-05,0.20106559755229078,0.0,5,1,0.0070205634568348
4741,6674,5.155733802067914e-05,0.20872350911779203,0.0,5,1,0.0070205634568348
5026,1592,4.9163592169809306e-06,0.1779494841028993,0.0,5,1,0.0070205634568348
5145,1670,3.913803046070063e-06,0.18676499411995295,0.0,5,1,0.0070205634568348
5197,4099,1.698692053561287e-06,0.18138339638803627,0.0,5,1,0.0070205634568348
5634,2005,6.7559720266055415e-06,0.19479722995936932,0.0,5,1,0.0070205634568348
5990,2382,7.548675445298988e-05,0.2162123833564966,0.0,5,1,0.0070205634568348
6073,5637,4.347422018797126e-06,0.20181081725041697,0.0,5,1,0.0070205634568348
6467,6966,1.0670376545366843e-05,0.20516201959306707,0.0,5,1,0.0070205634568348
6517,5521,7.66733693398766e-06,0.20821042281219274,0.0,5,1,0.0070205634568348
6525,6368,1.0923437134515021e-05,0.20337762125820394,0.0,5,1,0.0070205634568348
6590,6853,2.5471755713029866e-06,0.187555358724535,0.0,5,1,0.0070205634568348
6628,3245,1.5768695690075164e-05,0.21240491515506144,0.0,5,1,0.0070205634568348
6949,5167,9.902474262891535e-05,0.1983348510472226,0.0,5,1,0.0070205634568348
7056,7486,2.2675497322672803e-06,0.17591673782106015,0.0,5,1,0.0070205634568348
11,126,6.605323999318845e-06,0.19452383382668165,0.0,6,1,0.0070205634568348
553,80,1.9455263772270965e-05,0.21129220023282888,0.0,6,1,0.0070205634568348
1104,2629,1.8855476269269077e-05,0.2047047450253766,0.0,6,1,0.0070205634568348
1404,217,1.6532515492520548e-06,0.18544737994453364,0.0,6,1,0.0070205634568348
1486,5301,2.978910499764013e-06,0.18835244119391184,0.0,6,1,0.0070205634568348
1861,1952,2.7451829298595336e-05,0.20421667381054437,0.0,6,1,0.0070205634568348
1915,5517,1.9330596533598505e-05,0.2056768205487953,0.0,6,1,0.0070205634568348
2232,3830,4.7308192489726564e-06,0.18522658243226825,0.0,6,1,0.0070205634568348
2632,1737,6.253646178621665e-05,0.2294287606091615,0.0,6,1,0.0070205634568348
2963,1890,3.049699491177713e-06,0.1904416908164285,0.0,6,1,0.0070205634568348
2978,3960,1.3760716788785472e-05,0.2051233754002637,0.0,6,1,0.0070205634568348
3014,6258,9.905640517148927e-06,0.2020033388981636,0.0,6,1,0.0070205634568348
3090,848,1.3063695929578427e-05,0.20367649023432283,0.0,6,1,0.0070205634568348
3787,5550,5.102577229426392e-05,0.2109355543872271,0.0,6,1,0.0070205634568348
3788,3263,0.0001784272156980442,0.21571068790854298,0.0,6,1,0.0070205634568348
3816,7205,1.6305615293281512e-05,0.2120799020698865,0.0,6,1,0.0070205634568348
3884,3060,3.1130446891742477e-06,0.19301177364223318,0.0,6,1,0.0070205634568348
3915,6278,0.00013003763351927234,0.20882070949185044,0.0,6,1,0.0070205634568348
4066,4725,3.2680813046882985e-05,0.19889373026847915,0.0,6,1,0.0070205634568348
4068,1193,3.1612050586820875e-06,0.18612203042215006,0.0,6,1,0.0070205634568348
4340,1165,9.376884464821296e-06,0.20575454128316553,0.0,6,1,0.0070205634568348
4384,2384,9.23393072128878e-06,0.19066556614391836,0.0,6,1,0.0070205634568348
4432,4938,1.9119081356692546e-05,0.20568791991581448,0.0,6,1,0.0070205634568348
4538,4316,5.574186934366143e-06,0.20251853032597433,0.0,6,1,0.0070205634568348
5007,7413,5.0174268742752354e-05,0.2098496944337389,0.0,6,1,0.0070205634568348
5029,6083,2.993886778482986e-06,0.18485377564382366,0.0,6,1,0.0070205634568348
5147,4651,9.799824962382995e-06,0.19516628689930618,0.0,6,1,0.0070205634568348
5477,7308,2.9609901622516597e-05,0.2087863931417929,0.0,6,1,0.0070205634568348
5498,7313,7.012994549811032e-06,0.19767652931566526,0.0,6,1,0.0070205634568348
5567,4962,8.14640593324017e-06,0.2001155067860237,0.0,6,1,0.0070205634568348
6162,4234,1.8767977005660637e-05,0.2139609296059279,0.0,6,1,0.0070205634568348
6220,6493,7.242341661139385e-06,0.196875,0.0,6,1,0.0070205634568348
6257,7386,2.3482411496499033e-06,0.18812467609387726,0.0,6,1,0.0070205634568348
6359,3687,1.2746158785764886e-05,0.20009449562957712,0.0,6,1,0.0070205634568348
6468,4637,2.9776591130308613e-06,0.19425615412058508,0.0,6,1,0.0070205634568348
6644,5586,2.7190831952289984e-06,0.1881664691943128,0.0,6,1,0.0070205634568348
6657,6692,9.17700938242369e-06,0.19595897277704943,0.0,6,1,0.0070205634568348
6918,5907,2.6681416929800913e-05,0.2014215504941077,0.0,6,1,0.0070205634568348
182,2788,9.401581447775587e-06,0.20689374406296648,0.0,7,1,0.0070205634568348
191,3820,9.199408257748252e-06,0.19996852128747933,0.0,7,1,0.0070205634568348
557,6171,3.3993054554634047e-06,0.19109573588027376,0.0,7,1,0.0070205634568348
930,5194,1.3258745251181492e-05,0.20671981776765375,0.0,7,1,0.0070205634568348
1112,5746,1.689678921246447e-05,0.20392712875525,0.0,7,1,0.0070205634568348
1423,976,2.9064493391446776e-05,0.20907844212835985,0.0,7,1,0.0070205634568348
1449,1628,6.468790899258877e-05,0.2111692844677138,0.0,7,1,0.0070205634568348
2231,3453,1.4123127941230015e-05,0.2177751114158382,0.0,7,1,0.0070205634568348
2406,6358,1.7361131299000632e-05,0.20502958579881655,0.0,7,1,0.0070205634568348
2487,1767,1.7312368535543653e-06,0.18411264612114772,0.0,7,1,0.0070205634568348
2744,5631,7.800976539125791e-06,0.1970938800837707,0.0,7,1,0.0070205634568348
3100,7554,4.525762905200645e-06,0.191908765923166,0.0,7,1,0.0070205634568348
3596,5701,6.613185416560632e-05,0.22200541689722456,0.0,7,1,0.0070205634568348
3682,2535,4.613265049035834e-06,0.20536099137931035,0.0,7,1,0.0070205634568348
3757,6163,8.64938730944294e-06,0.19387573437778174,0.0,7,1,0.0070205634568348
3880,3305,3.1272839249370465e-06,0.19653492149431512,0.0,7,1,0.0070205634568348
4065,1031,0.001065168961386946,0.21908320160942665,0.0,7,1,0.0070205634568348
4198,1098,8.351136000887866e-06,0.20264773905415104,0.0,7,1,0.0070205634568348
4385,5538,4.6327554399801e-05,0.20789811001718167,0.0,7,1,0.0070205634568348
4449,1508,4.954028200113319e-06,0.1997379798244465,0.0,7,1,0.0070205634568348
5027,5800,7.72709447872009e-06,0.1970633094641057,0.0,7,1,0.0070205634568348
5030,5294,0.00017841663267109933,0.2092506176228383,0.0,7,1,0.0070205634568348
6469,5353,1.4523171407115536e-05,0.20469375151043204,0.0,7,1,0.0070205634568348
6873,5682,1.3609857367434462e-05,0.21712381440656242,0.0,7,1,0.0070205634568348
8,5735,1.3266911729792664e-05,0.20339390058432721,0.0,8,1,0.0070205634568348
940,3119,6.870693693735623e-06,0.1962970592779523,0.0,8,1,0.0070205634568348
1103,289,0.00017417235443070573,0.2218438973284442,0.0,8,1,0.0070205634568348
1119,2304,4.4867979031275134e-05,0.21882535308301757,0.0,8,1,0.0070205634568348
1664,660,5.512534933510067e-05,0.2165748053866697,0.0,8,1,0.0070205634568348
2074,5665,1.702397922854722e-05,0.20942883046237534,0.0,8,1,0.0070205634568348
2602,5700,3.101362785129163e-05,0.21601020119013886,0.0,8,1,0.0070205634568348
3683,4093,3.855054192339938e-07,0.17831161844167387,0.0,8,1,0.0070205634568348
3785,928,5.984949483080666e-05,0.2111634349030471,0.0,8,1,0.0070205634568348
3879,5158,1.896949121731022e-05,0.21809910734721905,0.0,8,1,0.0070205634568348
4328,3957,2.230508046376931e-05,0.20493037260067745,0.0,8,1,0.0070205634568348
4346,1168,1.677031088401252e-05,0.20909564692651617,0.0,8,1,0.0070205634568348
4348,4081,2.0455001238632725e-06,0.18112481288759,0.0,8,1,0.0070205634568348
4448,7573,8.479093001664719e-06,0.1983142121283072,0.0,8,1,0.0070205634568348
4450,4221,9.976727546487044e-06,0.20713548176729527,0.0,8,1,0.0070205634568348
4652,1576,6.162446771435336e-06,0.1910191194527276,0.0,8,1,0.0070205634568348
5146,4745,5.043177030170752e-05,0.20993060145406478,0.0,8,1,0.0070205634568348
5284,7366,0.0004583760234515267,0.24178507992895204,0.0,8,1,0.0070205634568348
409,6572,1.0060278618339673e-05,0.20323664284952545,0.0,9,1,0.0070205634568348
527,6154,2.1721697930158627e-05,0.21089470480827754,0.0,9,1,0.0070205634568348
529,4217,1.4152603529047672e-05,0.20440285300584543,0.0,9,1,0.0070205634568348
532,541,7.07827371706489e-06,0.20213725074246924,0.0,9,1,0.0070205634568348
636,5625,0.00010186806667143155,0.22564603498801172,0.0,9,1,0.0070205634568348
1717,7497,0.00021335523581316119,0.2285414480587618,0.0,9,1,0.0070205634568348
1978,2557,5.859256682434146e-05,0.21421345472938796,0.0,9,1,0.0070205634568348
2229,7052,3.875216387878947e-06,0.18445121951219512,0.0,9,1,0.0070205634568348
2358,3642,1.4467131370259396e-05,0.20419479267116683,0.0,9,1,0.0070205634568348
2631,903,1.129584131789024e-05,0.20275014628437682,0.0,9,1,0.0070205634568348
2979,2914,1.877211324224082e-05,0.21133906293318547,0.0,9,1,0.0070205634568348
3307,6547,1.2595730744964992e-05,0.20469924812030074,0.0,9,1,0.0070205634568348
3807,1538,3.1001951236243254e-05,0.20805698845492507,0.0,9,1,0.0070205634568348
3876,3987,3.3257427247110565e-05,0.21863706763035623,0.0,9,1,0.0070205634568348
3925,6530,0.00011957254773032613,0.20864924045435884,0.0,9,1,0.0070205634568348
4714,3426,1.636902094131042e-05,0.2061997890124158,0.0,9,1,0.0070205634568348
4982,3625,0.00018713376047621932,0.20500201694231546,0.0,9,1,0.0070205634568348
5478,3445,2.933773568004603e-05,0.2097457627118644,0.0,9,1,0.0070205634568348
6230,5935,8.090088368476181e-05,0.2123989969350794,0.0,9,1,0.0070205634568348
2,1,0.00013093804212604626,0.210620838283646,0.0,10,1,0.0070205634568348
188,4775,0.00011054805538917057,0.22715894868585731,0.0,10,1,0.0070205634568348
196,3581,1.650936115071139e-05,0.19936708860759494,0.0,10,1,0.0070205634568348
913,5835,0.00010460431020609195,0.2025884979270756,0.0,10,1,0.0070205634568348
1665,2910,1.3552964898576242e-05,0.19956542227341745,0.0,10,1,0.0070205634568348
1977,2569,1.3620794182437453e-05,0.20573788189571413,0.0,10,1,0.0070205634568348
2099,634,0.00011600134763779953,0.21020267475527368,0.0,10,1,0.0070205634568348
2403,462,3.0448270107723583e-05,0.21055102886341664,0.0,10,1,0.0070205634568348
2489,611,8.065926060419697e-06,0.20191772839244562,0.0,10,1,0.0070205634568348
3103,6466,1.3297936365700516e-05,0.2054495472186287,0.0,10,1,0.0070205634568348
3197,1563,0.00022256027055659005,0.21267157683294274,0.0,10,1,0.0070205634568348
3918,4868,3.763404315641839e-05,0.2098092643051771,0.0,10,1,0.0070205634568348
5440,4152,3.193234785096504e-05,0.21890075809786355,0.0,10,1,0.0070205634568348
5828,2196,0.00010324439877721102,0.20157068062827224,0.0,10,1,0.0070205634568348
6797,6935,0.00027816510449801406,0.22892579356737439,0.0,10,1,0.0070205634568348
12,2639,9.558275163763086e-06,0.20341018251681076,0.0,11,1,0.0070205634568348
181,615,6.296871542526796e-05,0.21802425351790414,0.0,11,1,0.0070205634568348
522,4673,0.00014246401426627094,0.22440388578157197,0.0,11,1,0.0070205634568348
554,5441,0.00027694288001486016,0.2476608187134503,0.0,11,1,0.0070205634568348
763,6973,7.971810380092086e-05,0.2355758830618993,0.0,11,1,0.0070205634568348
928,1741,5.055531619096933e-06,0.19616067522709144,0.0,11,1,0.0070205634568348
1026,341,0.00011658956729389916,0.2249468838526912,0.0,11,1,0.0070205634568348
1236,1221,0.00018917233119395717,0.22221250546567556,0.0,11,1,0.0070205634568348
1407,1401,1.0831110779792505e-05,0.20029954280309,0.0,11,1,0.0070205634568348
1663,4873,0.00036979045127599763,0.22125152377082488,0.0,11,1,0.0070205634568348
1718,2143,0.004100130974903052,0.23433033106882667,0.0,11,1,0.0070205634568348
2828,3225,1.898394955545126e-05,0.20660216277746157,0.0,11,1,0.0070205634568348
3101,4707,5.8337500357902376e-05,0.22083490251745416,0.0,11,1,0.0070205634568348
3178,4957,4.278262865207408e-06,0.1897023691021302,0.0,11,1,0.0070205634568348
3206,4771,4.234046740255562e-05,0.21577785326086957,0.0,11,1,0.0070205634568348
3812,4261,3.512676481045597e-05,0.22024153472784005,0.0,11,1,0.0070205634568348
4342,3141,6.620383864731247e-06,0.20307962810027438,0.0,11,1,0.0070205634568348
5484,6088,4.557862495282957e-06,0.19504643962848298,0.0,11,1,0.0070205634568348
195,6399,2.4002460273814625e-05,0.21068487093029684,0.0,12,1,0.0070205634568348
1798,2844,1.920377895566772e-05,0.2071917808219178,0.0,12,1,0.0070205634568348
1974,3348,2.903815187992866e-05,0.20827299800551896,0.0,12,1,0.0070205634568348
2626,3610,1.8110012139485e-05,0.21469006111470978,0.0,12,1,0.0070205634568348
2633,1203,2.9282546831605227e-05,0.21142698654832895,0.0,12,1,0.0070205634568348
3498,1350,0.00030443238062429206,0.240929203539823,0.0,12,1,0.0070205634568348
3809,3411,0.00013902255105174445,0.21640265712825754,0.0,12,1,0.0070205634568348
3815,1065,7.476276978270214e-05,0.22649077457883948,0.0,12,1,0.0070205634568348
3832,6421,1.1904648735051137e-05,0.20696114896967394,0.0,12,1,0.0070205634568348
4423,3589,4.599473192565384e-05,0.21313537996980372,0.0,12,1,0.0070205634568348
192,4212,6.108546345798378e-05,0.22419928825622776,0.0,13,1,0.0070205634568348
520,75,4.274817625640811e-05,0.22302516091281452,0.0,13,1,0.0070205634568348
524,7079,4.9689268474046845e-05,0.21724137931034482,0.0,13,1,0.0070205634568348
1102,161,2.8197937499754254e-05,0.2102896551724138,0.0,13,1,0.0070205634568348
1106,6919,0.00014745691496565583,0.2112102404965089,0.0,13,1,0.0070205634568348
1109,4254,0.0002988341661566785,0.22795370951825603,0.0,13,1,0.0070205634568348
1110,3888,3.161630509392164e-05,0.21620011911852294,0.0,13,1,0.0070205634568348
2630,7110,2.404260156141441e-05,0.21100561906607246,0.0,13,1,0.0070205634568348
3186,4121,0.0001501328218445265,0.23111906133462692,0.0,13,1,0.0070205634568348
3597,4735,3.0154765098453013e-05,0.2172228079674009,0.0,13,1,0.0070205634568348
3924,3880,3.971941340040828e-05,0.2219601677148847,0.0,13,1,0.0070205634568348
4876,1856,0.00010523102760983011,0.21889447236180903,0.0,13,1,0.0070205634568348
178,3596,0.00011414230886775905,0.23510362694300518,0.0,14,1,0.0070205634568348
198,4085,5.587963643509763e-05,0.21471424950004225,0.0,14,1,0.0070205634568348
2234,5595,1.4472960377455748e-05,0.19773806126948718,0.0,14,1,0.0070205634568348
2276,7607,8.456670738134084e-05,0.2252526446427516,0.0,14,1,0.0070205634568348
3244,4864,3.560585329916516e-05,0.2084438489513549,0.0,14,1,0.0070205634568348
3745,5949,3.600918863868842e-05,0.2146477445514445,0.0,14,1,0.0070205634568348
3811,4762,3.553004340535498e-05,0.21340388007054673,0.0,14,1,0.0070205634568348
3875,2705,0.0003476131893515913,0.23143481692877527,0.0,14,1,0.0070205634568348
2228,409,1.1666904303944457e-05,0.20576564904040814,0.0,15,1,0.0070205634568348
2275,6262,8.286567671449077e-05,0.22575295406758078,0.0,15,1,0.0070205634568348
3108,5751,3.7652353011178426e-05,0.21156194493783304,0.0,16,1,0.0070205634568348
3786,3317,0.0015872928534500321,0.23112606876478078,0.0,16,1,0.0070205634568348
3813,1898,0.00010406278519634578,0.22887080793827125,0.0,16,1,0.0070205634568348
1114,5278,3.442513114327262e-05,0.21818025701937663,0.0,17,1,0.0070205634568348
2230,3020,1.5016935315849532e-05,0.2054883144189557,0.0,17,1,0.0070205634568348
2490,6431,7.824775331226575e-05,0.2289739276703112,0.0,17,1,0.0070205634568348
3814,4466,7.900477108456685e-05,0.21781244642551004,0.0,17,1,0.0070205634568348
6739,5394,0.00011871416746204143,0.22444352844187965,0.0,17,1,0.0070205634568348
2274,3921,0.00021000187401184212,0.2376395037097076,0.0,18,1,0.0070205634568348
186,6436,7.637421849444449e-05,0.21763211237045707,0.0,19,1,0.0070205634568348
317,3991,7.764555193343104e-05,0.2234631958490898,0.0,19,1,0.0070205634568348
912,4426,7.075397744526197e-05,0.22778342198051754,0.0,19,1,0.0070205634568348
1174,3666,8.975452086730222e-05,0.22783107684031204,0.0,19,1,0.0070205634568348
2635,5638,3.656049230510784e-05,0.2139429148774943,0.0,19,1,0.0070205634568348
2767,6415,3.190524896305332e-05,0.2208540966508286,0.0,19,1,0.0070205634568348
3497,7032,0.0004765944901760587,0.23361220924887377,0.0,19,1,0.0070205634568348
187,421,7.518663705461964e-05,0.23519067012217698,0.0,20,1,0.0070205634568348
525,520,4.7961377452813305e-05,0.21967033600368854,0.0,20,1,0.0070205634568348
2272,5894,3.493912860956088e-05,0.21888190197260746,0.0,20,1,0.0070205634568348
2279,1887,7.420132711732385e-05,0.2165255922285974,0.0,20,1,0.0070205634568348
3229,2140,0.00013221518712812542,0.2356487062969489,0.0,21,1,0.0070205634568348
4430,3670,0.00029310701951050245,0.2342511216274353,0.0,21,1,0.0070205634568348
6,6478,0.0037492388233576843,0.23713681328936725,0.0,22,1,0.0070205634568348
2765,5527,2.721839047602222e-05,0.21713618366707493,0.0,22,1,0.0070205634568348
3205,2473,0.00011471702009416813,0.24642787870951058,0.0,22,1,0.0070205634568348
531,2428,0.00015234401295483803,0.2274164677804296,0.0,23,1,0.0070205634568348
2634,3854,0.00011362861608506189,0.22813107885680084,0.0,23,1,0.0070205634568348
175,18,8.087499677598438e-05,0.22247191011235956,0.0,24,1,0.0070205634568348
177,4042,4.402728726537152e-05,0.2275726184434427,0.0,24,1,0.0070205634568348
410,1230,3.398596262714419e-05,0.22221250546567556,0.0,25,1,0.0070205634568348
521,5632,0.00014017475637652157,0.23111205432937182,0.0,25,1,0.0070205634568348
936,6562,3.234263703954986e-05,0.2149806819143236,0.0,25,1,0.0070205634568348
1122,2624,0.0002900359566350154,0.23511087808037504,0.0,25,1,0.0070205634568348
2629,7600,5.268643360748506e-05,0.2227644652250146,0.0,25,1,0.0070205634568348
931,2988,5.189136508536699e-05,0.2337769872423945,0.0,26,1,0.0070205634568348
3,4257,4.394596961876536e-05,0.21952483801295897,0.0,27,1,0.0070205634568348
2277,7028,0.0001692710062680671,0.2280901229765716,0.0,28,1,0.0070205634568348
1101,958,7.875301600342998e-05,0.22618164555084116,0.0,30,1,0.0070205634568348
1113,5706,0.0001865200932932011,0.23785453524290928,0.0,34,1,0.0070205634568348
1111,5128,8.70277675262872e-05,0.2183927804039536,0.0,35,1,0.0070205634568348
523,933,0.0001647736252683268,0.23985274683783273,0.0,37,1,0.0070205634568348
190,3755,0.00022497332414209655,0.23109804159340328,0.0,38,1,0.0070205634568348
2270,6617,7.960028911375897e-05,0.2279673435210383,0.0,40,1,0.0070205634568348
189,1384,0.00014798775041931274,0.23862889341054938,0.0,53,1,0.0070205634568348
555,5646,0.00032829797047051896,0.2497788263049248,0.0,60,1,0.0070205634568348
623,4811,0.00026861785963275107,0.24381896689588997,0.0,113,1,0.0070205634568348
70,8,4.941666699386657e-06,0.16003274971658898,0.0,1,2,0.0078225940130474
506,72,1.564987083751271e-05,0.17630325176927703,0.0,1,2,0.0078225940130474
573,84,4.700189124048117e-06,0.17632364166261882,0.0,1,2,0.0078225940130474
585,87,9.765988960486397e-06,0.18079404231097618,0.0,1,2,0.0078225940130474
1004,137,0.00012896000853842202,0.20082193946099738,0.0,1,2,0.0078225940130474
1123,165,2.405295541811866e-05,0.18139634494574527,0.0,1,2,0.0078225940130474
1156,170,0.00012896000853842202,0.20082193946099738,0.0,1,2,0.0078225940130474
1187,1145,1.0919543732855533e-06,0.16932474455797422,0.0,1,2,0.0078225940130474
1281,196,1.2725213129295171e-06,0.17591673782106015,0.0,1,2,0.0078225940130474
1938,331,2.4282065227994063e-05,0.18553765272842332,0.0,1,2,0.0078225940130474
1970,7048,5.008368406560381e-07,0.16636476724645904,0.0,1,2,0.0078225940130474
2010,6498,1.2184428212966294e-07,0.14990266060999352,0.0,1,2,0.0078225940130474
2019,6918,1.8591115122168983e-07,0.15259122845647258,0.0,1,2,0.0078225940130474
2030,2635,7.726528593334067e-06,0.1759532822454067,0.0,1,2,0.0078225940130474
2035,4567,7.726528593334067e-06,0.1759532822454067,0.0,1,2,0.0078225940130474
2036,756,7.726528593334067e-06,0.1759532822454067,0.0,1,2,0.0078225940130474
2152,384,1.5218685357200107e-05,0.17734093288356403,0.0,1,2,0.0078225940130474
2163,388,3.781190308466127e-06,0.16571018651362984,0.0,1,2,0.0078225940130474
2201,403,2.7899455011172763e-06,0.17290419161676646,0.0,1,2,0.0078225940130474
2440,470,0.00023346782137703833,0.20054193412606544,0.0,1,2,0.0078225940130474
2616,516,1.4109371362324496e-05,0.1798938053097345,0.0,1,2,0.0078225940130474
2750,5839,1.503960453798264e-06,0.15767265807599232,0.0,1,2,0.0078225940130474
2788,545,6.628174075595788e-08,0.1543648624020412,0.0,1,2,0.0078225940130474
2817,554,0.00012896000853842202,0.20082193946099738,0.0,1,2,0.0078225940130474
2961,610,1.1062474656421201e-05,0.17422805293351312,0.0,1,2,0.0078225940130474
3004,626,5.528965876796573e-05,0.18918449396932546,0.0,1,2,0.0078225940130474
3151,676,0.00012896000853842202,0.20082193946099738,0.0,1,2,0.0078225940130474
3240,6619,7.1715927554246584e-06,0.18005527080331624,0.0,1,2,0.0078225940130474
3417,767,8.233731304350263e-05,0.19155672823218997,0.0,1,2,0.0078225940130474
3421,770,1.2508874411812076e-05,0.17591673782106015,0.0,1,2,0.0078225940130474
3458,789,6.850523415007317e-05,0.2023948598130841,0.0,1,2,0.0078225940130474
3459,790,8.631808740177275e-07,0.16658289810100305,0.0,1,2,0.0078225940130474
3460,791,1.5592662083461975e-05,0.191186797752809,0.0,1,2,0.0078225940130474
3520,812,2.4175662317953393e-06,0.16303092518927242,0.0,1,2,0.0078225940130474
3562,836,6.078658558835672e-05,0.19311934740202163,0.0,1,2,0.0078225940130474
3603,853,2.8019401187724403e-05,0.1826043213721075,0.0,1,2,0.0078225940130474
3635,3429,3.957647968890941e-06,0.1694,0.0,1,2,0.0078225940130474
3670,878,5.633045150779268e-06,0.17617286803790155,0.0,1,2,0.0078225940130474
3719,1566,2.9265805890656615e-05,0.18488515922485507,0.0,1,2,0.0078225940130474
3827,939,0.00012896000853842202,0.20082193946099738,0.0,1,2,0.0078225940130474
4072,1036,1.267023172732564e-09,0.12174010252806745,0.0,1,2,0.0078225940130474
4085,1042,1.5592662083461975e-05,0.191186797752809,0.0,1,2,0.0078225940130474
4127,3057,1.79825630586585e-06,0.1686504424778761,0.0,1,2,0.0078225940130474
4141,7473,1.6238335695840723e-05,0.18602664844550734,0.0,1,2,0.0078225940130474
4171,1086,2.4282065227994063e-05,0.18553765272842332,0.0,1,2,0.0078225940130474
4193,1204,1.6649083575765726e-06,0.15962057918210942,0.0,1,2,0.0078225940130474
4256,1122,1.9642535985646765e-05,0.17430374536973522,0.0,1,2,0.0078225940130474
4288,1139,1.8231098904707494e-06,0.16834132014221673,0.0,1,2,0.0078225940130474
4292,7503,1.2508874411812076e-05,0.17591673782106015,0.0,1,2,0.0078225940130474
4366,1181,5.829784428732682e-05,0.196322336398053,0.0,1,2,0.0078225940130474
4382,3027,8.757827619829376e-08,0.13785059404329192,0.0,1,2,0.0078225940130474
4401,1206,1.7228318290419237e-05,0.17278270133049253,0.0,1,2,0.0078225940130474
4463,1235,3.803885053085138e-05,0.20342646705628054,0.0,1,2,0.0078225940130474
4476,1247,4.1531476127509206e-06,0.16733986038547657,0.0,1,2,0.0078225940130474
4545,4386,8.799250138482814e-08,0.15457458025792847,0.0,1,2,0.0078225940130474
4601,6756,0.0001303216458791018,0.1902848156561244,0.0,1,2,0.0078225940130474
4608,1322,1.175865382948933e-05,0.17247386759581881,0.0,1,2,0.0078225940130474
4662,1356,3.0286480399265975e-05,0.18721909767419015,0.0,1,2,0.0078225940130474
4684,1375,0.00012896000853842202,0.20082193946099738,0.0,1,2,0.0078225940130474
4762,4542,6.436020367762772e-07,0.1520191444810051,0.0,1,2,0.0078225940130474
4934,5170,9.857200345562759e-06,0.17231791672317917,0.0,1,2,0.0078225940130474
4955,6748,1.2725213129295171e-06,0.17591673782106015,0.0,1,2,0.0078225940130474
4961,1550,1.3396129036161266e-05,0.1801190869996692,0.0,1,2,0.0078225940130474
5034,1596,6.960042390538007e-07,0.16906562576238107,0.0,1,2,0.0078225940130474
5121,6807,3.9846469796298154e-05,0.18244698674070173,0.0,1,2,0.0078225940130474
5186,3046,3.803885053085138e-05,0.20342646705628054,0.0,1,2,0.0078225940130474
5248,4664,2.005083549614729e-05,0.18081548423824095,0.0,1,2,0.0078225940130474
5252,1730,4.3691820098250735e-05,0.18889852558542933,0.0,1,2,0.0078225940130474
5288,1759,9.71095161291757e-07,0.16496786340323313,0.0,1,2,0.0078225940130474
5305,1775,1.7270969840346228e-05,0.18301202794516602,0.0,1,2,0.0078225940130474
5315,3934,6.372599169644594e-07,0.17088862984218078,0.0,1,2,0.0078225940130474
5327,6693,2.4935635024767082e-05,0.17911184210526315,0.0,1,2,0.0078225940130474
5328,3366,2.4935635024767082e-05,0.17911184210526315,0.0,1,2,0.0078225940130474
5374,1810,0.00012896000853842202,0.20082193946099738,0.0,1,2,0.0078225940130474
5536,1928,7.715752821435018e-07,0.15511242242344084,0.0,1,2,0.0078225940130474
5562,5780,0.00020091705505877378,0.19677844033144892,0.0,1,2,0.0078225940130474
5585,1965,0.00012896000853842202,0.20082193946099738,0.0,1,2,0.0078225940130474
5625,3255,1.7270969840346228e-05,0.18301202794516602,0.0,1,2,0.0078225940130474
5662,4991,1.175865382948933e-05,0.17247386759581881,0.0,1,2,0.0078225940130474
5740,2121,5.956550288156879e-06,0.17575044957808825,0.0,1,2,0.0078225940130474
5749,5860,3.6498146161781122e-06,0.1672811059907834,0.0,1,2,0.0078225940130474
5826,3605,1.089514309351076e-05,0.17577071179875026,0.0,1,2,0.0078225940130474
5860,4218,4.048498550521985e-06,0.16613272311212815,0.0,1,2,0.0078225940130474
5895,2273,3.069606249321576e-06,0.16733251382913336,0.0,1,2,0.0078225940130474
5937,2325,1.7228318290419237e-05,0.17278270133049253,0.0,1,2,0.0078225940130474
6013,2701,3.412030738975978e-07,0.15255153091855114,0.0,1,2,0.0078225940130474
6027,4953,2.067490187652878e-06,0.1698756518251103,0.0,1,2,0.0078225940130474
6039,2431,1.4588866417467205e-05,0.17804923623113936,0.0,1,2,0.0078225940130474
6061,7441,1.1689351847937078e-05,0.1850018201674554,0.0,1,2,0.0078225940130474
6075,4713,7.23391099568884e-06,0.16986429574169395,0.0,1,2,0.0078225940130474
6077,2736,1.8327899756195383e-06,0.16834503776334966,0.0,1,2,0.0078225940130474
6114,7494,6.850523415007317e-05,0.2023948598130841,0.0,1,2,0.0078225940130474
6117,5473,6.850523415007317e-05,0.2023948598130841,0.0,1,2,0.0078225940130474
6120,7309,6.850523415007317e-05,0.2023948598130841,0.0,1,2,0.0078225940130474
6125,3274,6.850523415007317e-05,0.2023948598130841,0.0,1,2,0.0078225940130474
6128,2527,6.850523415007317e-05,0.2023948598130841,0.0,1,2,0.0078225940130474
6150,2542,0.00012896000853842202,0.20082193946099738,0.0,1,2,0.0078225940130474
6180,2575,0.00012203601473311885,0.1990963226076055,0.0,1,2,0.0078225940130474
6211,2612,6.5007844862274744e-06,0.16826328800988874,0.0,1,2,0.0078225940130474
6227,2632,5.3209938268903286e-08,0.15663591345264757,0.0,1,2,0.0078225940130474
6274,4382,0.00012203601473311885,0.1990963226076055,0.0,1,2,0.0078225940130474
6276,4677,0.00012203601473311885,0.1990963226076055,0.0,1,2,0.0078225940130474
6287,2720,8.48129530711763e-06,0.18899219040535514,0.0,1,2,0.0078225940130474
6293,2726,3.3985451443963064e-06,0.1621121578801863,0.0,1,2,0.0078225940130474
6306,2748,3.395734872051036e-05,0.1843753779175233,0.0,1,2,0.0078225940130474
6315,2766,0.00012896000853842202,0.20082193946099738,0.0,1,2,0.0078225940130474
6429,2909,0.00012896000853842202,0.20082193946099738,0.0,1,2,0.0078225940130474
6435,2923,0.00012896000853842202,0.20082193946099738,0.0,1,2,0.0078225940130474
6447,4496,1.7758798330967166e-06,0.16833760268527515,0.0,1,2,0.0078225940130474
6465,2981,0.0001342107379493853,0.18499284102215643,0.0,1,2,0.0078225940130474
6481,3003,6.381834869095117e-05,0.2081763067343929,0.0,1,2,0.0078225940130474
6486,3015,3.3854291849626693e-06,0.15989512323020452,0.0,1,2,0.0078225940130474
6495,7443,8.233731304350263e-05,0.19155672823218997,0.0,1,2,0.0078225940130474
6496,4390,8.233731304350263e-05,0.19155672823218997,0.0,1,2,0.0078225940130474
6498,5171,8.233731304350263e-05,0.19155672823218997,0.0,1,2,0.0078225940130474
6512,3050,0.00012896000853842202,0.20082193946099738,0.0,1,2,0.0078225940130474
6538,3078,6.381834869095117e-05,0.2081763067343929,0.0,1,2,0.0078225940130474
6569,6035,8.735925593272125e-05,0.2030309487029244,0.0,1,2,0.0078225940130474
6668,3511,1.4088106934072975e-05,0.17824907636907825,0.0,1,2,0.0078225940130474
6703,3388,0.00012896000853842202,0.20082193946099738,0.0,1,2,0.0078225940130474
6752,3458,3.3985451443963064e-06,0.1621121578801863,0.0,1,2,0.0078225940130474
6753,7392,9.165566120940266e-07,0.1672737645922935,0.0,1,2,0.0078225940130474
6754,4361,9.165566120940266e-07,0.1672737645922935,0.0,1,2,0.0078225940130474
6773,3491,3.327304367606692e-07,0.1557303370786517,0.0,1,2,0.0078225940130474
6783,5572,4.042844124868909e-06,0.17016004821536196,0.0,1,2,0.0078225940130474
6784,5160,4.042844124868909e-06,0.17016004821536196,0.0,1,2,0.0078225940130474
6785,5685,4.042844124868909e-06,0.17016004821536196,0.0,1,2,0.0078225940130474
6819,7493,3.790293617214667e-11,0.11564543289288044,0.0,1,2,0.0078225940130474
6836,3577,1.564987083751271e-05,0.17630325176927703,0.0,1,2,0.0078225940130474
6878,5003,0.00016073740126701404,0.1989352540515149,0.0,1,2,0.0078225940130474
6885,3676,1.1223962481821653e-07,0.15105219355605753,0.0,1,2,0.0078225940130474
6887,3685,5.507021697877322e-07,0.15140922001310902,0.0,1,2,0.0078225940130474
6925,3776,0.00012896000853842202,0.20082193946099738,0.0,1,2,0.0078225940130474
6927,4499,9.123314418949976e-06,0.17168918918918918,0.0,1,2,0.0078225940130474
6928,4569,9.123314418949976e-06,0.17168918918918918,0.0,1,2,0.0078225940130474
6929,5821,9.123314418949976e-06,0.17168918918918918,0.0,1,2,0.0078225940130474
6934,3785,1.639120436656459e-05,0.17929298868687818,0.0,1,2,0.0078225940130474
6946,3828,6.381834869095117e-05,0.2081763067343929,0.0,1,2,0.0078225940130474
6957,5166,6.078658558835672e-05,0.19311934740202163,0.0,1,2,0.0078225940130474
6969,3886,2.9274044053292514e-06,0.18025537952234572,0.0,1,2,0.0078225940130474
6971,3892,0.00012896000853842202,0.20082193946099738,0.0,1,2,0.0078225940130474
6995,3952,6.381834869095117e-05,0.2081763067343929,0.0,1,2,0.0078225940130474
7010,5125,2.9274044053292514e-06,0.18025537952234572,0.0,1,2,0.0078225940130474
7015,3982,1.1117711895653556e-09,0.1281779661016949,0.0,1,2,0.0078225940130474
7018,4403,8.536605544032091e-05,0.19744612515540821,0.0,1,2,0.0078225940130474
7033,5695,1.2014758216492117e-06,0.16006971421372027,0.0,1,2,0.0078225940130474
7045,4815,1.3501857452256721e-05,0.17400534136821202,0.0,1,2,0.0078225940130474
7061,4862,3.698258416247101e-05,0.18910001984520738,0.0,1,2,0.0078225940130474
7084,4200,0.00012896000853842202,0.20082193946099738,0.0,1,2,0.0078225940130474
7107,4283,0.00012086386589409438,0.1912011838771978,0.0,1,2,0.0078225940130474
7118,7108,5.180345803712851e-05,0.19529128452118666,0.0,1,2,0.0078225940130474
7124,7236,6.747270197479285e-06,0.17250118802471093,0.0,1,2,0.0078225940130474
7150,7116,3.868529762572692e-06,0.16322291929854613,0.0,1,2,0.0078225940130474
7154,6742,2.4620640740323678e-05,0.1924271109428247,0.0,1,2,0.0078225940130474
7155,7544,2.4620640740323678e-05,0.1924271109428247,0.0,1,2,0.0078225940130474
7159,4400,0.00012896000853842202,0.20082193946099738,0.0,1,2,0.0078225940130474
7177,7523,7.45534068313448e-07,0.15887869945810754,0.0,1,2,0.0078225940130474
7192,5067,0.00015296411804405436,0.18476864532079404,0.0,1,2,0.0078225940130474
7195,5898,6.218943881279812e-06,0.1793815888554217,0.0,1,2,0.0078225940130474
7199,4545,2.3670854525007336e-06,0.16862805822235985,0.0,1,2,0.0078225940130474
7201,4551,0.0002317753249038411,0.19285063752276868,0.0,1,2,0.0078225940130474
7215,5297,1.4109371362324496e-05,0.1798938053097345,0.0,1,2,0.0078225940130474
7246,4674,2.026124888258565e-06,0.15780648366662525,0.0,1,2,0.0078225940130474
7249,4679,1.2184428213027852e-07,0.14990266060999352,0.0,1,2,0.0078225940130474
7258,4739,0.00012896000853842202,0.20082193946099738,0.0,1,2,0.0078225940130474
7263,4773,2.147085212068426e-06,0.16891203190782184,0.0,1,2,0.0078225940130474
7265,6871,0.00012896000853842202,0.20082193946099738,0.0,1,2,0.0078225940130474
7266,6713,0.00012896000853842202,0.20082193946099738,0.0,1,2,0.0078225940130474
7267,7271,0.00012896000853842202,0.20082193946099738,0.0,1,2,0.0078225940130474
7268,4971,0.00012896000853842202,0.20082193946099738,0.0,1,2,0.0078225940130474
7270,5357,0.00012896000853842202,0.20082193946099738,0.0,1,2,0.0078225940130474
7271,6923,0.00012896000853842202,0.20082193946099738,0.0,1,2,0.0078225940130474
7272,5903,0.00012896000853842202,0.20082193946099738,0.0,1,2,0.0078225940130474
7273,7451,0.00012896000853842202,0.20082193946099738,0.0,1,2,0.0078225940130474
7275,7514,0.00012896000853842202,0.20082193946099738,0.0,1,2,0.0078225940130474
7365,7613,8.749339694519344e-05,0.18095712861415753,0.0,1,2,0.0078225940130474
7366,4987,3.3032324296430216e-05,0.1810860889395667,0.0,1,2,0.0078225940130474
7370,6879,0.00012086386589409438,0.1912011838771978,0.0,1,2,0.0078225940130474
7434,6072,2.4348412318181133e-06,0.16161037969853081,0.0,1,2,0.0078225940130474
7440,6277,3.473815902468991e-05,0.19110052644773126,0.0,1,2,0.0078225940130474
7441,5551,2.8019401187724403e-05,0.1826043213721075,0.0,1,2,0.0078225940130474
7455,7599,2.1953302055763083e-06,0.16846781144334683,0.0,1,2,0.0078225940130474
7473,5522,2.0029690401034538e-07,0.1496348932160804,0.0,1,2,0.0078225940130474
7482,5573,1.3396129036161266e-05,0.1801190869996692,0.0,1,2,0.0078225940130474
7512,6961,2.291794035488944e-06,0.17010309278350516,0.0,1,2,0.0078225940130474
7514,7290,1.1623161800131685e-05,0.17365651411258173,0.0,1,2,0.0078225940130474
7522,5870,2.463845685053154e-09,0.12765850554308872,0.0,1,2,0.0078225940130474
7558,7003,1.037514535870326e-06,0.15457458025792847,0.0,1,2,0.0078225940130474
7566,6482,1.3396129036161266e-05,0.1801190869996692,0.0,1,2,0.0078225940130474
7568,6353,8.191045647573166e-06,0.18464333292963547,0.0,1,2,0.0078225940130474
7575,6386,1.1223962481821653e-07,0.15105219355605753,0.0,1,2,0.0078225940130474
7581,6492,2.0015217507760738e-06,0.18225505666331945,0.0,1,2,0.0078225940130474
7582,6522,8.191045647573166e-06,0.18464333292963547,0.0,1,2,0.0078225940130474
7586,6655,1.8294759440353098e-06,0.16834503776334966,0.0,1,2,0.0078225940130474
7591,6956,7.58445909525566e-06,0.17880515093941313,0.0,1,2,0.0078225940130474
7612,6948,5.559447731899565e-07,0.16713440035080027,0.0,1,2,0.0078225940130474
7615,7005,2.052593431325116e-06,0.18571393768119474,0.0,1,2,0.0078225940130474
432,5474,4.830175958003204e-06,0.17632772020725387,0.0,2,2,0.0078225940130474
459,61,7.800798593368082e-06,0.18245572044040212,0.0,2,2,0.0078225940130474
975,1988,4.689720735228556e-05,0.18397490044648243,0.0,2,2,0.0078225940130474
980,5977,2.6536814793868502e-05,0.18431742347308863,0.0,2,2,0.0078225940130474
1037,143,0.00013300285266328946,0.20179479034307496,0.0,2,2,0.0078225940130474
1183,6385,1.5244990697574065e-05,0.20447412891285105,0.0,2,2,0.0078225940130474
1899,318,0.002664404712069404,0.20705109052883178,0.0,2,2,0.0078225940130474
1969,338,1.9332944583279975e-05,0.19956019791094007,0.0,2,2,0.0078225940130474
2009,350,4.703345606758919e-06,0.17633179894057505,0.0,2,2,0.0078225940130474
2018,355,7.176408946419948e-06,0.18006377701665288,0.0,2,2,0.0078225940130474
2029,7465,7.73171745983952e-06,0.17596140529061446,0.0,2,2,0.0078225940130474
2034,1556,7.623176274340673e-05,0.20530015351054376,0.0,2,2,0.0078225940130474
2166,390,0.00015681819739986864,0.1988470367278798,0.0,2,2,0.0078225940130474
2167,391,0.00014472071542188114,0.2011292578032242,0.0,2,2,0.0078225940130474
2226,408,0.00013619391953410926,0.2008536874555371,0.0,2,2,0.0078225940130474
2324,1993,4.192334197229567e-05,0.193222143364088,0.0,2,2,0.0078225940130474
2340,6898,4.531870410325875e-06,0.1796267496111975,0.0,2,2,0.0078225940130474
2547,3467,2.2739538752296722e-05,0.17868779447270342,0.0,2,2,0.0078225940130474
2736,532,0.00010051682887734602,0.1946430395260954,0.0,2,2,0.0078225940130474
2787,544,7.12951796511902e-05,0.20314998401023346,0.0,2,2,0.0078225940130474
2858,569,2.2747991534275408e-05,0.19960722702278083,0.0,2,2,0.0078225940130474
2994,621,0.00013599468343023134,0.19682416731216112,0.0,2,2,0.0078225940130474
3016,631,0.00010884306546092549,0.19225240220927592,0.0,2,2,0.0078225940130474
3027,2784,9.421222727127664e-07,0.16385443759000926,0.0,2,2,0.0078225940130474
3028,7588,9.421222727128917e-07,0.16385443759000926,0.0,2,2,0.0078225940130474
3184,4789,1.8866723126410843e-06,0.16090765171503957,0.0,2,2,0.0078225940130474
3237,3935,4.521044328627613e-05,0.2054440102412074,0.0,2,2,0.0078225940130474
3284,2203,2.6938735465687645e-05,0.18434862518439699,0.0,2,2,0.0078225940130474
3462,3094,8.768697823052841e-05,0.18447353773927352,0.0,2,2,0.0078225940130474
3538,822,0.00027370742543891233,0.20144284128745837,0.0,2,2,0.0078225940130474
3540,824,7.092280038186809e-05,0.20278790135936794,0.0,2,2,0.0078225940130474
3572,2250,3.0467000114686274e-05,0.18621751025991792,0.0,2,2,0.0078225940130474
3577,7037,7.892139876861252e-05,0.20423855963990997,0.0,2,2,0.0078225940130474
3609,855,8.24553271546934e-06,0.19089474870407933,0.0,2,2,0.0078225940130474
3636,6454,9.131690390161251e-05,0.20341018251681076,0.0,2,2,0.0078225940130474
3644,868,5.643970955447729e-08,0.15042920572274296,0.0,2,2,0.0078225940130474
3645,3546,1.4631019544118992e-09,0.13076593189810448,0.0,2,2,0.0078225940130474
3646,4310,2.177182094539107e-06,0.17704438302715006,0.0,2,2,0.0078225940130474
3673,880,1.6554929433121261e-06,0.17234908433190144,0.0,2,2,0.0078225940130474
3674,4129,6.386123568376613e-05,0.20821042281219274,0.0,2,2,0.0078225940130474
3675,7058,4.291579422040207e-08,0.14702025072324013,0.0,2,2,0.0078225940130474
3688,1664,8.111922553730493e-05,0.18856209958690973,0.0,2,2,0.0078225940130474
3712,6614,3.4072094630759556e-05,0.18512761978774558,0.0,2,2,0.0078225940130474
3722,6465,3.3155649855734527e-06,0.168736303871439,0.0,2,2,0.0078225940130474
3889,3556,0.0010587609659808387,0.19699710564399422,0.0,2,2,0.0078225940130474
3921,1357,7.86509104648279e-07,0.16282894736842105,0.0,2,2,0.0078225940130474
3956,990,8.971478470875755e-07,0.16961107155571378,0.0,2,2,0.0078225940130474
3990,1003,0.0001282435784405183,0.19926286072772897,0.0,2,2,0.0078225940130474
4073,6977,4.890871994291277e-08,0.13861260114555868,0.0,2,2,0.0078225940130474
4152,6788,0.0007212009713325923,0.20174138569840683,0.0,2,2,0.0078225940130474
4153,1075,3.9564437234419246e-05,0.20364384366735233,0.0,2,2,0.0078225940130474
4192,1094,6.426759854788907e-05,0.1899339728416594,0.0,2,2,0.0078225940130474
4299,2286,0.002736854796036881,0.20048919046867603,0.0,2,2,0.0078225940130474
4344,1167,6.0492442218865784e-05,0.19345260753711457,0.0,2,2,0.0078225940130474
4381,1192,3.380633817263779e-06,0.15988841579797386,0.0,2,2,0.0078225940130474
4383,2901,0.0001304092241553002,0.19030381706068852,0.0,2,2,0.0078225940130474
4391,1197,7.192044295534131e-05,0.2034916312965484,0.0,2,2,0.0078225940130474
4461,4697,0.0001024315312909219,0.20671981776765375,0.0,2,2,0.0078225940130474
4462,3515,4.2407592447966624e-05,0.19911712464737227,0.0,2,2,0.0078225940130474
4525,4188,0.0001585555705434349,0.2037853877616489,0.0,2,2,0.0078225940130474
4543,2097,4.8269399517465e-05,0.19293849658314352,0.0,2,2,0.0078225940130474
4618,1523,5.797774427584972e-06,0.17259492381189576,0.0,2,2,0.0078225940130474
4619,4663,5.797774427585634e-06,0.17259492381189576,0.0,2,2,0.0078225940130474
4655,6429,1.3542969709053653e-05,0.17964368195315078,0.0,2,2,0.0078225940130474
4761,1416,2.484386430993349e-05,0.1792676904263575,0.0,2,2,0.0078225940130474
4820,1458,1.6442206273969563e-06,0.17774202574146614,0.0,2,2,0.0078225940130474
4953,6837,0.00013023252985135003,0.2052448776284968,0.0,2,2,0.0078225940130474
4954,6364,0.00013023252985135003,0.2052448776284968,0.0,2,2,0.0078225940130474
4973,6087,0.00010305468382280008,0.19392505533084026,0.0,2,2,0.0078225940130474
4976,6997,0.00010588192624721456,0.19049404003298598,0.0,2,2,0.0078225940130474
5085,1631,4.107859945886431e-05,0.18715934200834766,0.0,2,2,0.0078225940130474
5095,1640,0.0001690391148659136,0.20439189189189189,0.0,2,2,0.0078225940130474
5114,1654,0.00015700696216892267,0.18845022372747275,0.0,2,2,0.0078225940130474
5139,1666,2.864486475302164e-06,0.18200267405214401,0.0,2,2,0.0078225940130474
5140,3306,1.7380001441711872e-05,0.19591364687740942,0.0,2,2,0.0078225940130474
5180,2608,7.502143469332262e-05,0.20961887477313976,0.0,2,2,0.0078225940130474
5234,1719,6.910361226932426e-06,0.17059415911379658,0.0,2,2,0.0078225940130474
5304,1772,0.00016220606525228177,0.2008907394718811,0.0,2,2,0.0078225940130474
5372,1809,0.00015717418344324453,0.18654104979811575,0.0,2,2,0.0078225940130474
5375,1811,0.00015022884411016412,0.20090662309253354,0.0,2,2,0.0078225940130474
5388,1827,7.045738283471385e-07,0.15342658750125793,0.0,2,2,0.0078225940130474
5390,6928,7.045738283472748e-07,0.15342658750125793,0.0,2,2,0.0078225940130474
5405,6484,0.00012973891078543238,0.20766590389016018,0.0,2,2,0.0078225940130474
5406,4029,1.6442206273969563e-06,0.17774202574146614,0.0,2,2,0.0078225940130474
5452,1867,1.5233446838376089e-05,0.17742761381621822,0.0,2,2,0.0078225940130474
5453,4761,5.698121112248015e-07,0.1558927585431195,0.0,2,2,0.0078225940130474
5482,1889,1.2462197984412299e-05,0.17380697234319067,0.0,2,2,0.0078225940130474
5540,3943,3.2719590311773045e-05,0.1874400649143082,0.0,2,2,0.0078225940130474
5541,7479,3.9438348148737965e-05,0.19467286378262424,0.0,2,2,0.0078225940130474
5542,6677,4.7033456067586865e-06,0.17633179894057505,0.0,2,2,0.0078225940130474
5607,4449,1.6176592441630214e-05,0.17812828601472136,0.0,2,2,0.0078225940130474
5624,2018,2.881760174459381e-05,0.2001207602646225,0.0,2,2,0.0078225940130474
5636,5049,1.2869492277858983e-05,0.1831923483610497,0.0,2,2,0.0078225940130474
5717,2087,0.00013300850708894375,0.20084839542604205,0.0,2,2,0.0078225940130474
5811,6276,3.6688116974702815e-06,0.1714112250404749,0.0,2,2,0.0078225940130474
5825,3938,2.6842453352750592e-05,0.18853411817080107,0.0,2,2,0.0078225940130474
5854,7356,4.3973726805911585e-05,0.20525593042354398,0.0,2,2,0.0078225940130474
5873,2252,2.260921397998813e-05,0.18872549019607843,0.0,2,2,0.0078225940130474
5883,4340,0.0001295134329715743,0.1943452987966551,0.0,2,2,0.0078225940130474
5921,3187,0.0002314931787950958,0.1989404457435148,0.0,2,2,0.0078225940130474
5932,7478,2.4317902105144765e-07,0.15124699906747882,0.0,2,2,0.0078225940130474
5935,2323,6.3076564363896315e-06,0.19223300970873786,0.0,2,2,0.0078225940130474
5959,2343,8.408885173550823e-06,0.18464780544520878,0.0,2,2,0.0078225940130474
5960,6366,8.408885173550236e-06,0.18464780544520878,0.0,2,2,0.0078225940130474
5988,2378,3.477799691887011e-06,0.1598984771573604,0.0,2,2,0.0078225940130474
6025,4417,7.057272433772566e-05,0.20240560777441452,0.0,2,2,0.0078225940130474
6036,2427,0.0001228075900152624,0.19913793103448277,0.0,2,2,0.0078225940130474
6044,2441,4.1417450833958856e-05,0.1830383941220256,0.0,2,2,0.0078225940130474
6059,5154,3.651654308412613e-05,0.19065126050420167,0.0,2,2,0.0078225940130474
6060,2593,1.8986793865309096e-05,0.20120357906405892,0.0,2,2,0.0078225940130474
6084,2484,0.0001310126019697458,0.21018528730561375,0.0,2,2,0.0078225940130474
6111,3102,8.432497259089538e-05,0.20241635687732343,0.0,2,2,0.0078225940130474
6113,4926,6.88698800319779e-05,0.20240560777441452,0.0,2,2,0.0078225940130474
6118,5563,7.989164207631518e-05,0.2025346724055476,0.0,2,2,0.0078225940130474
6122,2957,6.855123987057616e-05,0.20240560777441452,0.0,2,2,0.0078225940130474
6123,6071,7.032834404054476e-05,0.20240560777441452,0.0,2,2,0.0078225940130474
6127,3278,7.311841122550143e-05,0.20240560777441452,0.0,2,2,0.0078225940130474
6129,4072,7.032711970367325e-05,0.20240023365106338,0.0,2,2,0.0078225940130474
6131,4605,7.032711970367192e-05,0.20240023365106338,0.0,2,2,0.0078225940130474
6133,2801,0.00014472071542188114,0.2011292578032242,0.0,2,2,0.0078225940130474
6147,2537,6.762031678655209e-06,0.1726183736781323,0.0,2,2,0.0078225940130474
6194,6801,0.00018632002651201688,0.2023303960080688,0.0,2,2,0.0078225940130474
6195,5861,0.00026772707906801965,0.20221768310475635,0.0,2,2,0.0078225940130474
6228,5337,2.053971881321131e-06,0.18572298696552564,0.0,2,2,0.0078225940130474
6247,2656,1.1164782549908695e-05,0.19060835646238092,0.0,2,2,0.0078225940130474
6275,5030,0.0002509960232715399,0.2071974124106439,0.0,2,2,0.0078225940130474
6340,7198,0.00012207141700504745,0.1872880939511572,0.0,2,2,0.0078225940130474
6391,2895,4.343413579339653e-06,0.1729198802286544,0.0,2,2,0.0078225940130474
6415,2894,0.00013907622106742846,0.20114517916512745,0.0,2,2,0.0078225940130474
6422,2898,4.9566883564912336e-05,0.18036200165621674,0.0,2,2,0.0078225940130474
6440,2935,1.0915916451552153e-05,0.18019572617246596,0.0,2,2,0.0078225940130474
6466,2984,2.0772716123320156e-05,0.18685655456417297,0.0,2,2,0.0078225940130474
6499,3194,9.642541997757644e-05,0.19452383382668165,0.0,2,2,0.0078225940130474
6505,3041,0.00013325669126935496,0.20083781220360417,0.0,2,2,0.0078225940130474
6532,6711,0.0001290542116609862,0.2015014141841347,0.0,2,2,0.0078225940130474
6567,4398,0.006722722546748689,0.2297399113950755,0.0,2,2,0.0078225940130474
6571,5136,8.344917561733294e-06,0.17617286803790155,0.0,2,2,0.0078225940130474
6580,4068,3.89875973092619e-06,0.16872509960159363,0.0,2,2,0.0078225940130474
6581,3769,1.4937547021658718e-05,0.18073831709225407,0.0,2,2,0.0078225940130474
6599,3190,7.346114704020737e-06,0.18051575931232092,0.0,2,2,0.0078225940130474
6601,3195,0.00012906100931963643,0.20084839542604205,0.0,2,2,0.0078225940130474
6605,3202,0.0001290602668872957,0.20094899169632266,0.0,2,2,0.0078225940130474
6612,3217,8.592720423344223e-05,0.19748704663212435,0.0,2,2,0.0078225940130474
6614,6762,3.8419971763682996e-05,0.19452383382668165,0.0,2,2,0.0078225940130474
6669,5583,1.4886674762787236e-05,0.19173981940287246,0.0,2,2,0.0078225940130474
6673,5484,0.00031883387681735936,0.20825592831384548,0.0,2,2,0.0078225940130474
6756,3884,2.7777796801998444e-05,0.1857501401106265,0.0,2,2,0.0078225940130474
6786,6702,9.153624107006328e-05,0.18521308129646727,0.0,2,2,0.0078225940130474
6803,3535,3.121714764484298e-05,0.1996229083195852,0.0,2,2,0.0078225940130474
6870,5107,4.3533590204594354e-06,0.169189453125,0.0,2,2,0.0078225940130474
6898,6237,4.004939213348507e-05,0.1828320621672183,0.0,2,2,0.0078225940130474
6963,6306,2.675212081144217e-06,0.17111879321181647,0.0,2,2,0.0078225940130474
6979,6313,2.7510121729821223e-05,0.18980155864850734,0.0,2,2,0.0078225940130474
6987,3922,0.0001913621304163882,0.1942215088282504,0.0,2,2,0.0078225940130474
7019,7025,9.10458299874813e-05,0.19758430315440242,0.0,2,2,0.0078225940130474
7022,4224,4.153847987725298e-06,0.18501529051987767,0.0,2,2,0.0078225940130474
7037,4043,0.0003393270696328451,0.2060715830449827,0.0,2,2,0.0078225940130474
7058,5380,0.00023172868541287197,0.19427595698047812,0.0,2,2,0.0078225940130474
7060,4117,1.6886086588258946e-05,0.18055423969682616,0.0,2,2,0.0078225940130474
7274,6992,0.00012948467368530583,0.20083252101061727,0.0,2,2,0.0078225940130474
7277,5054,0.00014555026813619252,0.20088544548976203,0.0,2,2,0.0078225940130474
7278,5100,0.00013516757224582164,0.20113456464379947,0.0,2,2,0.0078225940130474
7357,5877,6.5579055344015015e-06,0.16821501864642407,0.0,2,2,0.0078225940130474
7407,6719,2.5239107827979882e-05,0.18563705435417885,0.0,2,2,0.0078225940130474
7432,5296,2.2286723012287874e-05,0.17416436290525258,0.0,2,2,0.0078225940130474
7454,7520,0.00021388963257893697,0.19027056709265175,0.0,2,2,0.0078225940130474
7491,5648,3.477799691887011e-06,0.1598984771573604,0.0,2,2,0.0078225940130474
7523,6539,9.51076043422064e-08,0.14633724948168625,0.0,2,2,0.0078225940130474
7585,6518,2.0252747773540007e-05,0.17264965008040223,0.0,2,2,0.0078225940130474
71,1686,0.00019075467436287127,0.190517844646606,0.0,3,2,0.0078225940130474
205,2689,1.3284253109956454e-05,0.18626756261453878,0.0,3,2,0.0078225940130474
209,4462,2.8778571497990483e-05,0.18888448386936915,0.0,3,2,0.0078225940130474
236,28,0.0039021820403197767,0.22134789047301026,0.0,3,2,0.0078225940130474
397,6605,0.00017490028221022415,0.19935144747509087,0.0,3,2,0.0078225940130474
431,55,5.017658553444622e-06,0.17633179894057505,0.0,3,2,0.0078225940130474
461,2940,1.9806092088455643e-06,0.18685197440988308,0.0,3,2,0.0078225940130474
886,3997,0.0003280900690639071,0.2086720867208672,0.0,3,2,0.0078225940130474
1045,146,3.862233603799687e-05,0.19410776125483806,0.0,3,2,0.0078225940130474
1175,4835,8.221390960308648e-05,0.2079207920792079,0.0,3,2,0.0078225940130474
2048,363,0.00013894861129759358,0.20178944860629483,0.0,3,2,0.0078225940130474
2549,2690,0.00025620736012933553,0.2010072777133214,0.0,3,2,0.0078225940130474
2610,6103,9.474482842417207e-05,0.20319330419021217,0.0,3,2,0.0078225940130474
2740,534,0.0002021149254779109,0.21908949818934298,0.0,3,2,0.0078225940130474
2748,6746,1.8287186203696333e-06,0.1591939020570116,0.0,3,2,0.0078225940130474
2749,1282,3.3966234408315557e-06,0.1828320621672183,0.0,3,2,0.0078225940130474
2768,542,1.94350439345967e-05,0.17586803552889607,0.0,3,2,0.0078225940130474
2789,1423,2.558560227415373e-06,0.18253873231005005,0.0,3,2,0.0078225940130474
2859,3904,0.00013232603038354357,0.20096488453021197,0.0,3,2,0.0078225940130474
3079,7204,1.119500046530783e-05,0.18908594815825375,0.0,3,2,0.0078225940130474
3182,3959,2.018020120630818e-06,0.1667468719923003,0.0,3,2,0.0078225940130474
3485,1652,0.0001483543791968126,0.20673663656333902,0.0,3,2,0.0078225940130474
3605,2828,0.00020123710842960346,0.20314998401023346,0.0,3,2,0.0078225940130474
3687,886,0.00021853571054028078,0.20786409620156518,0.0,3,2,0.0078225940130474
3714,1359,0.0001389038371545276,0.19318297009630006,0.0,3,2,0.0078225940130474
3716,3420,9.81356859226344e-05,0.20354596672986036,0.0,3,2,0.0078225940130474
3738,5421,1.284382172572296e-05,0.18445121951219512,0.0,3,2,0.0078225940130474
3789,1681,9.080971504111572e-05,0.18100439273418023,0.0,3,2,0.0078225940130474
3790,5865,1.787142049248864e-05,0.18660954712362302,0.0,3,2,0.0078225940130474
3866,7463,0.00010304596497078135,0.2093138197094923,0.0,3,2,0.0078225940130474
4058,5721,9.694730971432063e-05,0.19592875318066158,0.0,3,2,0.0078225940130474
4126,1060,6.941500042669412e-05,0.2028580552450902,0.0,3,2,0.0078225940130474
4168,1382,9.271933839271719e-06,0.17829910651634934,0.0,3,2,0.0078225940130474
4260,1125,0.0002295461835223206,0.21964501815248083,0.0,3,2,0.0078225940130474
4289,6690,7.037438067764358e-05,0.2024109821831603,0.0,3,2,0.0078225940130474
4291,3391,7.465232417409762e-05,0.19485698218348202,0.0,3,2,0.0078225940130474
4394,1201,5.923223204734473e-06,0.18025111725899126,0.0,3,2,0.0078225940130474
4770,3153,2.1436118093714227e-05,0.1792339705156239,0.0,3,2,0.0078225940130474
4802,1441,0.00021711296618848362,0.20141090678503487,0.0,3,2,0.0078225940130474
4924,5313,0.0001523709045537396,0.20168267322803396,0.0,3,2,0.0078225940130474
4974,5141,0.00011727610200524287,0.19930453879941434,0.0,3,2,0.0078225940130474
5035,6197,2.68666565457486e-05,0.20345904395868364,0.0,3,2,0.0078225940130474
5039,4808,1.6694231116058803e-05,0.17697040046430645,0.0,3,2,0.0078225940130474
5120,2956,0.00014432487548290715,0.19719585068680964,0.0,3,2,0.0078225940130474
5131,5307,9.39879952564555e-05,0.19275798417073356,0.0,3,2,0.0078225940130474
5141,1667,0.0002491681039076142,0.19698183415592135,0.0,3,2,0.0078225940130474
5181,4915,0.0003151419737213515,0.2132605958875367,0.0,3,2,0.0078225940130474
5183,2110,0.00010610057231296132,0.2198350444111201,0.0,3,2,0.0078225940130474
5185,4440,0.00011733862279772056,0.21553381587876047,0.0,3,2,0.0078225940130474
5403,6944,1.028637474392048e-05,0.19212157870860427,0.0,3,2,0.0078225940130474
5404,5300,3.6418883224860296e-05,0.22953929539295392,0.0,3,2,0.0078225940130474
5503,3415,7.277969749099532e-05,0.2124522727906134,0.0,3,2,0.0078225940130474
5526,5091,0.00017746988447377675,0.20128326996197718,0.0,3,2,0.0078225940130474
5529,2075,0.0001622803190719299,0.20110272780034824,0.0,3,2,0.0078225940130474
5550,2185,0.00018708243723351852,0.20502407143433474,0.0,3,2,0.0078225940130474
5555,2125,0.00014088752660725148,0.20088015178665541,0.0,3,2,0.0078225940130474
5559,3151,0.00011849073928526784,0.20095428902831233,0.0,3,2,0.0078225940130474
5560,2256,0.00024517387370246346,0.20674785061430392,0.0,3,2,0.0078225940130474
5850,2222,0.000161022253851014,0.20259388205278125,0.0,3,2,0.0078225940130474
5868,2249,1.1626947011365202e-05,0.17893526125534012,0.0,3,2,0.0078225940130474
5869,7246,0.00020860696423715105,0.20208902203016887,0.0,3,2,0.0078225940130474
5881,5104,2.9468721578792946e-05,0.1887956014562746,0.0,3,2,0.0078225940130474
5989,7298,3.565620071314361e-06,0.15990183122522184,0.0,3,2,0.0078225940130474
5997,6945,0.0007963451078577794,0.21233391827525697,0.0,3,2,0.0078225940130474
6026,6489,7.062011851236476e-05,0.20241635687732343,0.0,3,2,0.0078225940130474
6076,2478,7.074804438317516e-05,0.20241635687732343,0.0,3,2,0.0078225940130474
6110,5336,0.00023557188080819178,0.2187374461979914,0.0,3,2,0.0078225940130474
6116,3417,9.149258011041492e-05,0.20439737230191715,0.0,3,2,0.0078225940130474
6119,7525,9.137253524950637e-05,0.20282567049808428,0.0,3,2,0.0078225940130474
6130,6131,8.296843753373416e-05,0.20574343472510864,0.0,3,2,0.0078225940130474
6262,5901,0.00026109028856260405,0.20605487228003785,0.0,3,2,0.0078225940130474
6301,2743,0.0001187382397119197,0.19823169938889612,0.0,3,2,0.0078225940130474
6314,4774,4.1867100950511694e-05,0.186659810475281,0.0,3,2,0.0078225940130474
6390,4769,0.0001345943506245035,0.20130984762458076,0.0,3,2,0.0078225940130474
6416,6625,0.0001407494427637281,0.20558806871814234,0.0,3,2,0.0078225940130474
6509,6895,0.0014329802990485398,0.20456192137394338,0.0,3,2,0.0078225940130474
6529,3074,3.636361386151817e-06,0.17873807123261976,0.0,3,2,0.0078225940130474
6531,3628,3.870100890074693e-06,0.17085032946344525,0.0,3,2,0.0078225940130474
6578,5733,1.4075798853266232e-05,0.17683902846405455,0.0,3,2,0.0078225940130474
6672,3394,0.00032650520672683665,0.21719186278420421,0.0,3,2,0.0078225940130474
6895,3984,3.59485532546588e-05,0.19886778670562455,0.0,3,2,0.0078225940130474
7041,5008,5.760095142619657e-06,0.18778174652050744,0.0,3,2,0.0078225940130474
7262,4758,0.00031414735883504536,0.20311209400229144,0.0,3,2,0.0078225940130474
7269,5310,0.0001500761432989456,0.2008695652173913,0.0,3,2,0.0078225940130474
7276,6494,0.00033975954829295506,0.20609386828160484,0.0,3,2,0.0078225940130474
7431,5428,5.688280322065265e-05,0.18258245311489546,0.0,3,2,0.0078225940130474
7439,6443,3.575707857851612e-05,0.19348697903446876,0.0,3,2,0.0078225940130474
434,494,7.424551304773104e-06,0.19045596502186132,0.0,4,2,0.0078225940130474
498,7097,0.00013208426424568762,0.2001627980254175,0.0,4,2,0.0078225940130474
501,4702,1.624807089080026e-05,0.17485950223649502,0.0,4,2,0.0078225940130474
543,4587,2.125781026100531e-05,0.17842012873025162,0.0,4,2,0.0078225940130474
726,3192,0.0010802486032333396,0.20508474576271185,0.0,4,2,0.0078225940130474
1048,2759,9.122500985260175e-05,0.19951319095477388,0.0,4,2,0.0078225940130474
1184,436,0.00027735727979768236,0.20716925752799217,0.0,4,2,0.0078225940130474
1910,322,0.00018016648264773322,0.19844844193372035,0.0,4,2,0.0078225940130474
1916,324,1.7369263648623247e-05,0.18683823529411764,0.0,4,2,0.0078225940130474
1920,7437,5.2376697862814704e-05,0.18813860506441582,0.0,4,2,0.0078225940130474
1962,336,0.0001579411125697875,0.21085970347421995,0.0,4,2,0.0078225940130474
2037,1373,0.0006274727925435102,0.21521739130434783,0.0,4,2,0.0078225940130474
2338,6881,7.752972028881741e-05,0.20689374406296648,0.0,4,2,0.0078225940130474
2491,479,6.637456072314782e-05,0.19386587319752804,0.0,4,2,0.0078225940130474
2552,4232,2.288490938951058e-05,0.19154228855721392,0.0,4,2,0.0078225940130474
2580,4238,0.0002337927899081253,0.21536940245797428,0.0,4,2,0.0078225940130474
2628,4844,7.348951996132443e-05,0.20384533105144936,0.0,4,2,0.0078225940130474
2747,537,5.8054802978677565e-05,0.18718232044198896,0.0,4,2,0.0078225940130474
2771,3645,1.998202276271357e-05,0.17587615070484278,0.0,4,2,0.0078225940130474
2999,5453,0.00020252420715454326,0.20882642998027615,0.0,4,2,0.0078225940130474
3022,5811,0.000448668957080185,0.210144727773949,0.0,4,2,0.0078225940130474
3283,726,1.2292902847639053e-05,0.1793056404948958,0.0,4,2,0.0078225940130474
3382,788,0.00011243675928822404,0.19076576576576576,0.0,4,2,0.0078225940130474
3469,2063,2.716543352793042e-05,0.1777088772845953,0.0,4,2,0.0078225940130474
3571,7273,8.285993976530556e-05,0.20477623166603987,0.0,4,2,0.0078225940130474
3573,1785,2.459905034880788e-05,0.20610501270751094,0.0,4,2,0.0078225940130474
3693,2078,0.00022798739643493742,0.20628348757915246,0.0,4,2,0.0078225940130474
4140,7499,0.00016645353003774763,0.2047872340425532,0.0,4,2,0.0078225940130474
4154,5475,5.888960396449378e-05,0.19666167896393374,0.0,4,2,0.0078225940130474
4232,1109,2.3583434372246045e-05,0.1853481812876872,0.0,4,2,0.0078225940130474
4240,1115,0.00018459463006777711,0.2013151639993662,0.0,4,2,0.0078225940130474
4290,6678,2.1661063323898098e-05,0.17606300667482735,0.0,4,2,0.0078225940130474
4347,4051,4.5040321865767175e-05,0.21135078185649328,0.0,4,2,0.0078225940130474
4500,6865,0.00014422150788883254,0.20729883338318875,0.0,4,2,0.0078225940130474
4522,2313,0.00010194404781732777,0.2002416664477659,0.0,4,2,0.0078225940130474
4544,1616,7.297122693468262e-05,0.22091810119979133,0.0,4,2,0.0078225940130474
4709,3159,2.6204758344341474e-05,0.18914694059848147,0.0,4,2,0.0078225940130474
4803,5328,0.0003273462737512599,0.20467726345183115,0.0,4,2,0.0078225940130474
4891,2237,0.00015627723795282354,0.19922640671144448,0.0,4,2,0.0078225940130474
4892,2841,0.00018549530212964271,0.21399696816574026,0.0,4,2,0.0078225940130474
4987,1568,5.363341773903193e-05,0.18996710526315788,0.0,4,2,0.0078225940130474
5048,6081,0.0001971337532718215,0.18792525391973178,0.0,4,2,0.0078225940130474
5074,6139,3.718438106352359e-05,0.20654058740652434,0.0,4,2,0.0078225940130474
5097,7492,9.874518427909977e-05,0.19770729050496666,0.0,4,2,0.0078225940130474
5099,3972,4.351023982860277e-05,0.19583815028901735,0.0,4,2,0.0078225940130474
5111,5709,0.00019661765540264446,0.20919893520678395,0.0,4,2,0.0078225940130474
5112,5044,3.598377679332806e-05,0.18211572459267045,0.0,4,2,0.0078225940130474
5129,2715,0.0004304645948462157,0.20567127131448307,0.0,4,2,0.0078225940130474
5134,2509,0.00021801509230271742,0.20960158376639446,0.0,4,2,0.0078225940130474
5149,2862,2.691189365406048e-05,0.1863358592031288,0.0,4,2,0.0078225940130474
5168,2802,1.2786144971918526e-05,0.1945039804041641,0.0,4,2,0.0078225940130474
5174,2321,7.558303571603219e-06,0.1763358778625954,0.0,4,2,0.0078225940130474
5178,4247,0.00015055131495785525,0.20760934691431995,0.0,4,2,0.0078225940130474
5182,5052,0.00020206444629379511,0.21427366764110636,0.0,4,2,0.0078225940130474
5235,4102,1.5810187645730798e-05,0.183899449966226,0.0,4,2,0.0078225940130474
5263,1739,0.00030548259846854267,0.2121861604409063,0.0,4,2,0.0078225940130474
5349,2263,0.0001316857303013145,0.20502407143433474,0.0,4,2,0.0078225940130474
5373,5656,0.0001625139255888811,0.1994662061386294,0.0,4,2,0.0078225940130474
5389,2512,2.6492879858202646e-05,0.18122384937238495,0.0,4,2,0.0078225940130474
5548,6144,0.00020697679216275872,0.2084438489513549,0.0,4,2,0.0078225940130474
5635,2350,0.0002768136643401284,0.20412371134020618,0.0,4,2,0.0078225940130474
5671,2034,0.00023782985556159054,0.19717544812601848,0.0,4,2,0.0078225940130474
5697,3752,1.8200165676920932e-05,0.18278822175330903,0.0,4,2,0.0078225940130474
5725,2099,0.0001973101828601524,0.20427139718098505,0.0,4,2,0.0078225940130474
5760,5480,0.00014114585458337742,0.22145077419167417,0.0,4,2,0.0078225940130474
5858,3760,0.00042027194143112593,0.1991223258365332,0.0,4,2,0.0078225940130474
5933,2322,0.0001405459361583065,0.2040035325287018,0.0,4,2,0.0078225940130474
5941,4464,7.194591548907797e-05,0.20612730517549077,0.0,4,2,0.0078225940130474
6012,7177,3.2413864162848094e-05,0.18119800332778702,0.0,4,2,0.0078225940130474
6028,6542,7.970655901988148e-05,0.2024324826725443,0.0,4,2,0.0078225940130474
6115,6414,0.0001473294942885851,0.2040144520272983,0.0,4,2,0.0078225940130474
6121,2596,0.0002402605335941045,0.21418336096204096,0.0,4,2,0.0078225940130474
6132,4378,0.00020591648314366277,0.19770729050496666,0.0,4,2,0.0078225940130474
6427,2905,0.00010819468224462855,0.20345904395868364,0.0,4,2,0.0078225940130474
6506,7151,0.00016585746571733055,0.20391621860203835,0.0,4,2,0.0078225940130474
6556,3212,4.038792916080549e-05,0.23089504770558836,0.0,4,2,0.0078225940130474
6568,7209,9.49089775694435e-05,0.2037853877616489,0.0,4,2,0.0078225940130474
6648,5664,7.821102004434711e-05,0.18737095664143152,0.0,4,2,0.0078225940130474
6890,3695,4.646212548610861e-05,0.19554677680014365,0.0,4,2,0.0078225940130474
7223,5748,0.00018264451928558836,0.20486428379467886,0.0,4,2,0.0078225940130474
356,5896,4.627153641678605e-05,0.19505143032598127,0.0,5,2,0.0078225940130474
358,3340,0.00018169393074579911,0.19295803169138864,0.0,5,2,0.0078225940130474
728,7574,0.0004619983666602559,0.21629827199727605,0.0,5,2,0.0078225940130474
884,119,0.00035730089567752435,0.21390089230596554,0.0,5,2,0.0078225940130474
1919,2517,0.0001493629792639705,0.1974001087603905,0.0,5,2,0.0078225940130474
1963,7117,0.00023014919727828837,0.20561024949426837,0.0,5,2,0.0078225940130474
1987,344,0.00027902117917858355,0.22039435642419336,0.0,5,2,0.0078225940130474
2197,402,2.2721543441195346e-05,0.19395959493155565,0.0,5,2,0.0078225940130474
2342,5639,1.3050049126675998e-05,0.18362037817656268,0.0,5,2,0.0078225940130474
2909,5291,0.00036353973565104726,0.20727065093262276,0.0,5,2,0.0078225940130474
3017,6832,0.003984039194245056,0.2287197335653635,0.0,5,2,0.0078225940130474
3181,5728,0.0001485726146170414,0.20793213496631296,0.0,5,2,0.0078225940130474
3183,3355,0.00013191739819911938,0.1951762808203395,0.0,5,2,0.0078225940130474
3230,1341,0.0003025166026010231,0.22271890612674206,0.0,5,2,0.0078225940130474
3286,3431,3.389630327742617e-05,0.19670227589410125,0.0,5,2,0.0078225940130474
3383,5845,8.28802437259382e-05,0.20323664284952545,0.0,5,2,0.0078225940130474
3610,6653,0.00023797561206020327,0.20170401926282644,0.0,5,2,0.0078225940130474
3634,2180,0.00014152573071250058,0.20684321918923318,0.0,5,2,0.0078225940130474
3723,7421,2.7157706971401374e-05,0.18953257086026853,0.0,5,2,0.0078225940130474
3878,3482,8.14091729492452e-06,0.19630716934487022,0.0,5,2,0.0078225940130474
3957,2408,1.3170876388935693e-05,0.18000850099178237,0.0,5,2,0.0078225940130474
4057,1027,0.0002943879986528648,0.19971704786606934,0.0,5,2,0.0078225940130474
4167,1084,1.3002242156711416e-05,0.18069547490933227,0.0,5,2,0.0078225940130474
4283,3472,1.3661048529275245e-05,0.17381489841986456,0.0,5,2,0.0078225940130474
4395,6025,0.0001022948756384731,0.20338304741068808,0.0,5,2,0.0078225940130474
4406,5650,0.0002784874040396759,0.20815356889301512,0.0,5,2,0.0078225940130474
4421,7036,0.00010934855340653576,0.20750762195121952,0.0,5,2,0.0078225940130474
4527,3228,0.0005082382337575332,0.22350905998944468,0.0,5,2,0.0078225940130474
4579,1306,0.00016411442063866895,0.22990620381819826,0.0,5,2,0.0078225940130474
4602,7268,0.00013068190977677137,0.19032282226050484,0.0,5,2,0.0078225940130474
4638,3239,0.00041365727577009735,0.1970684039087948,0.0,5,2,0.0078225940130474
4654,1354,0.00035442169896176645,0.21058592778806046,0.0,5,2,0.0078225940130474
4808,2272,7.552678692113127e-05,0.19790747183135157,0.0,5,2,0.0078225940130474
4822,4718,3.3402399617738074e-05,0.193222143364088,0.0,5,2,0.0078225940130474
5040,3483,0.00029795095270695744,0.20767156128258915,0.0,5,2,0.0078225940130474
5050,3272,0.0002509386211594896,0.20229817950214957,0.0,5,2,0.0078225940130474
5127,4608,0.00021924658422084985,0.2002416664477659,0.0,5,2,0.0078225940130474
5130,5979,0.0003767367570409146,0.2042604501607717,0.0,5,2,0.0078225940130474
5132,2623,0.0002063365279294584,0.20892372625866748,0.0,5,2,0.0078225940130474
5187,6261,0.0002236163312241358,0.210988098533075,0.0,5,2,0.0078225940130474
5223,4038,4.63785081138683e-05,0.1905702357441064,0.0,5,2,0.0078225940130474
5527,6373,0.0002793218989329167,0.2256794363194979,0.0,5,2,0.0078225940130474
5556,1975,0.0002657599561106114,0.20903257650542942,0.0,5,2,0.0078225940130474
5557,5419,0.0005007018094075744,0.20762631077216395,0.0,5,2,0.0078225940130474
5608,7289,0.00025229929001092645,0.2142315150493213,0.0,5,2,0.0078225940130474
5660,2026,0.0004484431341847208,0.22241998074285882,0.0,5,2,0.0078225940130474
5928,2317,3.782932058381332e-05,0.18790672451193058,0.0,5,2,0.0078225940130474
6078,5417,8.474256236982345e-05,0.20259388205278125,0.0,5,2,0.0078225940130474
6423,4519,0.00043485965117553033,0.2063560813188598,0.0,5,2,0.0078225940130474
6497,4366,0.0001493302118523009,0.1950564212788823,0.0,5,2,0.0078225940130474
6500,4035,0.00026902523232858746,0.2071974124106439,0.0,5,2,0.0078225940130474
6570,3131,1.9322412032001124e-05,0.19227179862284663,0.0,5,2,0.0078225940130474
6778,5803,8.846618995990695e-05,0.2049634329963433,0.0,5,2,0.0078225940130474
6804,4997,0.0005070381448126642,0.21811158798283262,0.0,5,2,0.0078225940130474
204,20,0.00016881868039925378,0.21408110536957986,0.0,6,2,0.0078225940130474
673,6302,3.6943072169220004e-05,0.18065265303220607,0.0,6,2,0.0078225940130474
725,108,0.00015938006168527425,0.19698183415592135,0.0,6,2,0.0078225940130474
1415,219,0.0007888976776888973,0.2210462216551644,0.0,6,2,0.0078225940130474
1900,4943,0.0001071847700266029,0.18854344438673296,0.0,6,2,0.0078225940130474
2049,5041,3.685704056651065e-05,0.19481714329525415,0.0,6,2,0.0078225940130474
2339,4098,9.276659679158642e-05,0.20229281108192024,0.0,6,2,0.0078225940130474
3021,4388,0.0002674184310609979,0.1943452987966551,0.0,6,2,0.0078225940130474
3026,635,3.54250061221602e-05,0.19595393553030693,0.0,6,2,0.0078225940130474
3071,4550,0.0004285155760129823,0.20584343693462587,0.0,6,2,0.0078225940130474
3179,691,7.277906299898716e-05,0.19173981940287246,0.0,6,2,0.0078225940130474
3180,6208,0.00039071873558701585,0.21448467966573817,0.0,6,2,0.0078225940130474
3238,2570,0.0002858298029540373,0.20933106326889278,0.0,6,2,0.0078225940130474
3241,7295,8.495302207122194e-05,0.21859944941500345,0.0,6,2,0.0078225940130474
3285,5013,0.0004118580633750876,0.214051048774324,0.0,6,2,0.0078225940130474
3488,1340,0.00014417595184302784,0.20264235206550055,0.0,6,2,0.0078225940130474
3490,895,0.00010081962852219329,0.20292825768667644,0.0,6,2,0.0078225940130474
3539,3716,0.00028085312730385964,0.20748502994011975,0.0,6,2,0.0078225940130474
3637,6685,4.33259351257132e-06,0.17792456353281674,0.0,6,2,0.0078225940130474
3713,4622,0.00018552891145542114,0.2047487308962961,0.0,6,2,0.0078225940130474
3720,3706,0.00014868324637478945,0.20392712875525,0.0,6,2,0.0078225940130474
3867,2807,9.31928514139992e-05,0.20716925752799217,0.0,6,2,0.0078225940130474
4237,1114,0.00019884339926436049,0.19773806126948718,0.0,6,2,0.0078225940130474
4238,3147,0.0003763383279154879,0.21447261064063247,0.0,6,2,0.0078225940130474
4456,1500,0.00030458808911349973,0.21099977856510185,0.0,6,2,0.0078225940130474
4477,2887,0.00016031682601129517,0.20096488453021197,0.0,6,2,0.0078225940130474
4501,5724,0.00040566452106526567,0.21408711770157554,0.0,6,2,0.0078225940130474
4606,7472,5.1539967283302896e-05,0.20135238648670065,0.0,6,2,0.0078225940130474
4617,3779,0.0003144300099239451,0.2145269319524962,0.0,6,2,0.0078225940130474
4988,7200,0.00018139660237110025,0.2074624428478119,0.0,6,2,0.0078225940130474
5113,3030,0.00048624865205949873,0.21376892877173304,0.0,6,2,0.0078225940130474
5128,6682,0.00038911442144412274,0.2140450384680182,0.0,6,2,0.0078225940130474
5222,1711,4.581334736387573e-05,0.19490680371251054,0.0,6,2,0.0078225940130474
5278,5493,0.00027193788146475577,0.2150170648464164,0.0,6,2,0.0078225940130474
5361,1801,0.00029061577950805216,0.21231026319454116,0.0,6,2,0.0078225940130474
5528,4061,0.000521189019469774,0.21065576035592892,0.0,6,2,0.0078225940130474
6501,6089,0.00022972371322478865,0.1994923060818591,0.0,6,2,0.0078225940130474
6926,3777,0.00035217164106054414,0.20727065093262276,0.0,6,2,0.0078225940130474
62,177,4.215083969970855e-05,0.20383442964864432,0.0,7,2,0.0078225940130474
355,3527,5.476005628641938e-05,0.19641338795702248,0.0,7,2,0.0078225940130474
400,2072,0.0002174427695704212,0.21384088868940754,0.0,7,2,0.0078225940130474
497,5048,2.202522219340616e-05,0.1843441671503192,0.0,7,2,0.0078225940130474
499,1135,1.790130183825363e-05,0.17503616449679685,0.0,7,2,0.0078225940130474
545,3862,7.085275425431813e-05,0.20374726038381355,0.0,7,2,0.0078225940130474
1913,6470,0.00038378980680051333,0.22286215465575207,0.0,7,2,0.0078225940130474
1947,5905,0.0003154508246131501,0.21872489383679558,0.0,7,2,0.0078225940130474
1959,7535,0.0005220542597511014,0.22770857603727931,0.0,7,2,0.0078225940130474
2199,5384,1.4111730778690873e-05,0.18362922458025197,0.0,7,2,0.0078225940130474
2347,3767,9.579942620958879e-05,0.22091810119979133,0.0,7,2,0.0078225940130474
2367,4523,0.0003289394946297478,0.21231617647058823,0.0,7,2,0.0078225940130474
2545,492,0.0002686774597532651,0.20438093195345594,0.0,7,2,0.0078225940130474
2548,1147,0.00038811431503744915,0.20191772839244562,0.0,7,2,0.0078225940130474
2837,563,0.000218675674998622,0.20791512109971635,0.0,7,2,0.0078225940130474
2953,5829,0.0001790468917552697,0.21179118161864807,0.0,7,2,0.0078225940130474
2997,623,0.0005255758584937783,0.2153998304605821,0.0,7,2,0.0078225940130474
3067,4928,0.0006375351279486926,0.21167356232471607,0.0,7,2,0.0078225940130474
3457,5497,0.0004583368353700745,0.21165005414110002,0.0,7,2,0.0078225940130474
3481,6043,0.00020978606844581572,0.20480924234282644,0.0,7,2,0.0078225940130474
3576,6906,0.0001387117021528569,0.20660216277746157,0.0,7,2,0.0078225940130474
4139,3281,0.00040097156135870645,0.21114588815333907,0.0,7,2,0.0078225940130474
4239,1999,0.00014060731323141157,0.19878481276728904,0.0,7,2,0.0078225940130474
4420,2993,3.7485519063899885e-05,0.19755358022131805,0.0,7,2,0.0078225940130474
4523,5015,0.00036925789858053583,0.21932272635728053,0.0,7,2,0.0078225940130474
4526,5210,0.00011778543439354704,0.21030705989461196,0.0,7,2,0.0078225940130474
4575,3503,0.00015399093000179875,0.20410185011646897,0.0,7,2,0.0078225940130474
4603,4747,0.0002972793823382498,0.20093310137592915,0.0,7,2,0.0078225940130474
4804,5985,0.0004082965142019373,0.2192407247627265,0.0,7,2,0.0078225940130474
4807,1450,0.0002683219316494617,0.2103825136612022,0.0,7,2,0.0078225940130474
4893,2941,0.0002518610967956387,0.20602702702702702,0.0,7,2,0.0078225940130474
4989,6705,0.00017807455345198578,0.20493037260067745,0.0,7,2,0.0078225940130474
5083,1629,0.0007225629536763383,0.21024325666059904,0.0,7,2,0.0078225940130474
5170,6166,0.000190580939282953,0.20325289961338489,0.0,7,2,0.0078225940130474
5549,6583,0.0008257562092720555,0.22792644640454476,0.0,7,2,0.0078225940130474
5606,5401,0.0005021980020640306,0.21022586249689748,0.0,7,2,0.0078225940130474
5857,3335,0.0005438190015795263,0.21690758024129297,0.0,7,2,0.0078225940130474
5934,2419,7.980777366936604e-05,0.20463330827875015,0.0,7,2,0.0078225940130474
354,4852,3.3647303591316174e-05,0.20207295090658467,0.0,8,2,0.0078225940130474
359,865,0.00015277028894773696,0.20394349617422014,0.0,8,2,0.0078225940130474
541,3495,0.0003493388537137858,0.2153815726273557,0.0,8,2,0.0078225940130474
664,211,0.0008673598486059735,0.20960158376639446,0.0,8,2,0.0078225940130474
870,7061,9.332115809313813e-05,0.1947822976287817,0.0,8,2,0.0078225940130474
887,446,0.0011088322223370313,0.21058592778806046,0.0,8,2,0.0078225940130474
1911,4532,0.0003604468784340613,0.21097058090941798,0.0,8,2,0.0078225940130474
1961,1980,0.0004828788772649798,0.21345168426063338,0.0,8,2,0.0078225940130474
1964,5501,0.0005281550863207894,0.2087863931417929,0.0,8,2,0.0078225940130474
2031,3468,5.9517873944969696e-05,0.1979742890533697,0.0,8,2,0.0078225940130474
2092,6759,0.00012201654557751703,0.21210350584307178,0.0,8,2,0.0078225940130474
2323,7129,2.1460181478222818e-05,0.20066863219964198,0.0,8,2,0.0078225940130474
2348,3736,0.00013183144132548482,0.21710526315789475,0.0,8,2,0.0078225940130474
2349,5657,2.0146292022423255e-05,0.19003814224814897,0.0,8,2,0.0078225940130474
2492,5673,0.00022993048290460526,0.21321884090400536,0.0,8,2,0.0078225940130474
2577,929,0.000414043467817815,0.21066740362028466,0.0,8,2,0.0078225940130474
2607,514,8.117954209497688e-05,0.22082850521436848,0.0,8,2,0.0078225940130474
2770,1140,0.0003497350273879935,0.20325831911262798,0.0,8,2,0.0078225940130474
2838,4112,0.00027822246515658025,0.21666098226466576,0.0,8,2,0.0078225940130474
3030,7245,0.00039559271476731717,0.22162460751250146,0.0,8,2,0.0078225940130474
3073,6568,0.0002927698513366044,0.2177315700779755,0.0,8,2,0.0078225940130474
3456,792,0.00337196036286163,0.22582651972982581,0.0,8,2,0.0078225940130474
3487,3768,0.00014736304873372435,0.2028850504351529,0.0,8,2,0.0078225940130474
3715,3157,0.0005654134782593231,0.21608980355472404,0.0,8,2,0.0078225940130474
3739,2814,0.0006414305489774981,0.206787109375,0.0,8,2,0.0078225940130474
3868,1663,0.0009910818716525039,0.21931641636457794,0.0,8,2,0.0078225940130474
4402,4204,0.0006650351885766549,0.20886648217661727,0.0,8,2,0.0078225940130474
4600,6851,0.0007169004700367669,0.2120032260755903,0.0,8,2,0.0078225940130474
4605,1319,0.00021812201127637034,0.20303635637235318,0.0,8,2,0.0078225940130474
4809,7302,6.381928901496175e-05,0.2062890698996022,0.0,8,2,0.0078225940130474
4933,4804,0.00044150444740003814,0.22165682882149398,0.0,8,2,0.0078225940130474
5133,2507,0.0006550140598687105,0.2096938354468682,0.0,8,2,0.0078225940130474
5138,3824,0.000848430902991055,0.21372098239318157,0.0,8,2,0.0078225940130474
5558,4296,0.003570918348944945,0.22174064808889407,0.0,8,2,0.0078225940130474
5835,3990,0.0008250312161212937,0.21429173811598684,0.0,8,2,0.0078225940130474
6413,5326,0.0008533827398017139,0.21535114978247358,0.0,8,2,0.0078225940130474
399,6096,0.0001813185028882365,0.2005841490369435,0.0,9,2,0.0078225940130474
493,70,0.00015167140005354778,0.20365472469343593,0.0,9,2,0.0078225940130474
544,2060,0.0004056299740241479,0.2085236753562929,0.0,9,2,0.0078225940130474
671,6838,0.00031233433773815737,0.2026208069746425,0.0,9,2,0.0078225940130474
672,3773,0.000664862413723701,0.22066230533202108,0.0,9,2,0.0078225940130474
730,2616,0.0004560631779874667,0.21399696816574026,0.0,9,2,0.0078225940130474
1046,6873,0.0002717544098702186,0.2224654176151287,0.0,9,2,0.0078225940130474
1186,6769,8.398558229164286e-05,0.21508986766739088,0.0,9,2,0.0078225940130474
1198,6003,0.0003834925785191664,0.22063037249283668,0.0,9,2,0.0078225940130474
2020,710,0.000276832680944319,0.21958807431945845,0.0,9,2,0.0078225940130474
2026,5635,0.000597602811469507,0.22125152377082488,0.0,9,2,0.0078225940130474
2202,4006,0.00010769547562203003,0.209044041024516,0.0,9,2,0.0078225940130474
2344,519,2.7132753175721844e-05,0.19507139567019807,0.0,9,2,0.0078225940130474
2571,6803,0.000622320488312782,0.20809674601441364,0.0,9,2,0.0078225940130474
3020,633,0.004425339906137014,0.23037171350861288,0.0,9,2,0.0078225940130474
3422,1141,0.0004828586001901074,0.21346363865475623,0.0,9,2,0.0078225940130474
3575,953,0.00010270014493106991,0.19854664791373652,0.0,9,2,0.0078225940130474
3638,4783,0.0003904987819182329,0.20998843038951023,0.0,9,2,0.0078225940130474
3690,1798,0.00043995356033362497,0.21967033600368854,0.0,9,2,0.0078225940130474
4405,6013,0.0006347343500278461,0.20980348984422303,0.0,9,2,0.0078225940130474
4455,3622,0.0004049230711547666,0.20531121225995852,0.0,9,2,0.0078225940130474
4817,1455,0.0003276115315831017,0.22168905950095968,0.0,9,2,0.0078225940130474
5072,4321,0.0002604532858354208,0.20845524898137768,0.0,9,2,0.0078225940130474
5110,3105,0.0005533525906468886,0.21920920201294034,0.0,9,2,0.0078225940130474
5326,1943,0.0004567676849006847,0.20724811048882605,0.0,9,2,0.0078225940130474
6253,5405,0.0009055390377282662,0.2113332039588589,0.0,9,2,0.0078225940130474
350,45,0.00026601553100966433,0.20857502462515048,0.0,10,2,0.0078225940130474
352,7537,0.0006404053044616802,0.20771683152129486,0.0,10,2,0.0078225940130474
496,900,0.0004682975588097669,0.2260005929439668,0.0,10,2,0.0078225940130474
502,3949,2.9783795760674978e-05,0.18358500108373674,0.0,10,2,0.0078225940130474
1282,1544,4.912095522303831e-05,0.21346363865475623,0.0,10,2,0.0078225940130474
1331,7301,0.0001459587968741927,0.19861907243355914,0.0,10,2,0.0078225940130474
1535,6280,0.0016821333014940534,0.2198794311921313,0.0,10,2,0.0078225940130474
1957,4456,0.0005874607791546733,0.21556429035998076,0.0,10,2,0.0078225940130474
2346,3314,3.331988912968888e-05,0.19987414457641783,0.0,10,2,0.0078225940130474
2493,2341,0.00014467088742606756,0.1964994586791772,0.0,10,2,0.0078225940130474
2546,2672,0.000609097909110827,0.2101389348329474,0.0,10,2,0.0078225940130474
3074,5768,0.0008970486284450574,0.21274279973208304,0.0,10,2,0.0078225940130474
3483,5342,0.00021217650563304334,0.20802292263610314,0.0,10,2,0.0078225940130474
3689,1995,0.0006666815931223823,0.22400164555846142,0.0,10,2,0.0078225940130474
4521,5579,0.0008800321474653327,0.2292355806820232,0.0,10,2,0.0078225940130474
4952,7266,0.0005710246810832093,0.2232733876164255,0.0,10,2,0.0078225940130474
5137,5606,0.0009739764209515166,0.2181927469445001,0.0,10,2,0.0078225940130474
586,6115,0.0003769797028643574,0.22068785825951015,0.0,11,2,0.0078225940130474
972,135,0.00033180672438526415,0.20870065159064777,0.0,11,2,0.0078225940130474
1188,2366,0.00011422502344635269,0.22482083345621848,0.0,11,2,0.0078225940130474
1988,1947,0.007755656085921362,0.24497862904521645,0.0,11,2,0.0078225940130474
2168,2513,0.0006083835054388683,0.21573510683458327,0.0,11,2,0.0078225940130474
2200,3463,3.538026109634516e-05,0.2008695652173913,0.0,11,2,0.0078225940130474
2227,2474,0.0002792382449678642,0.20461682995571065,0.0,11,2,0.0078225940130474
2259,3509,0.0014950741300928454,0.22727408246623534,0.0,11,2,0.0078225940130474
2578,2305,0.000815495246380057,0.20972845076622554,0.0,11,2,0.0078225940130474
2609,3705,0.0008801132738987015,0.23615241635687734,0.0,11,2,0.0078225940130474
3479,6925,0.0002334179519621015,0.19847427619245991,0.0,11,2,0.0078225940130474
3489,1982,0.00048572551937968667,0.2142435569545544,0.0,11,2,0.0078225940130474
3736,6656,0.00028973932834043943,0.22100776991766208,0.0,11,2,0.0078225940130474
3888,960,0.0007486234586054415,0.22471479527164462,0.0,11,2,0.0078225940130474
4059,3937,0.001186553157090522,0.22641677557324463,0.0,11,2,0.0078225940130474
4142,4531,0.00024005921222939127,0.218586912886391,0.0,11,2,0.0078225940130474
4498,1258,0.00032482065518209545,0.2234108027314557,0.0,11,2,0.0078225940130474
4528,3603,0.0010376050411417244,0.22709804272052908,0.0,11,2,0.0078225940130474
4607,7464,0.0002747606272114865,0.20728755948334465,0.0,11,2,0.0078225940130474
4975,6487,0.0006522973730430318,0.2086606629622533,0.0,11,2,0.0078225940130474
5136,6883,0.000846080828135906,0.21449675004924168,0.0,11,2,0.0078225940130474
5148,7170,7.923273976379486e-05,0.22806282722513088,0.0,11,2,0.0078225940130474
5534,1925,0.0004906388260575431,0.20788110171802562,0.0,11,2,0.0078225940130474
5563,3945,0.0008955766141695331,0.21583283784931623,0.0,11,2,0.0078225940130474
390,49,0.0011522992388352785,0.21828021647624773,0.0,12,2,0.0078225940130474
1334,2318,0.00016835430636410312,0.2026854559957458,0.0,12,2,0.0078225940130474
2094,4738,0.0003852308724027098,0.2323306208283807,0.0,12,2,0.0078225940130474
2553,6459,7.726130737365334e-05,0.22286867033095545,0.0,12,2,0.0078225940130474
3239,4763,0.0008153335199907723,0.22081571172006256,0.0,12,2,0.0078225940130474
3379,1701,0.0001722827201601968,0.19606985776383137,0.0,12,2,0.0078225940130474
4138,1068,0.0006268205903567129,0.22853459647439742,0.0,12,2,0.0078225940130474
4529,6787,0.0007819339321633994,0.21922181002501942,0.0,12,2,0.0078225940130474
4604,4990,0.0011120374000010392,0.21024905535482805,0.0,12,2,0.0078225940130474
4821,1835,3.006662600443148e-05,0.21104651162790697,0.0,12,2,0.0078225940130474
5049,6597,0.0005888615389468717,0.20793213496631296,0.0,12,2,0.0078225940130474
6109,4525,0.0003416618202654149,0.21977800201816347,0.0,12,2,0.0078225940130474
357,5099,0.00035371362258362546,0.2169199248762165,0.0,13,2,0.0078225940130474
540,1216,0.00021878526307924398,0.20394895256441126,0.0,13,2,0.0078225940130474
661,103,0.0009164185456977338,0.21452089489235965,0.0,13,2,0.0078225940130474
976,3269,0.0006106621992859447,0.21564966477128067,0.0,13,2,0.0078225940130474
1952,5593,0.0007582270888623317,0.21109326539654408,0.0,13,2,0.0078225940130474
2350,6460,0.00031618487045843646,0.2264504054897068,0.0,13,2,0.0078225940130474
2582,1651,0.0007333529015343285,0.21827396632688123,0.0,13,2,0.0078225940130474
2586,4986,0.003377357369176179,0.2209309065615581,0.0,13,2,0.0078225940130474
2769,1531,0.00038050057934525426,0.20818767751802492,0.0,13,2,0.0078225940130474
3461,1622,0.000741684310877512,0.22650423414054374,0.0,13,2,0.0078225940130474
3484,3633,0.00013118820263769264,0.19347224689728687,0.0,13,2,0.0078225940130474
3721,4350,0.0007435372346648302,0.23953619909502263,0.0,13,2,0.0078225940130474
3737,2233,0.00456474938909772,0.23837518371431252,0.0,13,2,0.0078225940130474
3791,3514,0.0004507438724268226,0.22486725663716814,0.0,13,2,0.0078225940130474
4524,6490,0.00735087518325987,0.23450333774264004,0.0,13,2,0.0078225940130474
351,3912,0.00042152068761455816,0.2288914244535191,0.0,14,2,0.0078225940130474
433,1932,0.00018143333015833052,0.21406307039959563,0.0,14,2,0.0078225940130474
507,5966,0.0006041050918715355,0.21403301886792453,0.0,14,2,0.0078225940130474
538,78,0.0005854325952652979,0.21225705852870747,0.0,14,2,0.0078225940130474
2343,3977,0.0001130015656734835,0.21988577362409137,0.0,14,2,0.0078225940130474
2606,3107,0.000327388879684238,0.23302662550056552,0.0,14,2,0.0078225940130474
2840,793,0.0004905862685289406,0.20596579395314907,0.0,14,2,0.0078225940130474
3069,2818,0.001310797225197944,0.226047504670403,0.0,14,2,0.0078225940130474
3381,7563,0.0008349320347839891,0.21842406876790832,0.0,14,2,0.0078225940130474
3464,3836,0.001012740719323235,0.22427184466019418,0.0,14,2,0.0078225940130474
3692,3352,0.0010793116827653223,0.21260633105564078,0.0,14,2,0.0078225940130474
4241,5200,0.0005849890796639041,0.21677188193141103,0.0,14,2,0.0078225940130474
4459,5710,0.0008210043392990657,0.2099537292056847,0.0,14,2,0.0078225940130474
4708,1519,0.00031870154085085315,0.2138288920056101,0.0,14,2,0.0078225940130474
667,1671,0.0008924585155360676,0.2247280445741576,0.0,15,2,0.0078225940130474
731,6445,0.0007864631280827969,0.22419269454737956,0.0,15,2,0.0078225940130474
1189,178,0.0011669187378883332,0.2175141242937853,0.0,15,2,0.0078225940130474
1951,2456,0.0004512239778420655,0.22698984605306255,0.0,15,2,0.0078225940130474
2024,358,0.0002982539162263355,0.21351745000280095,0.0,15,2,0.0078225940130474
2345,7601,7.52521601235831e-05,0.20761500122559032,0.0,15,2,0.0078225940130474
3317,1808,0.0006018967605709191,0.23637209302325582,0.0,15,2,0.0078225940130474
3386,7090,0.0006071704505264574,0.22581314058889745,0.0,15,2,0.0078225940130474
3480,3224,0.0005326718809493795,0.2180491990846682,0.0,15,2,0.0078225940130474
3570,842,0.00040207731738905995,0.22038798461938766,0.0,15,2,0.0078225940130474
3606,858,0.0010275768463898062,0.22594030647025698,0.0,15,2,0.0078225940130474
3608,3121,0.00130624448871427,0.21577785326086957,0.0,15,2,0.0078225940130474
3792,4506,0.0008741494710875251,0.22002539975754776,0.0,15,2,0.0078225940130474
4457,2955,0.0009236242983373298,0.21682120712213437,0.0,15,2,0.0078225940130474
4926,1599,0.0003007890892717898,0.20548277535177098,0.0,15,2,0.0078225940130474
208,4151,0.0009891738392489677,0.22183744143410064,0.0,16,2,0.0078225940130474
353,3986,0.0024791468458246614,0.23444564047362756,0.0,16,2,0.0078225940130474
550,3679,0.0010182992050387879,0.2167102569934046,0.0,16,2,0.0078225940130474
665,4999,0.000981909305976604,0.22299906388953897,0.0,16,2,0.0078225940130474
1191,2694,0.0005631489600732329,0.2166117299386224,0.0,16,2,0.0078225940130474
1958,7083,0.0014287109509998328,0.22094371340791838,0.0,16,2,0.0078225940130474
2050,4453,0.000348715840522926,0.2091874536922697,0.0,16,2,0.0078225940130474
2617,4593,0.0005446398357905256,0.21934796995942796,0.0,16,2,0.0078225940130474
2962,758,0.0004270257140158161,0.21098225900196507,0.0,16,2,0.0078225940130474
2998,6794,0.0006295382240223254,0.22910467946984042,0.0,16,2,0.0078225940130474
3070,1606,0.003350591362965183,0.2201461287434661,0.0,16,2,0.0078225940130474
3482,5212,0.0005397099547613816,0.2143339144126413,0.0,16,2,0.0078225940130474
3574,2008,0.0004090919342331836,0.22207009059923674,0.0,16,2,0.0078225940130474
4404,5963,0.003372428973480051,0.22696281299312235,0.0,16,2,0.0078225940130474
500,4925,0.0002396199229176981,0.2030093209054594,0.0,17,2,0.0078225940130474
734,1233,0.0013095985943862697,0.22755903161288396,0.0,17,2,0.0078225940130474
979,1304,0.00033978845846009426,0.2029012509981368,0.0,17,2,0.0078225940130474
1190,5220,0.000763553567240606,0.22288170282439623,0.0,17,2,0.0078225940130474
1196,7608,0.0012750900956954713,0.22112316528398213,0.0,17,2,0.0078225940130474
1642,6514,0.0012619116325271375,0.22475454786685142,0.0,17,2,0.0078225940130474
1917,1752,0.00041452136428030503,0.22698984605306255,0.0,17,2,0.0078225940130474
1953,3612,0.001344528427384234,0.22275144643796388,0.0,17,2,0.0078225940130474
1956,5218,0.0024344024350893,0.2334190703656072,0.0,17,2,0.0078225940130474
2839,4614,0.001187691141764471,0.23214666382434448,0.0,17,2,0.0078225940130474
3380,5670,0.0006327215171650873,0.21845536609829488,0.0,17,2,0.0078225940130474
3718,3747,0.0012000295163510433,0.21287944371526712,0.0,17,2,0.0078225940130474
4460,1496,0.0011846981394158713,0.22048360039335918,0.0,17,2,0.0078225940130474
1124,5168,0.0009284749371742512,0.22158595430498226,0.0,18,2,0.0078225940130474
2025,4034,0.0016843786306323632,0.21953116000460776,0.0,18,2,0.0078225940130474
2198,440,0.00013955575077274866,0.21651329243353784,0.0,18,2,0.0078225940130474
2579,2349,0.002410523007625284,0.22072619874913135,0.0,18,2,0.0078225940130474
494,1328,0.00021800375656211277,0.208586439008373,0.0,19,2,0.0078225940130474
1912,5011,0.004665500282269749,0.23639408317052749,0.0,19,2,0.0078225940130474
1955,2912,0.000958361433034891,0.21840529467381029,0.0,19,2,0.0078225940130474
3465,2028,0.00045389912323895,0.20841535433070865,0.0,19,2,0.0078225940130474
3615,2761,0.0004395299538115468,0.2115032462127518,0.0,19,2,0.0078225940130474
394,3361,0.0013547864055414918,0.22142504429662765,0.0,20,2,0.0078225940130474
727,3826,0.00151383096785599,0.2269155206286837,0.0,20,2,0.0078225940130474
2032,6477,0.0003028021117185501,0.21383489017924767,0.0,20,2,0.0078225940130474
2576,502,0.001171336101139146,0.21773778920308484,0.0,20,2,0.0078225940130474
3869,2197,0.0006964368450857347,0.21834899175068745,0.0,20,2,0.0078225940130474
1960,1207,0.004533156047964289,0.2279673435210383,0.0,21,2,0.0078225940130474
2337,3725,0.0006925483712876489,0.22450963067679802,0.0,21,2,0.0078225940130474
2585,6330,0.000517107766967335,0.21968299711815562,0.0,21,2,0.0078225940130474
3466,1806,0.0009374403351046064,0.21967033600368854,0.0,21,2,0.0078225940130474
668,6860,0.001283340441209957,0.2237649338069099,0.0,22,2,0.0078225940130474
1195,854,0.0012450683795769254,0.21793075845507304,0.0,22,2,0.0078225940130474
3468,6094,0.0008803400739200164,0.2256259989344699,0.0,22,2,0.0078225940130474
4,2194,0.00042056650101438654,0.21324866422357122,0.0,23,2,0.0078225940130474
393,5510,0.0051807066665827016,0.22697632871817774,0.0,23,2,0.0078225940130474
670,2787,0.0016182260732250815,0.22858256619388886,0.0,23,2,0.0078225940130474
1047,3555,0.0011278923007390757,0.23907793633369923,0.0,23,2,0.0078225940130474
2341,4549,0.000615586635141438,0.22331263182563862,0.0,23,2,0.0078225940130474
2494,1921,0.0012502229571168693,0.22345664536553908,0.0,23,2,0.0078225940130474
5098,4119,0.0014275751943948417,0.23319057815845826,0.0,23,2,0.0078225940130474
5135,3162,0.001478485644811987,0.22003810183581574,0.0,23,2,0.0078225940130474
539,3520,0.00015605896986845024,0.2050461306721898,0.0,24,2,0.0078225940130474
662,1793,0.0009625475023987657,0.21818650180319424,0.0,24,2,0.0078225940130474
1197,4122,0.00806545590358449,0.24470338983050846,0.0,24,2,0.0078225940130474
1971,1618,0.0007457756267091165,0.24928872755812811,0.0,24,2,0.0078225940130474
2737,1281,0.0016458179776165044,0.23520518358531317,0.0,24,2,0.0078225940130474
3072,4337,0.002048753691132003,0.2377877596855699,0.0,24,2,0.0078225940130474
3378,1444,0.001169096998564898,0.23033690889862518,0.0,24,2,0.0078225940130474
3385,1725,0.000773987973783582,0.22071980774242117,0.0,24,2,0.0078225940130474
3607,3946,0.001995628625861916,0.22752507163323782,0.0,24,2,0.0078225940130474
3691,4554,0.0015751188015725255,0.22726053125838477,0.0,24,2,0.0078225940130474
10,2204,0.0007776515789959337,0.21904542972903077,0.0,25,2,0.0078225940130474
1946,335,0.0018363999937200933,0.22725375626043406,0.0,25,2,0.0078225940130474
3377,4961,0.0015213214449751188,0.2233911616457625,0.0,25,2,0.0078225940130474
3470,798,0.0007358392508460858,0.22227081875437368,0.0,25,2,0.0078225940130474
3604,5343,0.0010815848325164566,0.2233911616457625,0.0,26,2,0.0078225940130474
4345,4607,0.0010981150774800224,0.23128735701932704,0.0,26,2,0.0078225940130474
360,4527,0.005904611197336721,0.2266389177939646,0.0,27,2,0.0078225940130474
729,647,0.0018536706092149183,0.2298507462686567,0.0,27,2,0.0078225940130474
974,894,0.001129697653088058,0.22681424618405785,0.0,27,2,0.0078225940130474
978,887,0.0014469275446427638,0.22620178041543026,0.0,27,2,0.0078225940130474
1950,1559,0.003969902089254145,0.2341719657174454,0.0,27,2,0.0078225940130474
663,3715,0.001544920402011573,0.2237189646064448,0.0,29,2,0.0078225940130474
3384,4955,0.0009413255659804408,0.21989211642195747,0.0,30,2,0.0078225940130474
3717,5597,0.0016135592767618353,0.2319488817891374,0.0,30,2,0.0078225940130474
1192,4393,0.0009503883189066123,0.238270871753196,0.0,31,2,0.0078225940130474
547,4632,0.001236970799175576,0.22754544640458493,0.0,32,2,0.0078225940130474
549,6621,0.008946824890654627,0.23892057920140414,0.0,32,2,0.0078225940130474
1939,5159,0.0009373188697651365,0.22779703562036815,0.0,33,2,0.0078225940130474
1948,2259,0.0021833067487493675,0.228472950696838,0.0,33,2,0.0078225940130474
1989,4309,0.0019996799399628084,0.2426779574684834,0.0,34,2,0.0078225940130474
2584,5335,0.00134093750465697,0.23624023800669394,0.0,34,2,0.0078225940130474
542,1642,0.0013946602315748978,0.22450301870122222,0.0,35,2,0.0078225940130474
206,1316,0.0050305827232730235,0.23499491353001017,0.0,36,2,0.0078225940130474
238,1658,0.0015381248539988322,0.22315573770491803,0.0,36,2,0.0078225940130474
1194,7123,0.0018103946445761458,0.2292080101028324,0.0,37,2,0.0078225940130474
1949,5334,0.003454467876340108,0.22643022634111568,0.0,37,2,0.0078225940130474
3463,3130,0.003372179354002422,0.2547453548990777,0.0,37,2,0.0078225940130474
1193,7498,0.0016865603089337726,0.23288424525708,0.0,39,2,0.0078225940130474
2583,1941,0.002134251760692188,0.2333190499510284,0.0,39,2,0.0078225940130474
1416,4561,0.002816077919419851,0.23615241635687734,0.0,41,2,0.0078225940130474
1954,2591,0.00221417028213626,0.2341719657174454,0.0,41,2,0.0078225940130474
973,3042,0.0022342605721714895,0.2299894403379092,0.0,42,2,0.0078225940130474
3486,1271,0.002250371581003063,0.24427211843496652,0.0,42,2,0.0078225940130474
977,5526,0.001772580809183355,0.229421855719746,0.0,43,2,0.0078225940130474
2027,3653,0.006204669902249055,0.24833045574486107,0.0,45,2,0.0078225940130474
888,3341,0.009012157425858916,0.2508390918065153,0.0,50,2,0.0078225940130474
2741,7339,0.0024634701333525067,0.26289833080424885,0.0,51,2,0.0078225940130474
579,1689,0.0014683484313202798,0.25536832936920034,0.0,52,2,0.0078225940130474
1332,1945,0.0032298874397294355,0.2403367173213948,0.0,57,2,0.0078225940130474
3467,3853,0.0023464401880806565,0.2393331449562023,0.0,61,2,0.0078225940130474
1330,1665,0.0033958986415889756,0.23856168241847656,0.0,63,2,0.0078225940130474
395,3400,0.01011292094555939,0.25502659663443844,0.0,65,2,0.0078225940130474
237,7224,0.0038700768561999847,0.24374880092089277,0.0,71,2,0.0078225940130474
495,2707,0.004710746731230061,0.24858149090197612,0.0,71,2,0.0078225940130474
391,3360,0.003985516760913295,0.2471629596005447,0.0,76,2,0.0078225940130474
392,4000,0.0032952392578775853,0.24601432905182985,0.0,76,2,0.0078225940130474
396,2892,0.010284604639565171,0.2519500264410365,0.0,81,2,0.0078225940130474
401,3038,0.0031783259157241277,0.23693780499176328,0.0,84,2,0.0078225940130474
546,6519,0.008120438442505902,0.24832236627793342,0.0,94,2,0.0078225940130474
398,2510,0.0026443899249771023,0.2537447573397244,0.0,140,2,0.0078225940130474
669,4785,0.004978021775049901,0.2512773181263803,0.0,174,2,0.0078225940130474
518,74,8.190619878282406e-09,0.14356743318831572,0.0,1,3,0.0274821952241307
800,5961,1.649791887636873e-08,0.14907889075761724,0.0,1,3,0.0274821952241307
1070,150,8.355290691961534e-07,0.16549792666246935,0.0,1,3,0.0274821952241307
1276,193,3.064440112512892e-07,0.16673228346456692,0.0,1,3,0.0274821952241307
1500,236,3.188019373073617e-05,0.18623570800351802,0.0,1,3,0.0274821952241307
1560,247,2.3210743541239164e-07,0.163618802318094,0.0,1,3,0.0274821952241307
1825,365,2.5737871715077334e-07,0.16775229963469918,0.0,1,3,0.0274821952241307
2895,587,2.9501718383748874e-07,0.16535433070866143,0.0,1,3,0.0274821952241307
3130,1378,5.461862935286263e-07,0.16889332003988036,0.0,1,3,0.0274821952241307
3131,5123,5.461862935286263e-07,0.16889332003988036,0.0,1,3,0.0274821952241307
3522,814,9.779101755979255e-09,0.1429401837614851,0.0,1,3,0.0274821952241307
3843,946,6.674962848243991e-10,0.12670788870050861,0.0,1,3,0.0274821952241307
4109,5444,1.3709263221802838e-06,0.17614030223208096,0.0,1,3,0.0274821952241307
4118,2793,1.3709263221802838e-06,0.17614030223208096,0.0,1,3,0.0274821952241307
4471,1241,6.271979589332631e-10,0.1306740263302249,0.0,1,3,0.0274821952241307
5057,5779,4.2148794427054023e-13,0.10360997091363797,0.0,1,3,0.0274821952241307
5166,1679,6.22271395180684e-08,0.14110917774240125,0.0,1,3,0.0274821952241307
5610,1984,8.208993069591394e-08,0.1537360088736513,0.0,1,3,0.0274821952241307
5626,1997,2.546268255577346e-08,0.1460848568471887,0.0,1,3,0.0274821952241307
5716,2084,3.1666500283054817e-06,0.181651376146789,0.0,1,3,0.0274821952241307
5956,2339,5.95821154710493e-07,0.17257929410699327,0.0,1,3,0.0274821952241307
6389,2861,1.1423532890928908e-07,0.15851528384279476,0.0,1,3,0.0274821952241307
6618,3232,8.315164781765867e-08,0.16370313103981446,0.0,1,3,0.0274821952241307
6643,6303,6.278867533617687e-08,0.15359352017892045,0.0,1,3,0.0274821952241307
6769,3487,6.89362018531365e-08,0.14835646030788394,0.0,1,3,0.0274821952241307
6850,3593,1.1423532890928908e-07,0.15851528384279476,0.0,1,3,0.0274821952241307
6911,5311,3.248370566120394e-07,0.16310417870209898,0.0,1,3,0.0274821952241307
7038,4048,8.315164781765867e-08,0.16370313103981446,0.0,1,3,0.0274821952241307
7179,5490,8.315164781765867e-08,0.16370313103981446,0.0,1,3,0.0274821952241307
7342,5690,2.9613535284395313e-09,0.13683360258481422,0.0,1,3,0.0274821952241307
7494,5693,6.271979589332631e-10,0.1306740263302249,0.0,1,3,0.0274821952241307
7495,5697,2.5284131648388334e-07,0.16550511300722986,0.0,1,3,0.0274821952241307
7506,5784,3.594386067832475e-09,0.12243816254416962,0.0,1,3,0.0274821952241307
7509,5945,3.188019373073617e-05,0.18623570800351802,0.0,1,3,0.0274821952241307
7510,7007,3.188019373073617e-05,0.18623570800351802,0.0,1,3,0.0274821952241307
7533,5947,1.5869829443296718e-07,0.16258584652134966,0.0,1,3,0.0274821952241307
7555,6225,6.226895717167162e-08,0.1411144020733062,0.0,1,3,0.0274821952241307
7577,7180,6.226895717167162e-08,0.1411144020733062,0.0,1,3,0.0274821952241307
7598,7617,8.840919798421906e-07,0.16508218377114148,0.0,1,3,0.0274821952241307
7614,7140,3.594386067832475e-09,0.12243816254416962,0.0,1,3,0.0274821952241307
519,3035,3.161684352038001e-07,0.16763056624518965,0.0,2,3,0.0274821952241307
907,6486,2.8217480365767743e-05,0.18088842484931897,0.0,2,3,0.0274821952241307
910,4945,0.00047133642368902005,0.18824081390754643,0.0,2,3,0.0274821952241307
2734,531,1.891161964492669e-08,0.15320149523694682,0.0,2,3,0.0274821952241307
2735,2176,2.5952604604841856e-08,0.1479074099225829,0.0,2,3,0.0274821952241307
3132,2886,9.020672614962785e-07,0.17491968793024323,0.0,2,3,0.0274821952241307
3844,3175,2.576621294202629e-08,0.14508945565283593,0.0,2,3,0.0274821952241307
4113,5458,5.595869808360919e-06,0.18812467609387726,0.0,2,3,0.0274821952241307
4194,1095,5.1485050101528875e-05,0.20755282073622305,0.0,2,3,0.0274821952241307
4434,1870,7.786087712823068e-07,0.1773161824567933,0.0,2,3,0.0274821952241307
4491,1251,2.9564438179613387e-07,0.1654117391776066,0.0,2,3,0.0274821952241307
4740,1398,5.1371312292196255e-06,0.18681991961572395,0.0,2,3,0.0274821952241307
4900,6345,5.002813716952293e-08,0.15440863699892646,0.0,2,3,0.0274821952241307
5055,1609,1.62699490006421e-11,0.11558406113537117,0.0,2,3,0.0274821952241307
5056,7099,6.276194468248295e-10,0.13068298703970377,0.0,2,3,0.0274821952241307
5167,5967,2.4020474178634412e-06,0.16428879310344827,0.0,2,3,0.0274821952241307
5265,4896,6.831333285012579e-08,0.16743910207129836,0.0,2,3,0.0274821952241307
5611,7370,3.168776639768195e-06,0.18166003383933466,0.0,2,3,0.0274821952241307
5765,7562,3.345358620783949e-05,0.18824081390754643,0.0,2,3,0.0274821952241307
5929,3819,1.090184135333029e-06,0.16787790697674418,0.0,2,3,0.0274821952241307
6637,3253,0.00041083059873157994,0.19419182269774551,0.0,2,3,0.0274821952241307
6697,4157,3.446772388674184e-05,0.21697549312612074,0.0,2,3,0.0274821952241307
6943,7387,4.253185659829679e-06,0.1869023684597656,0.0,2,3,0.0274821952241307
7004,4004,1.2908990578573586e-06,0.18164271927943385,0.0,2,3,0.0274821952241307
7219,5766,1.1008055869319682e-06,0.171307220386975,0.0,2,3,0.0274821952241307
7341,4905,1.1431204536227977e-07,0.15852187655964065,0.0,2,3,0.0274821952241307
597,92,0.00015032207080805274,0.1879808640757546,0.0,3,3,0.0274821952241307
599,974,0.00019324922444132554,0.18397046046915724,0.0,3,3,0.0274821952241307
799,111,6.368408341624999e-07,0.1751930501930502,0.0,3,3,0.0274821952241307
801,1621,6.370355936846497e-07,0.17521721141911462,0.0,3,3,0.0274821952241307
915,5773,6.929561493993969e-06,0.18944778567523238,0.0,3,3,0.0274821952241307
1408,5547,3.683033384152998e-06,0.18828265863116556,0.0,3,3,0.0274821952241307
2384,453,5.951750776327007e-06,0.18955613577023497,0.0,3,3,0.0274821952241307
2504,6848,1.553664403321439e-06,0.18122815776335496,0.0,3,3,0.0274821952241307
3657,3803,8.090990104393652e-06,0.20237336731443134,0.0,3,3,0.0274821952241307
3774,922,1.60048857934256e-06,0.17385850476668338,0.0,3,3,0.0274821952241307
3903,966,1.751040631519932e-06,0.175092450099915,0.0,3,3,0.0274821952241307
4090,1049,9.939413792494923e-07,0.16970169189670525,0.0,3,3,0.0274821952241307
4119,1604,5.7840840606953425e-06,0.18812931885488648,0.0,3,3,0.0274821952241307
4123,2109,1.8544616732246877e-06,0.17661777994022382,0.0,3,3,0.0274821952241307
4436,4730,1.5713829523209775e-06,0.17822407182268774,0.0,3,3,0.0274821952241307
4901,3236,4.0248075953661013e-07,0.16954316978782083,0.0,3,3,0.0274821952241307
5264,1740,1.5873454994625592e-06,0.19466292134831462,0.0,3,3,0.0274821952241307
5435,2904,1.4569170954578233e-06,0.1730572771232037,0.0,3,3,0.0274821952241307
5620,1994,2.6743293465629515e-06,0.16211905318900066,0.0,3,3,0.0274821952241307
5621,2821,2.6743293465636004e-06,0.16211905318900066,0.0,3,3,0.0274821952241307
5627,3677,9.82892213263067e-07,0.17107271095152604,0.0,3,3,0.0274821952241307
6134,3799,2.4042805497703647e-06,0.190170886865411,0.0,3,3,0.0274821952241307
6660,4138,4.7453687131588075e-06,0.18856209958690973,0.0,3,3,0.0274821952241307
6770,4026,2.66102583123332e-06,0.17419620209775827,0.0,3,3,0.0274821952241307
7333,6393,2.4036616329924093e-06,0.1642958748221906,0.0,3,3,0.0274821952241307
598,2475,1.182913197767082e-05,0.20008924352984409,0.0,4,3,0.0274821952241307
917,7280,2.1745309472597005e-06,0.18630853455860788,0.0,4,3,0.0274821952241307
920,2358,2.7472041095840717e-06,0.17596952908587257,0.0,4,3,0.0274821952241307
1502,238,1.0833698652580455e-05,0.19203446191051995,0.0,4,3,0.0274821952241307
1823,1527,3.224647301657131e-05,0.19393985651045642,0.0,4,3,0.0274821952241307
2271,3651,2.230608299133946e-06,0.19574763115322394,0.0,4,3,0.0274821952241307
3523,1503,3.7748587358128873e-07,0.16677605670779733,0.0,4,3,0.0274821952241307
4091,1837,6.0951731575322565e-06,0.18833382745330565,0.0,4,3,0.0274821952241307
4122,3260,2.4237234208688343e-06,0.1814611154752553,0.0,4,3,0.0274821952241307
4244,2141,6.0734968153974225e-05,0.18988666085440278,0.0,4,3,0.0274821952241307
4437,4863,9.265988482642653e-05,0.19657039711191335,0.0,4,3,0.0274821952241307
5622,6974,1.3874791354224929e-07,0.1395182839781837,0.0,4,3,0.0274821952241307
6877,6740,5.04691887163727e-06,0.19023258135356358,0.0,4,3,0.0274821952241307
3134,2514,2.526610927603108e-06,0.1842238816791126,0.0,5,3,0.0274821952241307
4110,2118,7.548178957816886e-06,0.1941423659747867,0.0,5,3,0.0274821952241307
4112,3309,8.7010396459121e-06,0.19759966820467623,0.0,5,3,0.0274821952241307
4115,5423,7.437341132726241e-06,0.19065126050420167,0.0,5,3,0.0274821952241307
4121,4729,2.2618907210658175e-05,0.19497160980101283,0.0,5,3,0.0274821952241307
4435,4922,1.0496367891522447e-06,0.18349220103986136,0.0,5,3,0.0274821952241307
4472,6338,2.4210645868458103e-08,0.15031352289308672,0.0,5,3,0.0274821952241307
5623,3983,0.00010041946646976207,0.1934476983200528,0.0,5,3,0.0274821952241307
6092,6127,9.75999919163874e-06,0.1983245310508104,0.0,5,3,0.0274821952241307
6696,3379,1.1318384925997564e-05,0.2023518793799108,0.0,5,3,0.0274821952241307
7002,7432,4.603022784310016e-06,0.1885387811634349,0.0,5,3,0.0274821952241307
7003,7412,0.00010421337004779006,0.2053222722008242,0.0,5,3,0.0274821952241307
1561,7483,8.959644782316666e-06,0.19562204886060358,0.0,6,3,0.0274821952241307
4111,5198,7.26531160407395e-06,0.19104305548594055,0.0,6,3,0.0274821952241307
4120,5246,3.333418832815349e-05,0.1944990176817289,0.0,6,3,0.0274821952241307
922,6428,6.125957762417103e-06,0.19414731051344744,0.0,7,3,0.0274821952241307
3775,4301,3.265562718953937e-05,0.19234942343115238,0.0,7,3,0.0274821952241307
4116,5727,3.84591738590464e-05,0.2020783076637595,0.0,7,3,0.0274821952241307
4902,6481,1.4109151006268301e-05,0.1993879472693032,0.0,7,3,0.0274821952241307
5738,5844,1.6824762753411667e-05,0.2064622718162613,0.0,7,3,0.0274821952241307
6169,3966,1.2196316598036582e-05,0.20137366266015058,0.0,7,3,0.0274821952241307
1819,302,9.935148678508094e-06,0.2015600211528292,0.0,8,3,0.0274821952241307
2278,916,6.841294719906458e-05,0.21987308912604558,0.0,8,3,0.0274821952241307
3023,7502,4.409630250789561e-06,0.1883710586142137,0.0,8,3,0.0274821952241307
908,3173,1.0845476807649074e-05,0.19956542227341745,0.0,9,3,0.0274821952241307
921,3748,1.2539127125411807e-05,0.1948868720439729,0.0,9,3,0.0274821952241307
923,1853,4.227277724084759e-05,0.2017467248908297,0.0,9,3,0.0274821952241307
1603,4470,3.2097602827250364e-06,0.1957426047658176,0.0,9,3,0.0274821952241307
3135,3574,1.6829956696298575e-05,0.2017467248908297,0.0,9,3,0.0274821952241307
4114,5476,5.241091731104158e-05,0.21808038907166358,0.0,9,3,0.0274821952241307
4117,4963,1.121888764334445e-05,0.1983400114481969,0.0,9,3,0.0274821952241307
7012,3979,0.0035480553808328727,0.23633545186792745,0.0,9,3,0.0274821952241307
916,4847,3.225249398849805e-05,0.1983142121283072,0.0,10,3,0.0274821952241307
3133,6471,3.521161714583602e-05,0.19545652675572422,0.0,10,3,0.0274821952241307
1821,5287,2.299946096309627e-05,0.2085693179019946,0.0,11,3,0.0274821952241307
2385,5836,1.3737461930549114e-05,0.20015228692958043,0.0,12,3,0.0274821952241307
3760,6668,3.4127084641857346e-05,0.1977175463623395,0.0,12,3,0.0274821952241307
909,5126,2.3548745853634122e-05,0.20621094489679984,0.0,13,3,0.0274821952241307
1504,7351,0.0003202551705896929,0.23017694305211667,0.0,13,3,0.0274821952241307
1822,4602,3.7889485117580285e-05,0.2061607529208135,0.0,13,3,0.0274821952241307
3136,5754,3.862895200613075e-05,0.20658536585365853,0.0,13,3,0.0274821952241307
918,4145,0.00012223675365350805,0.22196663075444778,0.0,14,3,0.0274821952241307
3129,671,2.1083491643955556e-05,0.20320955402127264,0.0,14,3,0.0274821952241307
7,1222,2.3929339702363198e-05,0.21233983286908079,0.0,15,3,0.0274821952241307
911,5580,1.1388041779785071e-05,0.19810805894124067,0.0,15,3,0.0274821952241307
1501,5793,0.0012306163777674004,0.22885019513659563,0.0,15,3,0.0274821952241307
919,2386,0.0010377487328226468,0.2164702541530598,0.0,16,3,0.0274821952241307
906,122,5.148221008620366e-05,0.20559361346350935,0.0,17,3,0.0274821952241307
1824,4364,1.8279808465402164e-05,0.20298769771529,0.0,26,3,0.0274821952241307
1503,1057,5.291951482590612e-05,0.2137929100291676,0.0,36,3,0.0274821952241307
735,6241,0.00016308823883416074,0.2290771403672206,0.0,43,3,0.0274821952241307
214,22,3.4174511224632026e-05,0.21547289275821133,0.0,1,4,0.0077581024211619
402,50,6.165379782868068e-08,0.1565619223659889,0.0,1,4,0.0077581024211619
591,90,2.442978472137716e-06,0.1863723045327857,0.0,1,4,0.0077581024211619
1292,200,4.113193544290361e-06,0.19468280723260803,0.0,1,4,0.0077581024211619
1328,210,1.3604758787326563e-06,0.17833247555326814,0.0,1,4,0.0077581024211619
1376,5762,5.629898337611815e-09,0.1414443166215163,0.0,1,4,0.0077581024211619
1417,220,4.638375489525107e-06,0.18507817811012917,0.0,1,4,0.0077581024211619
1427,2426,2.253206280250359e-05,0.19964904929024146,0.0,1,4,0.0077581024211619
1437,1790,2.253206280250359e-05,0.19964904929024146,0.0,1,4,0.0077581024211619
1491,237,1.308281801049648e-05,0.1887441814400317,0.0,1,4,0.0077581024211619
1634,4041,1.0239815140429317e-07,0.16411901481226318,0.0,1,4,0.0077581024211619
1713,523,2.664502649152461e-06,0.17648693075266825,0.0,1,4,0.0077581024211619
1782,292,1.6924195716901625e-05,0.20874637165233584,0.0,1,4,0.0077581024211619
1940,332,8.624427425789343e-07,0.1663284676310794,0.0,1,4,0.0077581024211619
1972,339,2.4682269168051096e-06,0.19003814224814897,0.0,1,4,0.0077581024211619
2021,356,7.3070580642148315e-06,0.19534132841328414,0.0,1,4,0.0077581024211619
2038,359,3.163443471100627e-05,0.19878481276728904,0.0,1,4,0.0077581024211619
2371,450,2.1717545107246087e-07,0.1647361369235424,0.0,1,4,0.0077581024211619
2391,456,4.852045417344012e-07,0.17191376121961122,0.0,1,4,0.0077581024211619
2416,1371,4.659046760546415e-06,0.1933201460742544,0.0,1,4,0.0077581024211619
2599,511,8.881039616245058e-07,0.1739061002874481,0.0,1,4,0.0077581024211619
2614,4346,1.2446840313333763e-07,0.16034917963819942,0.0,1,4,0.0077581024211619
2730,529,3.201217843955464e-06,0.1912251655629139,0.0,1,4,0.0077581024211619
2764,3407,1.8927678368319722e-06,0.18411709296427795,0.0,1,4,0.0077581024211619
2881,579,3.522012184453777e-06,0.18660041124057575,0.0,1,4,0.0077581024211619
2896,588,4.2280932014991255e-05,0.20494139154747823,0.0,1,4,0.0077581024211619
2976,5609,7.398609666629053e-06,0.18853411817080107,0.0,1,4,0.0077581024211619
3006,6581,2.366810603980419e-06,0.17992352719033233,0.0,1,4,0.0077581024211619
3013,3887,1.182237854814318e-06,0.18269184681014236,0.0,1,4,0.0077581024211619
3015,1045,1.182237854814318e-06,0.18269184681014236,0.0,1,4,0.0077581024211619
3126,669,2.4682269168051096e-06,0.19003814224814897,0.0,1,4,0.0077581024211619
3198,698,1.6924195716901625e-05,0.20874637165233584,0.0,1,4,0.0077581024211619
3218,3939,5.5847025836467146e-06,0.18244262020438934,0.0,1,4,0.0077581024211619
3278,722,3.4174511224632026e-05,0.21547289275821133,0.0,1,4,0.0077581024211619
3366,753,3.668930133188305e-07,0.16796298336454776,0.0,1,4,0.0077581024211619
3392,762,1.5735428570880012e-06,0.1734510455300462,0.0,1,4,0.0077581024211619
3418,768,3.242031754884283e-06,0.18132299421992817,0.0,1,4,0.0077581024211619
3532,818,1.984131641892493e-06,0.1827838388682412,0.0,1,4,0.0077581024211619
3601,850,4.113193544290361e-06,0.19468280723260803,0.0,1,4,0.0077581024211619
3698,1617,1.3416666463906649e-06,0.17124564753453891,0.0,1,4,0.0077581024211619
3699,4948,1.3416666463906649e-06,0.17124564753453891,0.0,1,4,0.0077581024211619
3710,893,1.3335970173285458e-06,0.17792456353281674,0.0,1,4,0.0077581024211619
3724,896,3.163443471100627e-05,0.19878481276728904,0.0,1,4,0.0077581024211619
3741,1683,4.2411674359838944e-08,0.15106716077763024,0.0,1,4,0.0077581024211619
3784,1182,3.9808837778445905e-07,0.16452991452991453,0.0,1,4,0.0077581024211619
3847,949,5.350315246648754e-06,0.18438429722081126,0.0,1,4,0.0077581024211619
3899,964,0.00021462873679759515,0.20825023903838275,0.0,1,4,0.0077581024211619
3937,5496,1.1848847076871922e-05,0.18920797239941423,0.0,1,4,0.0077581024211619
3964,995,1.2729657675001782e-05,0.1943948589789361,0.0,1,4,0.0077581024211619
3968,1690,5.564461862243178e-07,0.16975081835793973,0.0,1,4,0.0077581024211619
3969,5248,5.564461862243178e-07,0.16975081835793973,0.0,1,4,0.0077581024211619
4045,1021,0.00021462873679759515,0.20825023903838275,0.0,1,4,0.0077581024211619
4049,1024,3.982219714132814e-07,0.15778688524590165,0.0,1,4,0.0077581024211619
4089,1048,1.2729657675001782e-05,0.1943948589789361,0.0,1,4,0.0077581024211619
4163,1082,2.464161438731538e-06,0.18474625563472444,0.0,1,4,0.0077581024211619
4202,1100,1.1748643570040528e-06,0.17104584109318555,0.0,1,4,0.0077581024211619
4276,5931,4.389740951282605e-06,0.1842684135463753,0.0,1,4,0.0077581024211619
4277,2033,4.389740951282605e-06,0.1842684135463753,0.0,1,4,0.0077581024211619
4296,3419,6.408651928530224e-06,0.18445121951219512,0.0,1,4,0.0077581024211619
4335,1162,4.549138956534789e-05,0.21394891944990177,0.0,1,4,0.0077581024211619
4349,1169,3.4174511224632026e-05,0.21547289275821133,0.0,1,4,0.0077581024211619
4368,1184,1.2009060364227909e-06,0.17055217469124753,0.0,1,4,0.0077581024211619
4376,1188,4.7438639763111576e-08,0.1557017095937417,0.0,1,4,0.0077581024211619
4388,1195,2.436815483745101e-06,0.17991503422232713,0.0,1,4,0.0077581024211619
4496,1256,1.1296737245555037e-05,0.1866278215737159,0.0,1,4,0.0077581024211619
4507,1368,4.137368798791835e-07,0.16408368849283222,0.0,1,4,0.0077581024211619
4546,1283,4.113193544290361e-06,0.19468280723260803,0.0,1,4,0.0077581024211619
4583,1311,7.502394022343908e-07,0.17699505444751445,0.0,1,4,0.0077581024211619
4591,5225,3.201217843955464e-06,0.1912251655629139,0.0,1,4,0.0077581024211619
4594,7175,3.201217843955464e-06,0.1912251655629139,0.0,1,4,0.0077581024211619
4632,1342,4.113193544290361e-06,0.19468280723260803,0.0,1,4,0.0077581024211619
4633,1343,2.4324057642596426e-06,0.1687288341928772,0.0,1,4,0.0077581024211619
4636,7495,1.134012395982191e-06,0.17645424874424204,0.0,1,4,0.0077581024211619
4672,1366,2.7123679007070543e-07,0.16625591590150707,0.0,1,4,0.0077581024211619
4675,1369,5.120408853789493e-05,0.2060882965205872,0.0,1,4,0.0077581024211619
4783,1428,2.442978472137716e-06,0.1863723045327857,0.0,1,4,0.0077581024211619
4797,1438,3.4174511224632026e-05,0.21547289275821133,0.0,1,4,0.0077581024211619
4828,1463,4.0971045474005447e-07,0.1696488182667913,0.0,1,4,0.0077581024211619
4854,1475,7.0092527715880575e-06,0.19859320046893317,0.0,1,4,0.0077581024211619
4858,1478,2.3819303371445718e-07,0.16302743856797622,0.0,1,4,0.0077581024211619
4887,1490,1.9877656015386144e-05,0.19747169909074425,0.0,1,4,0.0077581024211619
4904,1505,1.1393495727939424e-05,0.19340352657617657,0.0,1,4,0.0077581024211619
4931,5189,4.0971045474005447e-07,0.1696488182667913,0.0,1,4,0.0077581024211619
4938,2679,7.492910922218999e-06,0.17578692493946732,0.0,1,4,0.0077581024211619
4964,1552,5.248217230335552e-07,0.17550362610797743,0.0,1,4,0.0077581024211619
4990,2702,1.6119048587670167e-06,0.1753421506612996,0.0,1,4,0.0077581024211619
4991,3631,1.6119048587670167e-06,0.1753421506612996,0.0,1,4,0.0077581024211619
5053,3924,6.224896991786241e-07,0.1763358778625954,0.0,1,4,0.0077581024211619
5175,1687,3.0459312225988855e-07,0.16176470588235295,0.0,1,4,0.0077581024211619
5203,3821,1.4153036324288847e-05,0.20185356811862837,0.0,1,4,0.0077581024211619
5204,4655,1.4153036324288847e-05,0.20185356811862837,0.0,1,4,0.0077581024211619
5241,1722,1.4716096262982262e-05,0.1746952057933816,0.0,1,4,0.0077581024211619
5279,1753,4.2280932014991255e-05,0.20494139154747823,0.0,1,4,0.0077581024211619
5424,6766,3.163443471100627e-05,0.19878481276728904,0.0,1,4,0.0077581024211619
5426,5749,3.163443471100627e-05,0.19878481276728904,0.0,1,4,0.0077581024211619
5428,4049,3.163443471100627e-05,0.19878481276728904,0.0,1,4,0.0077581024211619
5429,7145,3.163443471100627e-05,0.19878481276728904,0.0,1,4,0.0077581024211619
5502,4094,1.8124249338864827e-07,0.15812728177895785,0.0,1,4,0.0077581024211619
5583,1962,9.803390957568307e-05,0.1810860889395667,0.0,1,4,0.0077581024211619
5584,2671,2.2565778369162816e-08,0.14110395379831187,0.0,1,4,0.0077581024211619
5600,1977,8.859151573271632e-07,0.17728731568910183,0.0,1,4,0.0077581024211619
5602,1978,1.9773604397113377e-05,0.19227179862284663,0.0,1,4,0.0077581024211619
5617,1990,1.205113510540847e-06,0.17253242197225177,0.0,1,4,0.0077581024211619
5670,2032,4.523267270092521e-07,0.17679391437450717,0.0,1,4,0.0077581024211619
5680,2046,1.9658573209643116e-05,0.1891047108729627,0.0,1,4,0.0077581024211619
5682,2048,3.922599364209003e-07,0.16536867908974553,0.0,1,4,0.0077581024211619
5711,3114,7.470524610667738e-07,0.17702793711246836,0.0,1,4,0.0077581024211619
5712,2079,1.9253586475271482e-06,0.18615839214632837,0.0,1,4,0.0077581024211619
5780,2152,1.7678212603025973e-05,0.1903370786516854,0.0,1,4,0.0077581024211619
5793,2161,7.857097644164328e-06,0.17595734367426077,0.0,1,4,0.0077581024211619
5837,2209,3.268403657709852e-06,0.17992352719033233,0.0,1,4,0.0077581024211619
5842,2215,4.987959979302501e-07,0.1694489519194434,0.0,1,4,0.0077581024211619
5851,2226,8.222721293522776e-07,0.1762624861265261,0.0,1,4,0.0077581024211619
5852,2227,1.8275174128554748e-06,0.18093135858729706,0.0,1,4,0.0077581024211619
5863,3351,4.591790331696805e-08,0.15917728126957612,0.0,1,4,0.0077581024211619
5912,2293,2.4432847670156158e-06,0.17879676322270435,0.0,1,4,0.0077581024211619
5925,2312,0.00021462873679759515,0.20825023903838275,0.0,1,4,0.0077581024211619
5976,2362,8.29860415925023e-08,0.16053828658074298,0.0,1,4,0.0077581024211619
5977,2364,5.350315246648754e-06,0.18438429722081126,0.0,1,4,0.0077581024211619
5987,4107,7.896113737677082e-07,0.18080690685704798,0.0,1,4,0.0077581024211619
5998,7434,1.7678212603025973e-05,0.1903370786516854,0.0,1,4,0.0077581024211619
5999,2764,1.7678212603025973e-05,0.1903370786516854,0.0,1,4,0.0077581024211619
6002,2394,2.3331730132189433e-05,0.19319765821020352,0.0,1,4,0.0077581024211619
6004,2397,9.4911350387367e-06,0.17882192873396044,0.0,1,4,0.0077581024211619
6005,2400,7.0092527715880575e-06,0.19859320046893317,0.0,1,4,0.0077581024211619
6165,5066,1.1856691016503324e-06,0.18293736501079913,0.0,1,4,0.0077581024211619
6170,2563,6.329390711896373e-07,0.17570588913218854,0.0,1,4,0.0077581024211619
6196,2592,9.842891807455133e-05,0.1811076001995676,0.0,1,4,0.0077581024211619
6258,2681,2.9482960867623396e-06,0.18582258732905932,0.0,1,4,0.0077581024211619
6261,2688,3.4174511224632026e-05,0.21547289275821133,0.0,1,4,0.0077581024211619
6270,2704,4.342623555358144e-06,0.1805456870825636,0.0,1,4,0.0077581024211619
6283,6627,4.2421745093393235e-06,0.1909760497043792,0.0,1,4,0.0077581024211619
6323,6119,5.265890253724738e-07,0.15961723690271787,0.0,1,4,0.0077581024211619
6347,2824,2.663611006148274e-06,0.17513267626990145,0.0,1,4,0.0077581024211619
6421,6057,1.9341537263441936e-05,0.19285063752276868,0.0,1,4,0.0077581024211619
6434,2922,3.977607450058579e-06,0.17401725790987535,0.0,1,4,0.0077581024211619
6446,4751,1.380711184937082e-06,0.1714497773379515,0.0,1,4,0.0077581024211619
6473,6599,1.1393495727939424e-05,0.19340352657617657,0.0,1,4,0.0077581024211619
6474,6114,1.1393495727939424e-05,0.19340352657617657,0.0,1,4,0.0077581024211619
6475,6218,1.1393495727939424e-05,0.19340352657617657,0.0,1,4,0.0077581024211619
6476,7142,1.4651662512091654e-05,0.18941012771455548,0.0,1,4,0.0077581024211619
6477,2997,7.875399219114965e-06,0.1850197810732749,0.0,1,4,0.0077581024211619
6482,3004,4.852045417344012e-07,0.17191376121961122,0.0,1,4,0.0077581024211619
6494,3037,3.4174511224632026e-05,0.21547289275821133,0.0,1,4,0.0077581024211619
6521,3065,1.581001609161881e-06,0.1803748047891723,0.0,1,4,0.0077581024211619
6528,6589,2.4682269168051096e-06,0.19003814224814897,0.0,1,4,0.0077581024211619
6606,3203,7.934984809183652e-05,0.19968565815324166,0.0,1,4,0.0077581024211619
6613,3220,1.8942285529719397e-07,0.16342937998456394,0.0,1,4,0.0077581024211619
6621,3235,5.5083272961618676e-08,0.15805842957556657,0.0,1,4,0.0077581024211619
6666,3332,7.0092527715880575e-06,0.19859320046893317,0.0,1,4,0.0077581024211619
6680,3505,1.737391320327737e-05,0.19188944268237426,0.0,1,4,0.0077581024211619
6728,3825,1.3676093978196925e-08,0.14927448254254216,0.0,1,4,0.0077581024211619
6738,4874,4.549138956534789e-05,0.21394891944990177,0.0,1,4,0.0077581024211619
6740,4752,4.549138956534789e-05,0.21394891944990177,0.0,1,4,0.0077581024211619
6741,5666,4.549138956534789e-05,0.21394891944990177,0.0,1,4,0.0077581024211619
6743,5684,4.549138956534789e-05,0.21394891944990177,0.0,1,4,0.0077581024211619
6744,6548,4.549138956534789e-05,0.21394891944990177,0.0,1,4,0.0077581024211619
6745,7323,4.549138956534789e-05,0.21394891944990177,0.0,1,4,0.0077581024211619
6748,4334,4.549138956534789e-05,0.21394891944990177,0.0,1,4,0.0077581024211619
6749,7125,4.549138956534789e-05,0.21394891944990177,0.0,1,4,0.0077581024211619
6751,3455,1.0450749680593513e-05,0.19171570846536895,0.0,1,4,0.0077581024211619
6794,7377,4.2280932014991255e-05,0.20494139154747823,0.0,1,4,0.0077581024211619
6796,5852,4.2280932014991255e-05,0.20494139154747823,0.0,1,4,0.0077581024211619
6800,6050,4.2280932014991255e-05,0.20494139154747823,0.0,1,4,0.0077581024211619
6801,3801,4.2280932014991255e-05,0.20494139154747823,0.0,1,4,0.0077581024211619
6835,3576,0.00010972700252266308,0.2009966777408638,0.0,1,4,0.0077581024211619
6847,3586,2.4324057642596426e-06,0.1687288341928772,0.0,1,4,0.0077581024211619
6888,5379,1.7412355033873987e-06,0.1796817913965822,0.0,1,4,0.0077581024211619
6899,3717,5.78626768941631e-06,0.19743078397347907,0.0,1,4,0.0077581024211619
6904,3727,1.5603746784078618e-06,0.17609554390260806,0.0,1,4,0.0077581024211619
6907,4533,3.57283794710028e-06,0.18722829424045193,0.0,1,4,0.0077581024211619
6913,7461,9.51231407267439e-07,0.17081970151929368,0.0,1,4,0.0077581024211619
6939,5348,4.638375489525107e-06,0.18507817811012917,0.0,1,4,0.0077581024211619
6947,7138,1.205113510540847e-06,0.17253242197225177,0.0,1,4,0.0077581024211619
6965,5211,4.342623555358144e-06,0.1805456870825636,0.0,1,4,0.0077581024211619
6970,5589,1.7000226437220795e-07,0.16600609756097562,0.0,1,4,0.0077581024211619
6972,3894,7.875399219114965e-06,0.1850197810732749,0.0,1,4,0.0077581024211619
7048,4074,3.4174511224632026e-05,0.21547289275821133,0.0,1,4,0.0077581024211619
7049,4075,6.824423872874345e-07,0.180259641987278,0.0,1,4,0.0077581024211619
7057,5696,1.1953960521093975e-05,0.19005709441771174,0.0,1,4,0.0077581024211619
7063,5678,2.460387098769666e-05,0.20159200296186597,0.0,1,4,0.0077581024211619
7065,4137,1.275770382139799e-06,0.17103816554107115,0.0,1,4,0.0077581024211619
7103,5295,1.0332888447133788e-07,0.16076851695630168,0.0,1,4,0.0077581024211619
7105,4273,1.0646414123155842e-06,0.1797834956722719,0.0,1,4,0.0077581024211619
7129,4982,1.4999899242755e-07,0.1648893599532781,0.0,1,4,0.0077581024211619
7204,5221,3.7997978238385383e-06,0.18314393484371622,0.0,1,4,0.0077581024211619
7205,7576,3.7997978238385383e-06,0.18314393484371622,0.0,1,4,0.0077581024211619
7222,5525,4.0188474904866804e-07,0.16426401189475726,0.0,1,4,0.0077581024211619
7239,4661,4.001537136969808e-06,0.16878861014547306,0.0,1,4,0.0077581024211619
7243,4672,2.4390853659638976e-07,0.15952704823689443,0.0,1,4,0.0077581024211619
7247,4675,1.9284079581054708e-07,0.16350649907768863,0.0,1,4,0.0077581024211619
7282,6962,3.0214415710537033e-06,0.18412598729499288,0.0,1,4,0.0077581024211619
7320,4838,6.610961856458806e-08,0.15428051001821494,0.0,1,4,0.0077581024211619
7328,4857,0.00011309543705745018,0.1993097497842968,0.0,1,4,0.0077581024211619
7337,6006,8.859151573266768e-07,0.17728731568910183,0.0,1,4,0.0077581024211619
7361,4974,1.9773604397113377e-05,0.19227179862284663,0.0,1,4,0.0077581024211619
7376,5032,3.4174511224632026e-05,0.21547289275821133,0.0,1,4,0.0077581024211619
7385,5073,1.7054950122768753e-06,0.1840504128639722,0.0,1,4,0.0077581024211619
7387,5084,4.951404064327808e-07,0.17319489253419368,0.0,1,4,0.0077581024211619
7390,5092,2.833254420682255e-06,0.18390388651660997,0.0,1,4,0.0077581024211619
7396,5122,8.298604159168428e-08,0.16053828658074298,0.0,1,4,0.0077581024211619
7397,5469,3.4174511224632026e-05,0.21547289275821133,0.0,1,4,0.0077581024211619
7398,6064,3.4174511224632026e-05,0.21547289275821133,0.0,1,4,0.0077581024211619
7401,7103,1.5603746784078618e-06,0.17609554390260806,0.0,1,4,0.0077581024211619
7404,5144,1.588299522980978e-05,0.19180253623188406,0.0,1,4,0.0077581024211619
7416,6213,5.8323964389408624e-06,0.18430851063829787,0.0,1,4,0.0077581024211619
7423,7310,9.323947724554922e-07,0.17766745909662984,0.0,1,4,0.0077581024211619
7425,6749,1.6924195716901625e-05,0.20874637165233584,0.0,1,4,0.0077581024211619
7463,5477,1.5281716567279513e-05,0.19889373026847915,0.0,1,4,0.0077581024211619
7475,6620,1.5281716567279513e-05,0.19889373026847915,0.0,1,4,0.0077581024211619
7480,7120,2.2705726261061632e-06,0.1807768924302789,0.0,1,4,0.0077581024211619
7483,5576,6.976733014338198e-06,0.18601303042873527,0.0,1,4,0.0077581024211619
7492,7278,3.268403657709852e-06,0.17992352719033233,0.0,1,4,0.0077581024211619
7493,6230,3.268403657709852e-06,0.17992352719033233,0.0,1,4,0.0077581024211619
7505,5777,1.9253586475271482e-06,0.18615839214632837,0.0,1,4,0.0077581024211619
7507,5786,2.1717545107246087e-07,0.1647361369235424,0.0,1,4,0.0077581024211619
7562,6340,2.3166646997170877e-06,0.1856008959875341,0.0,1,4,0.0077581024211619
7579,6413,5.275604817467509e-07,0.17545515225447098,0.0,1,4,0.0077581024211619
7580,6448,1.9253586475271482e-06,0.18615839214632837,0.0,1,4,0.0077581024211619
7597,6650,5.5083272961618676e-08,0.15805842957556657,0.0,1,4,0.0077581024211619
7616,7196,4.175620929112267e-07,0.16095181791309487,0.0,1,4,0.0077581024211619
7619,7594,6.16537978288526e-08,0.1565619223659889,0.0,1,4,0.0077581024211619
7620,7276,7.875399219114965e-06,0.1850197810732749,0.0,1,4,0.0077581024211619
89,12,2.156257120642658e-05,0.2106906940106686,0.0,2,4,0.0077581024211619
339,43,0.00027546482115321493,0.1920441376530458,0.0,2,4,0.0077581024211619
406,52,6.958645456168031e-05,0.20878067484662577,0.0,2,4,0.0077581024211619
411,1390,7.505344788793955e-08,0.16147002753653886,0.0,2,4,0.0077581024211619
813,2352,6.32588178799356e-05,0.20519515477792732,0.0,2,4,0.0077581024211619
1023,435,1.0497254155307844e-05,0.20213189085991567,0.0,2,4,0.0077581024211619
1035,4100,7.588822133599586e-07,0.16348896562077767,0.0,2,4,0.0077581024211619
1288,7373,1.9780242738685885e-06,0.18094424268318735,0.0,2,4,0.0077581024211619
1289,198,1.1874468388026776e-05,0.18877690002724054,0.0,2,4,0.0077581024211619
1375,214,2.1732129851366512e-07,0.16474325726141079,0.0,2,4,0.0077581024211619
1424,787,2.2984389529512835e-05,0.2041893231189564,0.0,2,4,0.0077581024211619
1425,6998,2.589118371316823e-05,0.1996542783059637,0.0,2,4,0.0077581024211619
1513,5487,2.414748003034134e-06,0.1794871794871795,0.0,2,4,0.0077581024211619
1566,250,5.0912450297184815e-06,0.18515909642943892,0.0,2,4,0.0077581024211619
1597,258,3.054749825659104e-06,0.17281795511221945,0.0,2,4,0.0077581024211619
1667,278,3.573251635004785e-06,0.18141361256544503,0.0,2,4,0.0077581024211619
1668,1211,2.5956589749005544e-06,0.18031507238149305,0.0,2,4,0.0077581024211619
1711,2006,5.386859118704777e-05,0.20958429561200922,0.0,2,4,0.0077581024211619
1714,458,2.834504913524508e-06,0.18144383881179635,0.0,2,4,0.0077581024211619
1715,2815,5.033798189964179e-05,0.18475968879517196,0.0,2,4,0.0077581024211619
1967,2540,7.615570044099146e-06,0.17983014861995752,0.0,2,4,0.0077581024211619
2295,6170,2.0167540692355165e-05,0.20989014014703047,0.0,2,4,0.0077581024211619
2414,3319,4.889580786849846e-06,0.1933839011644131,0.0,2,4,0.0077581024211619
2418,3840,5.34157285545582e-06,0.1942710058870002,0.0,2,4,0.0077581024211619
2483,476,2.280714404747849e-05,0.21060338158912587,0.0,2,4,0.0077581024211619
2595,2462,4.3993939940833754e-05,0.2156069691141532,0.0,2,4,0.0077581024211619
2761,5560,3.598262849108657e-06,0.19179771040382437,0.0,2,4,0.0077581024211619
2948,605,8.651349268005341e-06,0.2016613317108013,0.0,2,4,0.0077581024211619
2957,608,9.89946123370644e-06,0.20016805398734344,0.0,2,4,0.0077581024211619
3008,5707,3.104488140374477e-06,0.19070849594716302,0.0,2,4,0.0077581024211619
3010,2830,5.5673513396608255e-06,0.1944990176817289,0.0,2,4,0.0077581024211619
3246,1261,2.9447498316327775e-05,0.20222841225626742,0.0,2,4,0.0077581024211619
3282,3965,1.2761796224579993e-06,0.1706781900006717,0.0,2,4,0.0077581024211619
3339,740,2.6501857900564813e-07,0.16530413097690555,0.0,2,4,0.0077581024211619
3367,1774,1.4162541008733263e-05,0.2018642586658899,0.0,2,4,0.0077581024211619
3526,1868,3.0029377833669926e-05,0.20081664910432034,0.0,2,4,0.0077581024211619
3527,6450,1.1052836583551569e-05,0.18974014336917563,0.0,2,4,0.0077581024211619
3545,2829,5.265114267834069e-05,0.21464170068984936,0.0,2,4,0.0077581024211619
3549,6334,5.265114267834069e-05,0.21464170068984936,0.0,2,4,0.0077581024211619
3585,5994,8.803154775720129e-06,0.18931604827894502,0.0,2,4,0.0077581024211619
3700,5217,2.5113591168618994e-06,0.17585180742346998,0.0,2,4,0.0077581024211619
3740,901,1.6371450410786053e-06,0.17794533018978034,0.0,2,4,0.0077581024211619
3766,7065,0.00022086537942330164,0.21006944444444445,0.0,2,4,0.0077581024211619
3821,937,1.6938740770976064e-05,0.20876352184033958,0.0,2,4,0.0077581024211619
3822,2348,5.614577473945002e-07,0.17351026539809714,0.0,2,4,0.0077581024211619
3848,1682,7.690028491327093e-06,0.19574763115322394,0.0,2,4,0.0077581024211619
3934,981,4.3608842529840545e-05,0.20496894409937888,0.0,2,4,0.0077581024211619
3951,5863,5.056683552384396e-06,0.20230354820731933,0.0,2,4,0.0077581024211619
4201,1099,9.437240871604154e-06,0.20231965603269814,0.0,2,4,0.0077581024211619
4293,1142,2.1486238598218786e-05,0.19755870004664905,0.0,2,4,0.0077581024211619
4415,2168,2.6217862884622465e-06,0.18402819689544456,0.0,2,4,0.0077581024211619
4424,1218,4.459008148337296e-05,0.20498547918683446,0.0,2,4,0.0077581024211619
4502,1259,2.698186869451533e-06,0.1816816816816817,0.0,2,4,0.0077581024211619
4585,5698,3.203367669954018e-06,0.19123475992172997,0.0,2,4,0.0077581024211619
4590,2578,3.636926858671742e-06,0.19299222765133295,0.0,2,4,0.0077581024211619
4593,5045,3.203367669953741e-06,0.19123475992172997,0.0,2,4,0.0077581024211619
4685,4866,5.128088708816325e-05,0.20623326028731434,0.0,2,4,0.0077581024211619
4692,4011,5.198527410523421e-05,0.20870065159064777,0.0,2,4,0.0077581024211619
4721,4832,9.726593191116776e-06,0.18774937195212058,0.0,2,4,0.0077581024211619
4722,6527,2.6939530563388067e-06,0.1696299428113665,0.0,2,4,0.0077581024211619
4723,4425,9.726593191116776e-06,0.18774937195212058,0.0,2,4,0.0077581024211619
4724,5599,9.726593191116776e-06,0.18774937195212058,0.0,2,4,0.0077581024211619
4929,1525,1.508531088662443e-05,0.20554372151966996,0.0,2,4,0.0077581024211619
4956,3662,1.6900834058409497e-06,0.1773491845613382,0.0,2,4,0.0077581024211619
5201,6609,1.6219541509986542e-05,0.20716362746963068,0.0,2,4,0.0077581024211619
5202,5591,1.5894271827676088e-05,0.20439737230191715,0.0,2,4,0.0077581024211619
5205,3775,3.799903181846104e-05,0.23027428709521508,0.0,2,4,0.0077581024211619
5224,5306,7.29150547537309e-06,0.2011770294521271,0.0,2,4,0.0077581024211619
5295,1764,7.491250292608479e-06,0.17826991885128973,0.0,2,4,0.0077581024211619
5425,3630,3.188830774891783e-05,0.19970658353200074,0.0,2,4,0.0077581024211619
5427,3019,3.264061272366749e-05,0.19891968060122123,0.0,2,4,0.0077581024211619
5601,5991,3.4197461631726136e-05,0.21548507462686567,0.0,2,4,0.0077581024211619
5632,6631,6.511806787339848e-06,0.19822654462242562,0.0,2,4,0.0077581024211619
5633,5407,4.3239718905764135e-06,0.19203446191051995,0.0,2,4,0.0077581024211619
5643,3393,4.552975753551419e-06,0.18342597271349168,0.0,2,4,0.0077581024211619
5678,2043,4.687078359597688e-07,0.16924955595026642,0.0,2,4,0.0077581024211619
5970,5996,4.734248584235978e-06,0.19138359569179786,0.0,2,4,0.0077581024211619
6009,6079,2.770761519557337e-06,0.18412154002222114,0.0,2,4,0.0077581024211619
6033,2423,1.268957028706454e-05,0.19755358022131805,0.0,2,4,0.0077581024211619
6042,2436,1.315771090704822e-05,0.18817575907183412,0.0,2,4,0.0077581024211619
6066,2460,2.629403453494676e-06,0.19080396475770925,0.0,2,4,0.0077581024211619
6149,5531,2.1913283829661458e-07,0.15937029603612643,0.0,2,4,0.0077581024211619
6164,6774,3.536018032628229e-05,0.21681504024574078,0.0,2,4,0.0077581024211619
6188,3693,3.4414598666393353e-06,0.1865958436344944,0.0,2,4,0.0077581024211619
6191,2585,4.355670239713179e-05,0.2049634329963433,0.0,2,4,0.0077581024211619
6414,5528,1.8656635294922994e-05,0.20914154023429998,0.0,2,4,0.0077581024211619
6503,5634,7.311965228976832e-06,0.1953513402695915,0.0,2,4,0.0077581024211619
6524,7508,6.497470704276383e-05,0.19658560486886556,0.0,2,4,0.0077581024211619
6542,5511,1.393284349020582e-06,0.16940376452810063,0.0,2,4,0.0077581024211619
6610,3215,8.048511559280857e-06,0.19845877483012678,0.0,2,4,0.0077581024211619
6678,3438,5.9654845218269975e-05,0.20583787870605388,0.0,2,4,0.0077581024211619
6720,4724,1.0505971219578275e-05,0.20276632530921665,0.0,2,4,0.0077581024211619
6727,3436,5.279147729244291e-07,0.1754632293704684,0.0,2,4,0.0077581024211619
6742,6951,7.96659007899823e-05,0.22161816437480014,0.0,2,4,0.0077581024211619
6746,4685,5.011702450891111e-05,0.21399696816574026,0.0,2,4,0.0077581024211619
6789,3524,1.3501386540721128e-05,0.2011398717644265,0.0,2,4,0.0077581024211619
6790,6169,7.645544323962617e-05,0.22118090816770636,0.0,2,4,0.0077581024211619
6799,4504,4.423136292674444e-05,0.20594910034041172,0.0,2,4,0.0077581024211619
6808,7518,2.9645225668223962e-06,0.1826043213721075,0.0,2,4,0.0077581024211619
6901,4652,1.8054766850384753e-06,0.17208840327787434,0.0,2,4,0.0077581024211619
6906,4047,4.008546961816404e-06,0.1886600999851507,0.0,2,4,0.0077581024211619
6912,5204,3.914674876113594e-06,0.19068464367011032,0.0,2,4,0.0077581024211619
6915,4332,5.790153544525009e-06,0.1974410111632003,0.0,2,4,0.0077581024211619
6944,4522,1.2429218956117305e-05,0.19993180864456567,0.0,2,4,0.0077581024211619
6966,4950,0.0002939785848894317,0.21152672179366225,0.0,2,4,0.0077581024211619
6990,3931,7.193807441132053e-06,0.19233001135360162,0.0,2,4,0.0077581024211619
7102,5214,3.839513202102548e-06,0.1795844327176781,0.0,2,4,0.0077581024211619
7116,5794,9.518134874769843e-06,0.1887301626599985,0.0,2,4,0.0077581024211619
7152,5919,3.499678335398496e-05,0.21583894897785832,0.0,2,4,0.0077581024211619
7250,4703,2.803261343043749e-06,0.17503616449679685,0.0,2,4,0.0077581024211619
7336,4885,3.4197461631724706e-05,0.21548507462686567,0.0,2,4,0.0077581024211619
7369,7418,3.4563072500620495e-06,0.19066079735881147,0.0,2,4,0.0077581024211619
7386,5076,2.6594479898512404e-06,0.1807083254314432,0.0,2,4,0.0077581024211619
7400,6934,5.082386862861934e-06,0.1893677803999503,0.0,2,4,0.0077581024211619
7442,5350,7.280489561658944e-06,0.1986294231069884,0.0,2,4,0.0077581024211619
7481,5569,1.522658983513714e-05,0.19484702093397746,0.0,2,4,0.0077581024211619
32,2900,1.1757685288073778e-05,0.1929775707559111,0.0,3,4,0.0077581024211619
130,3029,4.69881045657905e-06,0.19607490097227223,0.0,3,4,0.0077581024211619
258,31,2.506410797888264e-05,0.21137422360248448,0.0,3,4,0.0077581024211619
403,4415,2.379915693108839e-06,0.18561897340995423,0.0,3,4,0.0077581024211619
437,3008,4.9414985748328165e-06,0.18386840010612895,0.0,3,4,0.0077581024211619
644,7010,0.00022900337622736098,0.2086720867208672,0.0,3,4,0.0077581024211619
722,4227,1.5429821034156614e-05,0.1945685188493836,0.0,3,4,0.0077581024211619
827,574,4.2638390927089515e-05,0.2003100693714526,0.0,3,4,0.0077581024211619
828,2526,7.64567396353619e-05,0.2153207355308872,0.0,3,4,0.0077581024211619
833,3058,4.1461944815976834e-05,0.19307532546476874,0.0,3,4,0.0077581024211619
1033,142,4.017823063071063e-06,0.17688827010093977,0.0,3,4,0.0077581024211619
1049,147,4.2182671267767244e-06,0.19817501169864296,0.0,3,4,0.0077581024211619
1050,7336,4.504387976242806e-06,0.19110531725538368,0.0,3,4,0.0077581024211619
1329,1577,5.2516114301782174e-05,0.2170310898530919,0.0,3,4,0.0077581024211619
1422,463,2.516764541406849e-05,0.20224987397521954,0.0,3,4,0.0077581024211619
1434,379,6.535809042577526e-05,0.21378691421039347,0.0,3,4,0.0077581024211619
1436,6717,6.891601932752413e-05,0.21937321937321938,0.0,3,4,0.0077581024211619
1438,3573,0.00012966637663745502,0.21641494435612083,0.0,3,4,0.0077581024211619
1444,6080,5.8046038924683985e-05,0.20784142650707527,0.0,3,4,0.0077581024211619
1492,3442,4.077504945272011e-05,0.20038378634141213,0.0,3,4,0.0077581024211619
1599,1964,8.710679951629081e-07,0.16428171199517264,0.0,3,4,0.0077581024211619
1652,273,2.7796229253585912e-05,0.20917023378333882,0.0,3,4,0.0077581024211619
1797,297,1.2087208134282874e-05,0.20037325202397224,0.0,3,4,0.0077581024211619
1808,4932,4.8351541748027364e-05,0.20374726038381355,0.0,3,4,0.0077581024211619
2098,3879,1.7541586426040795e-06,0.1751487719137008,0.0,3,4,0.0077581024211619
2171,4419,3.6433269659997524e-06,0.18944778567523238,0.0,3,4,0.0077581024211619
2288,4930,2.4280734236645338e-05,0.2132128772410707,0.0,3,4,0.0077581024211619
2353,7238,5.9314898049787775e-05,0.2111809845693548,0.0,3,4,0.0077581024211619
2413,1953,8.898909172213187e-06,0.19893006263048016,0.0,3,4,0.0077581024211619
2419,4799,5.2055213374501724e-05,0.2161878562718017,0.0,3,4,0.0077581024211619
2453,472,2.3807887167731244e-05,0.19765090230242688,0.0,3,4,0.0077581024211619
2594,4059,4.966069899238156e-05,0.20877495686467834,0.0,3,4,0.0077581024211619
2612,2579,1.894143195686785e-05,0.2114797758419797,0.0,3,4,0.0077581024211619
2613,5897,1.8311923548694356e-06,0.18441106030916612,0.0,3,4,0.0077581024211619
2790,546,1.7208001554572828e-05,0.1951762808203395,0.0,3,4,0.0077581024211619
3001,625,3.8537778322633895e-06,0.19625662942175995,0.0,3,4,0.0077581024211619
3036,638,0.0002448173103689393,0.21571068790854298,0.0,3,4,0.0077581024211619
3247,7538,6.7173627464156675e-06,0.1903370786516854,0.0,3,4,0.0077581024211619
3281,6699,1.5218836561247315e-05,0.18768927736058105,0.0,3,4,0.0077581024211619
3292,6635,1.9009641669312686e-05,0.18609022556390978,0.0,3,4,0.0077581024211619
3506,5459,1.676044488060869e-05,0.1901281987329775,0.0,3,4,0.0077581024211619
3582,1901,6.996192764536209e-06,0.18782338737495688,0.0,3,4,0.0077581024211619
3588,3551,7.225124263629252e-06,0.18782801527658002,0.0,3,4,0.0077581024211619
3627,862,9.539592480427802e-06,0.1938165823396303,0.0,3,4,0.0077581024211619
3765,3028,6.578476820678297e-05,0.2056213416772314,0.0,3,4,0.0077581024211619
3803,6791,5.116531239629114e-06,0.1859903381642512,0.0,3,4,0.0077581024211619
3895,6314,1.0212338809653993e-05,0.19915874177029994,0.0,3,4,0.0077581024211619
3926,977,1.96724560174959e-05,0.19025632066288967,0.0,3,4,0.0077581024211619
3967,3396,7.167809409078044e-06,0.20081664910432034,0.0,3,4,0.0077581024211619
4268,7251,5.832412351948762e-06,0.19056547172641367,0.0,3,4,0.0077581024211619
4354,1175,0.00024033487397341779,0.20998843038951023,0.0,3,4,0.0077581024211619
4414,1212,4.786895465990261e-05,0.21502312986573394,0.0,3,4,0.0077581024211619
4573,2872,9.134416176227096e-06,0.19941402673503023,0.0,3,4,0.0077581024211619
4687,2954,5.329722308154171e-05,0.20692182410423451,0.0,3,4,0.0077581024211619
4710,1420,3.294742397737871e-05,0.19397933737085857,0.0,3,4,0.0077581024211619
4760,1415,5.202180155751703e-05,0.2140089837170129,0.0,3,4,0.0077581024211619
5001,7070,5.596142089928973e-06,0.1940830511495277,0.0,3,4,0.0077581024211619
5100,1644,3.402552812795255e-05,0.21561306745863384,0.0,3,4,0.0077581024211619
5109,4289,2.9659009997946896e-05,0.1951063448593586,0.0,3,4,0.0077581024211619
5124,1661,7.778335375447668e-05,0.22119374401532077,0.0,3,4,0.0077581024211619
5198,1696,8.937242936638247e-05,0.20729883338318875,0.0,3,4,0.0077581024211619
5382,2776,2.032701195134832e-05,0.18992924058202112,0.0,3,4,0.0077581024211619
5480,1974,9.322605889849112e-05,0.20527251184834122,0.0,3,4,0.0077581024211619
5501,1900,0.0001247085911065669,0.20479273567417994,0.0,3,4,0.0077581024211619
5644,6157,2.0522404635099537e-05,0.19472756533067667,0.0,3,4,0.0077581024211619
5681,6279,8.947996641366441e-05,0.18022128705848978,0.0,3,4,0.0077581024211619
5683,5250,1.514173678426483e-05,0.19812865497076024,0.0,3,4,0.0077581024211619
5710,5249,2.5182240901082646e-06,0.18751383661722382,0.0,3,4,0.0077581024211619
5862,2240,1.7724899770902864e-06,0.1893066454753154,0.0,3,4,0.0077581024211619
5905,5704,1.3849286443291069e-05,0.19494667928291948,0.0,3,4,0.0077581024211619
5906,5339,4.0568836996647706e-05,0.21838652380679538,0.0,3,4,0.0077581024211619
5926,2314,5.349027158070211e-05,0.21691375238312038,0.0,3,4,0.0077581024211619
5951,4949,1.4279945437846575e-05,0.2003890539155122,0.0,3,4,0.0077581024211619
6008,2405,4.357377103407742e-06,0.19064172460361126,0.0,3,4,0.0077581024211619
6094,4939,6.413014488317748e-06,0.19731324739866438,0.0,3,4,0.0077581024211619
6142,2529,6.2816123977583055e-06,0.20054721001815265,0.0,3,4,0.0077581024211619
6282,6418,2.6388767796480232e-05,0.20710734371179396,0.0,3,4,0.0077581024211619
6504,5028,1.711224995026246e-05,0.2068712855165676,0.0,3,4,0.0077581024211619
6526,6943,1.343053147058952e-05,0.20102848101265822,0.0,3,4,0.0077581024211619
6686,3365,2.3002828925913584e-05,0.19804629653685277,0.0,3,4,0.0077581024211619
6735,3513,8.361587661614833e-05,0.20169868233052865,0.0,3,4,0.0077581024211619
6747,3832,7.236583317915257e-05,0.21852425180598556,0.0,3,4,0.0077581024211619
6791,4150,6.167339777825779e-05,0.2203179190751445,0.0,3,4,0.0077581024211619
6795,4818,5.504155041532413e-05,0.20876352184033958,0.0,3,4,0.0077581024211619
6948,3860,1.1823214092627563e-05,0.19802571762566568,0.0,3,4,0.0077581024211619
7167,7265,2.3799156931088856e-06,0.18561897340995423,0.0,3,4,0.0077581024211619
7174,5743,3.1402114024268125e-05,0.19984270546598507,0.0,3,4,0.0077581024211619
7221,4604,1.551326689957111e-05,0.19654505607838083,0.0,3,4,0.0077581024211619
7474,7292,8.432386442313654e-07,0.17544303797468355,0.0,3,4,0.0077581024211619
9,7146,6.221621092927932e-06,0.19786637595390127,0.0,4,4,0.0077581024211619
30,272,9.147321637629403e-06,0.1823073611708997,0.0,4,4,0.0077581024211619
122,14,9.620105874998382e-06,0.17835751052877866,0.0,4,4,0.0077581024211619
221,3493,4.6855143078128295e-05,0.20270162469752973,0.0,4,4,0.0077581024211619
732,109,4.777496339096171e-05,0.21429173811598684,0.0,4,4,0.0077581024211619
817,5969,0.000169516733433716,0.22172774869109949,0.0,4,4,0.0077581024211619
926,6576,1.0331650045352566e-05,0.20349706353443672,0.0,4,4,0.0077581024211619
1029,3641,1.9780161030369534e-05,0.20747373577921724,0.0,4,4,0.0077581024211619
1259,188,0.00018627041794195924,0.22247191011235956,0.0,4,4,0.0077581024211619
1447,6856,2.9503277152267914e-05,0.20621652329167342,0.0,4,4,0.0077581024211619
1633,268,3.952700012927992e-06,0.19633750579508577,0.0,4,4,0.0077581024211619
1655,3519,2.795239907778404e-05,0.20259388205278125,0.0,4,4,0.0077581024211619
1812,4216,5.4043540089784864e-05,0.2053941908713693,0.0,4,4,0.0077581024211619
2033,1263,1.5970774354965784e-05,0.1962869502523432,0.0,4,4,0.0077581024211619
2097,4484,5.275941630302597e-06,0.19078486334968464,0.0,4,4,0.0077581024211619
2149,383,5.44480899858071e-05,0.21229843763054557,0.0,4,4,0.0077581024211619
2169,392,5.7111711956428744e-05,0.20874065554916618,0.0,4,4,0.0077581024211619
2170,2823,4.535127143817725e-05,0.20633373934226554,0.0,4,4,0.0077581024211619
2351,441,1.8591108609345234e-05,0.1987329892069451,0.0,4,4,0.0077581024211619
2407,5655,3.8839762135383346e-05,0.20100197758734345,0.0,4,4,0.0077581024211619
2823,557,5.286630243983998e-05,0.19985318407047165,0.0,4,4,0.0077581024211619
2960,7500,1.0470088072011147e-05,0.19940359413011066,0.0,4,4,0.0077581024211619
2975,613,0.0002855958249614891,0.2323306208283807,0.0,4,4,0.0077581024211619
3290,5636,4.172229197255987e-05,0.1948370607028754,0.0,4,4,0.0077581024211619
3393,4158,6.074077301435772e-05,0.20984391774713024,0.0,4,4,0.0077581024211619
3502,815,5.423464143149709e-05,0.21077807885859648,0.0,4,4,0.0077581024211619
3764,4101,2.304247747224875e-05,0.198862598805207,0.0,4,4,0.0077581024211619
3768,4490,2.5660504787764277e-05,0.21267157683294274,0.0,4,4,0.0077581024211619
3927,1466,2.0310718267962675e-05,0.1905273681579605,0.0,4,4,0.0077581024211619
4184,1090,9.065681612992675e-05,0.22164393917366906,0.0,4,4,0.0077581024211619
4367,1183,7.777584782992765e-05,0.22987153971413063,0.0,4,4,0.0077581024211619
4369,1893,4.635651367319338e-05,0.2056157954361547,0.0,4,4,0.0077581024211619
4592,2224,3.961183632379332e-05,0.2093655589123867,0.0,4,4,0.0077581024211619
4694,3652,0.0031594348142277803,0.22828137633635792,0.0,4,4,0.0077581024211619
4818,1528,1.581534917897123e-05,0.20430424528301888,0.0,4,4,0.0077581024211619
4859,6949,9.194556684139704e-06,0.19477732069397247,0.0,4,4,0.0077581024211619
4967,2288,1.921877328099979e-05,0.20610501270751094,0.0,4,4,0.0077581024211619
4983,5309,4.94898203533711e-05,0.20556034947686333,0.0,4,4,0.0077581024211619
5081,2986,4.494075290744717e-05,0.2029768878474811,0.0,4,4,0.0077581024211619
5199,6847,9.684853873959397e-05,0.20834699901607084,0.0,4,4,0.0077581024211619
5250,4966,1.0969457490662325e-05,0.2011770294521271,0.0,4,4,0.0077581024211619
5271,4836,2.0041690337111155e-05,0.20738342673703683,0.0,4,4,0.0077581024211619
5296,3600,8.108989100464781e-05,0.2038017324350337,0.0,4,4,0.0077581024211619
5417,2467,5.76525105327636e-06,0.19078008859523987,0.0,4,4,0.0077581024211619
6074,5258,2.6848213886989118e-05,0.21549116607773852,0.0,4,4,0.0077581024211619
6091,7056,1.6118432485423742e-05,0.19182184197282334,0.0,4,4,0.0077581024211619
6420,5098,4.843313207650257e-05,0.2050626782159574,0.0,4,4,0.0077581024211619
6463,2978,0.00023432130271980098,0.2144424440193541,0.0,4,4,0.0077581024211619
6502,5633,2.1678181107576826e-05,0.20135770510856357,0.0,4,4,0.0077581024211619
6676,6181,6.0474811989818906e-05,0.21697549312612074,0.0,4,4,0.0077581024211619
6914,6861,1.911305491422043e-05,0.20946911409100902,0.0,4,4,0.0077581024211619
7244,7316,9.415182427919251e-06,0.18980155864850734,0.0,4,4,0.0077581024211619
7281,5776,2.2915778209408047e-05,0.21076642335766424,0.0,4,4,0.0077581024211619
127,15,6.207448530386941e-05,0.22044534412955466,0.0,5,4,0.0077581024211619
341,2893,6.687439029421527e-05,0.21822397801442803,0.0,5,4,0.0077581024211619
440,7214,1.271909767981355e-05,0.20277171889131243,0.0,5,4,0.0077581024211619
631,4225,1.9254165435841996e-05,0.2040144520272983,0.0,5,4,0.0077581024211619
635,2077,2.8837183406275805e-05,0.2151020062642851,0.0,5,4,0.0077581024211619
720,107,5.400118340471209e-05,0.2145994031867575,0.0,5,4,0.0077581024211619
821,7457,5.981191544148206e-05,0.2004628290425224,0.0,5,4,0.0077581024211619
826,7385,0.00018130179203041007,0.21577174559144047,0.0,5,4,0.0077581024211619
924,123,5.452952780160801e-06,0.1980205735660848,0.0,5,4,0.0077581024211619
927,5890,6.903236801346534e-05,0.22242647058823528,0.0,5,4,0.0077581024211619
1027,7190,6.514359603236468e-05,0.21790583997941856,0.0,5,4,0.0077581024211619
1034,6809,3.183292053532667e-06,0.17385850476668338,0.0,5,4,0.0077581024211619
1118,164,0.00011608488824675289,0.21197375006951782,0.0,5,4,0.0077581024211619
1283,197,5.80975792348479e-06,0.1821635959566994,0.0,5,4,0.0077581024211619
1285,6985,6.965022976958736e-05,0.21507773044042547,0.0,5,4,0.0077581024211619
1439,222,1.577759292275248e-05,0.20208902203016887,0.0,5,4,0.0077581024211619
1509,240,7.959157666489833e-05,0.21107573030596705,0.0,5,4,0.0077581024211619
1598,2497,0.00011704619427713468,0.20789811001718167,0.0,5,4,0.0077581024211619
1681,3459,0.0007445850254555362,0.21012734990903578,0.0,5,4,0.0077581024211619
1710,3889,6.562305504183233e-06,0.19904433651887826,0.0,5,4,0.0077581024211619
1934,4516,1.537187898376313e-05,0.18734332759891864,0.0,5,4,0.0077581024211619
2454,7304,4.37677545750548e-05,0.1991223258365332,0.0,5,4,0.0077581024211619
2506,832,8.719802955325663e-05,0.21608367821305063,0.0,5,4,0.0077581024211619
3003,3638,4.25266034729705e-05,0.21017369727047147,0.0,5,4,0.0077581024211619
3012,7019,2.126285003809587e-06,0.1877262540941217,0.0,5,4,0.0077581024211619
3024,5785,0.0037842346793551195,0.22112316528398213,0.0,5,4,0.0077581024211619
3047,642,4.3750267668632294e-05,0.1999737670514166,0.0,5,4,0.0077581024211619
3048,7423,4.515162998288064e-05,0.20412371134020618,0.0,5,4,0.0077581024211619
3340,2285,7.678141057458931e-06,0.1920489758899554,0.0,5,4,0.0077581024211619
3435,779,6.859672627068757e-05,0.2182364729458918,0.0,5,4,0.0077581024211619
3524,1442,5.2369824168419966e-05,0.21761347416500143,0.0,5,4,0.0077581024211619
3548,4892,6.401463640598881e-05,0.22079012917801077,0.0,5,4,0.0077581024211619
3580,6855,6.102869041334802e-05,0.2200635103926097,0.0,5,4,0.0077581024211619
3583,2271,9.018292059347104e-06,0.18794378698224853,0.0,5,4,0.0077581024211619
3628,3649,4.55104771248019e-05,0.22187618243734902,0.0,5,4,0.0077581024211619
3805,6987,5.206064827062311e-05,0.21735287408759124,0.0,5,4,0.0077581024211619
3950,4801,9.607930117038206e-05,0.23735093564156054,0.0,5,4,0.0077581024211619
3966,1936,9.609204284236703e-06,0.19682924939967467,0.0,5,4,0.0077581024211619
3971,2750,0.000568060195335952,0.21166768478924863,0.0,5,4,0.0077581024211619
4267,4385,4.4792912685470854e-05,0.21621851599727707,0.0,5,4,0.0077581024211619
4389,2095,9.406420391363988e-05,0.21937953263497179,0.0,5,4,0.0077581024211619
4413,5883,9.66225148208758e-05,0.21989845958576126,0.0,5,4,0.0077581024211619
4965,1603,8.890321067732378e-05,0.22214127520690058,0.0,5,4,0.0077581024211619
5332,4515,2.6343151668778023e-05,0.21989211642195747,0.0,5,4,0.0077581024211619
6208,7564,0.000294080239195428,0.22748433303491494,0.0,5,4,0.0077581024211619
6708,5422,1.955898384802293e-05,0.20141622849895632,0.0,5,4,0.0077581024211619
6879,5940,5.2482109675987764e-05,0.21231617647058823,0.0,5,4,0.0077581024211619
34,5943,0.0037994825141760154,0.2211552409411355,0.0,6,4,0.0077581024211619
435,56,5.718738626294007e-06,0.18945249397320874,0.0,6,4,0.0077581024211619
439,5226,1.6231828960726767e-05,0.19850011717834545,0.0,6,4,0.0077581024211619
556,666,6.0410645149935976e-05,0.21353539314826747,0.0,6,4,0.0077581024211619
896,442,3.811600680277841e-05,0.19872262773722627,0.0,6,4,0.0077581024211619
925,5864,5.1750109465251e-05,0.21953748236039514,0.0,6,4,0.0077581024211619
1025,6738,4.9246373462810965e-05,0.2063225701680786,0.0,6,4,0.0077581024211619
1420,4422,7.30091025409023e-05,0.20953820780648708,0.0,6,4,0.0077581024211619
1469,2236,0.0003032940490980922,0.21352343071622643,0.0,6,4,0.0077581024211619
1635,5964,9.736679353311174e-05,0.23944591029023746,0.0,6,4,0.0077581024211619
1803,2065,6.163341316874093e-05,0.20574898785425103,0.0,6,4,0.0077581024211619
2150,7332,7.686091862933149e-05,0.22308390155394925,0.0,6,4,0.0077581024211619
2292,2129,2.6346382890408596e-05,0.21320691391173016,0.0,6,4,0.0077581024211619
2294,4123,7.528913544188562e-05,0.2210462216551644,0.0,6,4,0.0077581024211619
2600,2413,3.428195228563647e-05,0.21051032806804373,0.0,6,4,0.0077581024211619
2611,515,4.804640044062601e-06,0.1909664812866376,0.0,6,4,0.0077581024211619
2762,2926,2.443226015854391e-05,0.21315325895478568,0.0,6,4,0.0077581024211619
2763,1608,2.4028900993244478e-05,0.21408110536957986,0.0,6,4,0.0077581024211619
3005,628,9.136192574399644e-05,0.2193921602486617,0.0,6,4,0.0077581024211619
3271,2174,5.509879252558637e-05,0.20603816422509325,0.0,6,4,0.0077581024211619
3289,5202,0.00012598289291615095,0.20221768310475635,0.0,6,4,0.0077581024211619
3324,3331,4.719702556007958e-05,0.20464429530201342,0.0,6,4,0.0077581024211619
3327,2773,7.71422173697749e-05,0.20948062654575433,0.0,6,4,0.0077581024211619
3505,6319,5.0228383099125124e-05,0.21170883439331242,0.0,6,4,0.0077581024211619
3507,1246,0.0003510273240564322,0.21216253826885612,0.0,6,4,0.0077581024211619
3529,2808,0.0001411848971642658,0.2346693756926487,0.0,6,4,0.0077581024211619
3546,2482,0.00014346939416952316,0.22508636726016476,0.0,6,4,0.0077581024211619
3581,6315,4.020228314290044e-05,0.20583232077764277,0.0,6,4,0.0077581024211619
3685,884,0.0001269800189743168,0.22538584353379457,0.0,6,4,0.0077581024211619
3695,3764,1.1375361036622243e-05,0.19951841285628288,0.0,6,4,0.0077581024211619
3806,6913,2.0364511413691147e-05,0.21278436845778087,0.0,6,4,0.0077581024211619
3850,5900,5.31601516471589e-05,0.20848375451263537,0.0,6,4,0.0077581024211619
3935,6058,5.1259049477085086e-05,0.20073732718894008,0.0,6,4,0.0077581024211619
3970,6185,2.025879181374044e-05,0.21285566693658728,0.0,6,4,0.0077581024211619
4266,1128,2.859253097856291e-05,0.20004198703650247,0.0,6,4,0.0077581024211619
4295,1570,6.222159549457189e-05,0.21261819094636433,0.0,6,4,0.0077581024211619
4425,1383,8.913613193521865e-05,0.21155607359920073,0.0,6,4,0.0077581024211619
4475,4870,5.610438023221338e-05,0.20029954280309,0.0,6,4,0.0077581024211619
4495,2206,0.0016346900152581201,0.22419928825622776,0.0,6,4,0.0077581024211619
4589,1744,0.00011607309236138425,0.2299547511312217,0.0,6,4,0.0077581024211619
4620,3686,6.721392429783233e-05,0.21903284199637962,0.0,6,4,0.0077581024211619
4634,3918,9.389398308418955e-05,0.20297148334531512,0.0,6,4,0.0077581024211619
4693,5323,7.941696752552886e-05,0.2170125544452985,0.0,6,4,0.0077581024211619
4767,1421,6.861557114531775e-05,0.1979383049439136,0.0,6,4,0.0077581024211619
6093,6049,3.462800227325867e-05,0.21886304909560725,0.0,6,4,0.0077581024211619
6226,6786,4.610243887239927e-05,0.20272857826711346,0.0,6,4,0.0077581024211619
6322,7026,1.440650939955868e-05,0.19874335175722183,0.0,6,4,0.0077581024211619
6377,6684,0.00032039305063919144,0.22981609888453422,0.0,6,4,0.0077581024211619
6530,6370,7.443902117705129e-06,0.19546153846153846,0.0,6,4,0.0077581024211619
6562,6874,4.492584060057944e-05,0.2067142121105296,0.0,6,4,0.0077581024211619
6611,7093,9.638478474726654e-05,0.2224459423969185,0.0,6,4,0.0077581024211619
6679,7087,6.527542825214927e-05,0.19509136510211394,0.0,6,4,0.0077581024211619
6798,4323,9.221016009848856e-05,0.21403301886792453,0.0,6,4,0.0077581024211619
7101,4266,3.988627503348999e-06,0.19156154194099612,0.0,6,4,0.0077581024211619
25,1351,6.209335138128264e-05,0.21683354192740925,0.0,7,4,0.0077581024211619
407,6840,4.1736495008132704e-05,0.21953116000460776,0.0,7,4,0.0077581024211619
436,4128,5.3005001008363245e-05,0.21690140845070421,0.0,7,4,0.0077581024211619
723,3790,9.431392654743615e-05,0.2177191328934967,0.0,7,4,0.0077581024211619
890,2144,2.1489500693731722e-05,0.19073235419220858,0.0,7,4,0.0077581024211619
892,5570,1.0054885313354225e-05,0.18104308174606945,0.0,7,4,0.0077581024211619
894,5078,1.1675335479495149e-05,0.19382151029748285,0.0,7,4,0.0077581024211619
1024,6638,0.00014722735145971056,0.2052006783493499,0.0,7,4,0.0077581024211619
1036,2541,0.00015115095051609583,0.21479289940828403,0.0,7,4,0.0077581024211619
1377,7021,8.383251030297673e-06,0.19722135982614095,0.0,7,4,0.0077581024211619
1567,6195,7.352683775412414e-05,0.21900137899333486,0.0,7,4,0.0077581024211619
1607,2275,0.00012978175918421819,0.2203242868290991,0.0,7,4,0.0077581024211619
1932,329,0.00023094276878595998,0.2068712855165676,0.0,7,4,0.0077581024211619
2405,5539,2.5519160899745918e-06,0.18242079065760505,0.0,7,4,0.0077581024211619
2417,5626,1.6159139355574662e-05,0.20082723009642237,0.0,7,4,0.0077581024211619
2508,7401,0.0001105105079066073,0.21598571995239985,0.0,7,4,0.0077581024211619
2512,4912,3.6256554330756725e-05,0.20693867578793063,0.0,7,4,0.0077581024211619
2513,2108,1.1810368335389965e-05,0.19076576576576576,0.0,7,4,0.0077581024211619
2958,609,0.00012604095622194853,0.2253791798480324,0.0,7,4,0.0077581024211619
2993,3818,3.478418599810428e-05,0.1936541001930698,0.0,7,4,0.0077581024211619
3114,1668,5.679242582975971e-05,0.2038180797304885,0.0,7,4,0.0077581024211619
3280,5920,6.16831168286672e-05,0.2058712325807497,0.0,7,4,0.0077581024211619
3331,1329,2.3884567912979817e-05,0.21141525917297613,0.0,7,4,0.0077581024211619
3528,1131,6.152994830556499e-05,0.20323122450611852,0.0,7,4,0.0077581024211619
3584,2640,9.017108129377259e-05,0.2151445021449537,0.0,7,4,0.0077581024211619
3586,3867,0.0001676308404785644,0.2203179190751445,0.0,7,4,0.0077581024211619
3804,3720,6.457718508633206e-05,0.20783009351399984,0.0,7,4,0.0077581024211619
3893,7448,3.275926080231777e-05,0.19768678198179507,0.0,7,4,0.0077581024211619
3938,5598,0.00014978943093370774,0.2073608617594255,0.0,7,4,0.0077581024211619
4548,1285,5.022858635423399e-05,0.20219622821675817,0.0,7,4,0.0077581024211619
4584,3071,2.896020342395313e-05,0.21505346009535362,0.0,7,4,0.0077581024211619
4587,2376,3.0480012036219826e-05,0.22070702683922522,0.0,7,4,0.0077581024211619
4689,5007,9.87898917472916e-05,0.2288433250277686,0.0,7,4,0.0077581024211619
4696,6135,0.00010936725547912783,0.22533920600668067,0.0,7,4,0.0077581024211619
4747,4709,8.165552453305373e-05,0.20389985556090515,0.0,7,4,0.0077581024211619
5054,5914,1.6818926948146947e-05,0.20192842573706657,0.0,7,4,0.0077581024211619
5142,7487,9.494665911420969e-05,0.21275467485347474,0.0,7,4,0.0077581024211619
6674,3533,0.00010961808256928795,0.21420743529940708,0.0,7,4,0.0077581024211619
124,2155,5.921377137704916e-05,0.1969665650353987,0.0,8,4,0.0077581024211619
125,6438,6.467662231480538e-05,0.19710407239819006,0.0,8,4,0.0077581024211619
194,6136,0.00016945042915303957,0.23304799755426475,0.0,8,4,0.0077581024211619
218,7317,1.7460391961875082e-05,0.21475659229208924,0.0,8,4,0.0077581024211619
651,3698,7.396879494361776e-05,0.20323664284952545,0.0,8,4,0.0077581024211619
721,6999,7.964194887010584e-05,0.21680887372013652,0.0,8,4,0.0077581024211619
889,120,2.565639900133935e-05,0.1910717866452777,0.0,8,4,0.0077581024211619
1440,376,1.839134714019178e-05,0.2000367376928729,0.0,8,4,0.0077581024211619
1442,950,1.4783149807181131e-05,0.20390530961615622,0.0,8,4,0.0077581024211619
1708,287,0.0001028532206029335,0.21430378679261197,0.0,8,4,0.0077581024211619
1807,6063,7.495068389973035e-05,0.20693867578793063,0.0,8,4,0.0077581024211619
1809,643,6.821310644061933e-05,0.21721661822533767,0.0,8,4,0.0077581024211619
1941,725,3.329139630918478e-05,0.19950796932659845,0.0,8,4,0.0077581024211619
2509,2093,0.00017546621311742422,0.22103340292275575,0.0,8,4,0.0077581024211619
2511,486,3.4577936260861765e-05,0.1968140039244036,0.0,8,4,0.0077581024211619
2515,926,1.5366722098319126e-05,0.1969258589511754,0.0,8,4,0.0077581024211619
3011,6309,4.109652436594525e-05,0.21918399033899766,0.0,8,4,0.0077581024211619
3220,888,0.00011826437389545497,0.22478105741161206,0.0,8,4,0.0077581024211619
3288,728,0.00014388840747577732,0.2011611030478955,0.0,8,4,0.0077581024211619
3419,5205,0.00012514658500823283,0.2214765100671141,0.0,8,4,0.0077581024211619
3531,4765,0.00010842797358213184,0.21910209243504253,0.0,8,4,0.0077581024211619
3696,889,5.1790053802619434e-05,0.20662456292521617,0.0,8,4,0.0077581024211619
4499,2560,4.576834844318807e-05,0.22388980263157895,0.0,8,4,0.0077581024211619
4582,4678,0.00017991284718386495,0.20865495155197897,0.0,8,4,0.0077581024211619
4768,5549,0.00018528611521916518,0.21508379888268156,0.0,8,4,0.0077581024211619
1429,3216,0.00017774465299928008,0.22493360873413987,0.0,9,4,0.0077581024211619
1443,223,0.00025905253099084224,0.21608367821305063,0.0,9,4,0.0077581024211619
1605,6112,0.00017581343616653367,0.20993060145406478,0.0,9,4,0.0077581024211619
2392,7078,1.8729517789883045e-05,0.2075980392156863,0.0,9,4,0.0077581024211619
2409,2874,8.915527658873435e-05,0.22210244158265835,0.0,9,4,0.0077581024211619
2412,7395,8.730475452340745e-05,0.22547250732053595,0.0,9,4,0.0077581024211619
2507,7368,0.0001238351972887961,0.21574121242995414,0.0,9,4,0.0077581024211619
2964,6899,5.797175793786601e-05,0.2201143451143451,0.0,9,4,0.0077581024211619
2969,2589,6.165967983326088e-06,0.19749727965179542,0.0,9,4,0.0077581024211619
2992,619,0.00012013321788985949,0.2221218566974562,0.0,9,4,0.0077581024211619
3216,6505,0.0003663699888690879,0.21775644871025795,0.0,9,4,0.0077581024211619
3291,7254,0.0001656406619979806,0.20489732286850876,0.0,9,4,0.0077581024211619
3802,6118,9.139970385402186e-05,0.21166180758017492,0.0,9,4,0.0077581024211619
3892,7400,0.00010535575407196586,0.2231949405633308,0.0,9,4,0.0077581024211619
3894,6938,8.303533575003448e-05,0.2164395229982964,0.0,9,4,0.0077581024211619
3936,1824,2.527600395833735e-05,0.19542646191709181,0.0,9,4,0.0077581024211619
4653,1388,4.788566387065549e-05,0.20130984762458076,0.0,9,4,0.0077581024211619
4966,3910,9.330331609124995e-05,0.2231034886443456,0.0,9,4,0.0077581024211619
6675,4782,0.00016766251632047046,0.21865588159366664,0.0,9,4,0.0077581024211619
6677,7526,0.0001431519237302836,0.22179226069246435,0.0,9,4,0.0077581024211619
259,1457,0.000132024444904773,0.21391289707037828,0.0,10,4,0.0077581024211619
642,101,0.0003145446495382792,0.21511414623134012,0.0,10,4,0.0077581024211619
700,5581,9.527839038439505e-05,0.2457922228670923,0.0,10,4,0.0077581024211619
809,3876,0.0001657848641226969,0.2222902633190447,0.0,10,4,0.0077581024211619
834,1534,0.000289235974408312,0.21327252888677503,0.0,10,4,0.0077581024211619
891,2641,0.0003348484563014366,0.21890704419492865,0.0,10,4,0.0077581024211619
938,6577,7.659002686067643e-05,0.22365988909426987,0.0,10,4,0.0077581024211619
1237,997,2.1479536664576753e-05,0.2044521925707389,0.0,10,4,0.0077581024211619
1286,5043,7.32196294161865e-05,0.22075176647747016,0.0,10,4,0.0077581024211619
1287,2532,7.054451669615032e-05,0.2208924949290061,0.0,10,4,0.0077581024211619
1419,1409,0.00033288539656190386,0.2302395119151892,0.0,10,4,0.0077581024211619
1430,6506,5.773226366855414e-05,0.21340388007054673,0.0,10,4,0.0077581024211619
1435,508,0.0003790425459938798,0.23686418295373335,0.0,10,4,0.0077581024211619
1636,3750,3.6718752675002345e-05,0.20600475624256837,0.0,10,4,0.0077581024211619
1933,5859,0.00015446446714191607,0.20305798993100876,0.0,10,4,0.0077581024211619
2290,2001,3.4580751165756215e-05,0.21950587422252937,0.0,10,4,0.0077581024211619
2293,4692,3.5986994140507e-05,0.22218659826867584,0.0,10,4,0.0077581024211619
2510,3895,0.00011433721475492402,0.21973365617433413,0.0,10,4,0.0077581024211619
2959,932,2.6182459834882747e-05,0.2083925642427556,0.0,10,4,0.0077581024211619
3243,6245,0.00020317088507641217,0.21653789342120214,0.0,10,4,0.0077581024211619
3587,1146,0.0002473821862335719,0.2261615142704563,0.0,10,4,0.0077581024211619
3711,3528,5.1478555768099914e-05,0.21642723297938787,0.0,10,4,0.0077581024211619
6135,5227,0.00010038938560784991,0.21104651162790697,0.0,10,4,0.0077581024211619
22,1728,4.1051834501312416e-05,0.2030039146760406,0.0,11,4,0.0077581024211619
26,6503,7.999228430568581e-05,0.2206112172252127,0.0,11,4,0.0077581024211619
35,2107,0.00019021383014564564,0.21064993920636677,0.0,11,4,0.0077581024211619
37,2013,2.907363435448004e-05,0.19750751373199296,0.0,11,4,0.0077581024211619
733,6272,8.94262295062519e-05,0.22789237668161436,0.0,11,4,0.0077581024211619
812,4270,0.0001453994011675841,0.20933681175339833,0.0,11,4,0.0077581024211619
1802,1346,4.3774333332866366e-05,0.21425560021360915,0.0,11,4,0.0077581024211619
2514,4989,0.00019561971017019548,0.2140149919986524,0.0,11,4,0.0077581024211619
2743,540,7.306326677278194e-05,0.22565939433409313,0.0,11,4,0.0077581024211619
3219,3829,4.651892757194756e-05,0.20850086157380815,0.0,11,4,0.0077581024211619
3326,1236,7.782065611553524e-05,0.20937705998681608,0.0,11,4,0.0077581024211619
36,6940,0.00019998946598009067,0.22467505673612545,0.0,12,4,0.0077581024211619
131,4375,3.174075910296601e-05,0.21397294111042497,0.0,12,4,0.0077581024211619
180,5139,6.0232464423590014e-05,0.21372697451425687,0.0,12,4,0.0077581024211619
630,98,0.00043977240472916447,0.24067058154953588,0.0,12,4,0.0077581024211619
649,6921,0.0003668129352941799,0.2337769872423945,0.0,12,4,0.0077581024211619
808,1571,0.0003149943472027248,0.2290427257977285,0.0,12,4,0.0077581024211619
1511,3538,6.315348723859403e-05,0.21644566853119054,0.0,12,4,0.0077581024211619
1512,4650,0.00015354075052729013,0.21067322573513156,0.0,12,4,0.0077581024211619
1612,4275,0.00013533643833482488,0.2215923955698962,0.0,12,4,0.0077581024211619
2291,5404,0.00013441608891846517,0.22748433303491494,0.0,12,4,0.0077581024211619
2356,5315,8.852924097583886e-05,0.20938281099788503,0.0,12,4,0.0077581024211619
2608,4788,0.00011663152091263935,0.2256727552621451,0.0,12,4,0.0077581024211619
2615,5261,3.599163440530617e-05,0.21604693345425688,0.0,12,4,0.0077581024211619
3321,736,5.55822401654772e-05,0.20668058455114824,0.0,12,4,0.0077581024211619
3322,4960,0.00011274753112023293,0.2162123833564966,0.0,12,4,0.0077581024211619
3328,5948,0.0003310355241413891,0.22219955111201795,0.0,12,4,0.0077581024211619
4164,2381,9.511979285878302e-05,0.2266052318668252,0.0,12,4,0.0077581024211619
23,4560,0.00014667707083956154,0.22419928825622776,0.0,13,4,0.0077581024211619
183,3163,0.00042681463030738346,0.22876778104555548,0.0,13,4,0.0077581024211619
526,7165,0.0003264922384011016,0.23390610616753604,0.0,13,4,0.0077581024211619
633,4106,0.0004614382120978863,0.23464770523594053,0.0,13,4,0.0077581024211619
810,504,0.00046536636038139805,0.23235894778553356,0.0,13,4,0.0077581024211619
820,4036,0.0001517531556437814,0.22561264354208596,0.0,13,4,0.0077581024211619
1421,3295,0.0001902685335852983,0.21891333065303545,0.0,13,4,0.0077581024211619
1610,5680,0.0001261645742903911,0.2193921602486617,0.0,13,4,0.0077581024211619
1810,2004,9.258954841233553e-05,0.2231949405633308,0.0,13,4,0.0077581024211619
2095,7618,0.00010259757221885088,0.22373209673632308,0.0,13,4,0.0077581024211619
3007,2609,0.00016622713899590674,0.2364674132208332,0.0,13,4,0.0077581024211619
3226,5557,8.764701633238503e-05,0.22066230533202108,0.0,13,4,0.0077581024211619
3629,7381,0.00030400051337066365,0.2270168855534709,0.0,13,4,0.0077581024211619
3890,4136,6.743472204567243e-05,0.2194300518134715,0.0,13,4,0.0077581024211619
5251,5720,6.583429548879188e-05,0.2255592377796189,0.0,13,4,0.0077581024211619
126,3086,3.937605394596639e-05,0.19786637595390127,0.0,14,4,0.0077581024211619
592,2498,9.430210317221462e-05,0.2290564903846154,0.0,14,4,0.0077581024211619
724,2775,0.0001391032631385167,0.22659176029962547,0.0,14,4,0.0077581024211619
803,2699,0.00024028796139616745,0.22793326157158234,0.0,14,4,0.0077581024211619
807,3095,0.00019456172812688409,0.22368614102526482,0.0,14,4,0.0077581024211619
893,2276,9.936599635990232e-05,0.21074311622249253,0.0,14,4,0.0077581024211619
1020,140,0.0001346413282408967,0.22931143398610235,0.0,14,4,0.0077581024211619
1051,6946,0.00011380801137921822,0.2282266997994072,0.0,14,4,0.0077581024211619
1121,972,0.0003198292447622499,0.22768817204301076,0.0,14,4,0.0077581024211619
1450,4895,0.00011385504388338361,0.224681678849328,0.0,14,4,0.0077581024211619
1799,2132,0.00016531614630248883,0.23105601357904948,0.0,14,4,0.0077581024211619
1935,2468,0.003891375802671617,0.2297191417550627,0.0,14,4,0.0077581024211619
2411,464,0.00017984518214470615,0.23964162213140522,0.0,14,4,0.0077581024211619
2596,2157,0.0001231018558159038,0.23032298999909356,0.0,14,4,0.0077581024211619
2825,1402,0.0003299297077481682,0.22945638432364096,0.0,14,4,0.0077581024211619
3530,7610,0.0001785554431443581,0.22332571629460363,0.0,14,4,0.0077581024211619
4968,2583,9.110827096437077e-05,0.22642350075741824,0.0,14,4,0.0077581024211619
829,5216,0.00022513798504537582,0.2259470033789792,0.0,15,4,0.0077581024211619
1568,806,0.0001230017520567668,0.2215923955698962,0.0,15,4,0.0077581024211619
1615,1310,0.00031654854661028616,0.22695605573419078,0.0,15,4,0.0077581024211619
2083,7602,0.00010281880203910413,0.21231026319454116,0.0,15,4,0.0077581024211619
2096,5555,0.00044571480491725264,0.22903584412462819,0.0,15,4,0.0077581024211619
2287,426,0.00012519727700695087,0.22869914796591864,0.0,15,4,0.0077581024211619
2352,961,8.78166877894877e-05,0.21806167400881057,0.0,15,4,0.0077581024211619
4278,6125,0.0003102114784951368,0.223450095266012,0.0,15,4,0.0077581024211619
805,2755,0.0002816906239101378,0.22394899967684126,0.0,16,4,0.0077581024211619
1028,2840,0.0002960635224347685,0.23246523542327396,0.0,16,4,0.0077581024211619
1804,4007,0.00021971843837446473,0.23361220924887377,0.0,16,4,0.0077581024211619
2824,7569,0.00029043641304297394,0.21721042883601652,0.0,16,4,0.0077581024211619
3329,3285,0.00024369960024833988,0.21164417791104448,0.0,16,4,0.0077581024211619
3763,919,0.00024074240647029734,0.2302603757627016,0.0,16,4,0.0077581024211619
38,6046,0.00014173416480092168,0.222810042966124,0.0,17,4,0.0077581024211619
830,5734,0.0003179360527376102,0.2292355806820232,0.0,17,4,0.0077581024211619
831,232,0.0005050135594234386,0.23264969785753525,0.0,17,4,0.0077581024211619
1446,711,0.0002270893529166263,0.2320689235265465,0.0,17,4,0.0077581024211619
1604,260,0.00023997717638714049,0.22559928973068955,0.0,17,4,0.0077581024211619
3578,843,0.0001966611443622202,0.22959460273477503,0.0,17,4,0.0077581024211619
4506,1553,0.00026050905507779944,0.24372542123605206,0.0,17,4,0.0077581024211619
21,3,0.00031564101474952476,0.21736526946107784,0.0,18,4,0.0077581024211619
647,2967,0.0005030383328324704,0.23301950235373234,0.0,18,4,0.0077581024211619
1293,7482,0.00015877454771078567,0.24173907528382063,0.0,18,4,0.0077581024211619
2882,7228,0.00013595418878226858,0.22940114354498947,0.0,18,4,0.0077581024211619
3579,5411,0.00042509154050998605,0.2341575794808785,0.0,18,4,0.0077581024211619
3917,1546,0.0003855289314403782,0.23125929071989806,0.0,18,4,0.0077581024211619
29,6095,0.0005966739309916067,0.23333333333333334,0.0,19,4,0.0077581024211619
123,5862,0.00020808198097025445,0.2142194744976816,0.0,19,4,0.0077581024211619
819,706,0.0002155766844594521,0.2231492052340388,0.0,19,4,0.0077581024211619
835,6648,0.0002540873644767347,0.2338271832152388,0.0,19,4,0.0077581024211619
1260,6054,0.0005279926962500186,0.23062959489305054,0.0,19,4,0.0077581024211619
2354,4726,0.0002944965440753215,0.23551765687274076,0.0,19,4,0.0077581024211619
3248,3737,0.0001379161284258788,0.2303508294805548,0.0,19,4,0.0077581024211619
3767,6267,0.00018004016044529083,0.2243048403707518,0.0,19,4,0.0077581024211619
210,6463,0.00023564811840897816,0.24831427733802405,0.0,20,4,0.0077581024211619
634,299,0.000552712229939626,0.23441680248470126,0.0,20,4,0.0077581024211619
816,5687,0.0002693108449487961,0.2285140441859768,0.0,20,4,0.0077581024211619
823,3667,0.0002895284613218363,0.22936663156311118,0.0,20,4,0.0077581024211619
824,982,0.0004573806982987203,0.23335476168610525,0.0,20,4,0.0077581024211619
1445,3189,0.00035536430591097986,0.2297191417550627,0.0,20,4,0.0077581024211619
1448,827,0.00027637565555707405,0.2313435100603927,0.0,20,4,0.0077581024211619
1813,817,0.00039186948604006446,0.2337769872423945,0.0,20,4,0.0077581024211619
815,4536,0.00043606855049670227,0.22944257163496268,0.0,21,4,0.0077581024211619
1261,4206,0.004235603068419711,0.2515509503695882,0.0,21,4,0.0077581024211619
1431,1132,0.0001694496324091076,0.22588674548848786,0.0,21,4,0.0077581024211619
1441,4387,0.00021504599961332866,0.22299254058797718,0.0,21,4,0.0077581024211619
24,5060,0.0007588461462830879,0.2331977117684848,0.0,22,4,0.0077581024211619
27,7089,0.00023915103715528376,0.2358966424261179,0.0,22,4,0.0077581024211619
832,3184,0.0003275733117543847,0.23111906133462692,0.0,22,4,0.0077581024211619
1613,4095,0.00023762667290537853,0.2259670964873277,0.0,22,4,0.0077581024211619
2388,630,4.5635897913244835e-05,0.22352216748768472,0.0,22,4,0.0077581024211619
3325,1650,0.0003712412506765932,0.2292907417433676,0.0,22,4,0.0077581024211619
91,3807,0.0001790472445637472,0.22710480843710898,0.0,23,4,0.0077581024211619
129,7580,7.432131387704063e-05,0.22873345935727787,0.0,23,4,0.0077581024211619
806,4502,0.0004254514438618747,0.23083911213396724,0.0,23,4,0.0077581024211619
1426,1626,0.0003016526369567102,0.2198477245198131,0.0,23,4,0.0077581024211619
1611,6673,0.0003882931184560045,0.23403536780056491,0.0,23,4,0.0077581024211619
2355,5410,0.000330948859445255,0.23402099834223614,0.0,23,4,0.0077581024211619
3436,5245,0.0004935714322687723,0.24609375,0.0,24,4,0.0077581024211619
1428,5663,0.0006131039924943485,0.23731399041155593,0.0,25,4,0.0077581024211619
1811,7030,0.00029486291444208966,0.24504950495049505,0.0,25,4,0.0077581024211619
2415,2713,0.00016375337843404394,0.23605004025515575,0.0,25,4,0.0077581024211619
3808,6724,0.0006568716940585299,0.2428789906327662,0.0,25,4,0.0077581024211619
31,4433,0.00020652903255089826,0.22606091159811392,0.0,26,4,0.0077581024211619
39,5823,0.0004492223921417476,0.23240145117526906,0.0,26,4,0.0077581024211619
260,3418,0.00018218661126980428,0.23665093753880542,0.0,26,4,0.0077581024211619
645,4211,0.0005424944155845143,0.23314778566185465,0.0,26,4,0.0077581024211619
2977,1698,0.0005463253593411369,0.25289453604485285,0.0,26,4,0.0077581024211619
1606,3650,0.0004034123451542598,0.23718108276291225,0.0,27,4,0.0077581024211619
2455,2994,0.0004398035520502313,0.2397697606391344,0.0,27,4,0.0077581024211619
4819,4876,0.004365628962897027,0.24891428571428573,0.0,27,4,0.0077581024211619
1653,3073,9.52767255281306e-05,0.23461881751869748,0.0,28,4,0.0077581024211619
646,484,0.000684370128465696,0.23893555667001004,0.0,29,4,0.0077581024211619
1120,7587,0.0007632864976952903,0.2380327868852459,0.0,29,4,0.0077581024211619
825,1497,0.0005324673539201658,0.24540450053117857,0.0,30,4,0.0077581024211619
2151,3751,0.00022335735613415064,0.24599051276259318,0.0,30,4,0.0077581024211619
1614,4298,0.00027601251332450596,0.23262129996948427,0.0,31,4,0.0077581024211619
637,3900,0.0006665358240913008,0.23841991680480407,0.0,32,4,0.0077581024211619
28,4319,0.0008130188431752984,0.24526237894533637,0.0,33,4,0.0077581024211619
804,3342,0.0006706553389997686,0.23744704709693495,0.0,33,4,0.0077581024211619
811,6955,0.000631798725081571,0.2385168961201502,0.0,33,4,0.0077581024211619
895,6888,0.00043544368168092025,0.22757941246716026,0.0,33,4,0.0077581024211619
1022,5543,0.00027056614929889147,0.24779767903000358,0.0,33,4,0.0077581024211619
814,2995,0.0005655729698881296,0.23366233447768514,0.0,34,4,0.0077581024211619
184,5534,0.0005898938647278261,0.2482657547630679,0.0,37,4,0.0077581024211619
648,2744,0.0005667107654447679,0.23568513480089043,0.0,37,4,0.0077581024211619
33,3381,0.00440949357202068,0.2505999539761333,0.0,38,4,0.0077581024211619
1100,4880,0.003063005935909067,0.24950086734526888,0.0,38,4,0.0077581024211619
263,1312,0.00012357111568535016,0.23643074250976986,0.0,39,4,0.0077581024211619
1418,221,0.0008697665310267894,0.2494437172774869,0.0,39,4,0.0077581024211619
2289,7595,0.0004321014291247826,0.24493140121453588,0.0,39,4,0.0077581024211619
822,2897,0.0007466081520277802,0.23892057920140414,0.0,40,4,0.0077581024211619
1609,2515,0.0006530379530107906,0.23559772530597106,0.0,42,4,0.0077581024211619
650,2391,0.0006824016862220751,0.23507462686567165,0.0,44,4,0.0077581024211619
736,3039,0.00028206181565498166,0.2427552385198395,0.0,44,4,0.0077581024211619
802,112,0.0008097733073512461,0.23635743519781718,0.0,45,4,0.0077581024211619
818,7488,0.0004913811173966846,0.24129526462395542,0.0,46,4,0.0077581024211619
632,4163,0.0009006347158626001,0.2394534317574996,0.0,47,4,0.0077581024211619
1608,4452,0.0007673030236506594,0.24605403311707175,0.0,52,4,0.0077581024211619
1544,1376,0.0019765435083488173,0.25957707631014404,0.0,57,4,0.0077581024211619
1510,1849,0.001221129764316586,0.24809607498535444,0.0,59,4,0.0077581024211619
1654,4125,0.0009497409849409005,0.25248410174880764,0.0,59,4,0.0077581024211619
643,3873,0.0082849445920405,0.26301625090570335,0.0,63,4,0.0077581024211619
90,5274,0.0006532956670737644,0.26380813953488375,0.0,102,4,0.0077581024211619
215,5127,0.001319179976459366,0.27464332036316474,0.0,119,4,0.0077581024211619
638,3450,0.0017560259990687204,0.272172236503856,0.0,159,4,0.0077581024211619
128,3530,0.0016320982188624891,0.2577601947656725,0.0,175,4,0.0077581024211619
55,4405,3.778692931913742e-07,0.16382978723404254,0.0,1,5,0.0075912648459307
73,4481,3.238610945234357e-07,0.16924955595026642,0.0,1,5,0.0075912648459307
76,6053,3.238610945234357e-07,0.16924955595026642,0.0,1,5,0.0075912648459307
226,26,4.548768835705098e-07,0.14542714334770498,0.0,1,5,0.0075912648459307
475,66,4.836877523831464e-09,0.14159407099206864,0.0,1,5,0.0075912648459307
639,99,6.117248755794596e-06,0.19572752715228386,0.0,1,5,0.0075912648459307
640,100,1.585791047099426e-07,0.16369961560761914,0.0,1,5,0.0075912648459307
1133,5889,6.0263754488487375e-06,0.1857501401106265,0.0,1,5,0.0075912648459307
1204,1309,1.9974275638346236e-07,0.15737643998513565,0.0,1,5,0.0075912648459307
1378,215,3.1815544019031436e-06,0.1698378041172801,0.0,1,5,0.0075912648459307
1587,256,5.624730083037034e-06,0.18463438854845352,0.0,1,5,0.0075912648459307
1698,3531,9.872616071409013e-08,0.15789473684210525,0.0,1,5,0.0075912648459307
1700,4848,9.872616071409013e-08,0.15789473684210525,0.0,1,5,0.0075912648459307
2015,353,1.828540212209999e-08,0.14621935780872367,0.0,1,5,0.0075912648459307
2282,423,2.786749011911294e-08,0.15677765666454146,0.0,1,5,0.0075912648459307
2312,6624,1.617927247059886e-07,0.16015715276172868,0.0,1,5,0.0075912648459307
2319,5434,1.617927247059886e-07,0.16015715276172868,0.0,1,5,0.0075912648459307
2522,5000,8.324759905260849e-09,0.14151258632212074,0.0,1,5,0.0075912648459307
2841,564,1.589479688657874e-08,0.14982605790208142,0.0,1,5,0.0075912648459307
2900,3866,2.8170997887266994e-06,0.15735694822888283,0.0,1,5,0.0075912648459307
2921,597,1.6092164860316957e-08,0.15586725826568792,0.0,1,5,0.0075912648459307
2939,4205,3.470478184817631e-07,0.16988700942702414,0.0,1,5,0.0075912648459307
3091,656,1.8061902374911344e-07,0.16867283267690403,0.0,1,5,0.0075912648459307
3359,749,3.1815544019031436e-06,0.1698378041172801,0.0,1,5,0.0075912648459307
3477,797,8.119529937101573e-10,0.1371191135734072,0.0,1,5,0.0075912648459307
3622,7337,2.3889148245938515e-08,0.15876619319365184,0.0,1,5,0.0075912648459307
3623,6106,2.3889148245938515e-08,0.15876619319365184,0.0,1,5,0.0075912648459307
3845,948,1.6617797841113626e-07,0.16528620988725065,0.0,1,5,0.0075912648459307
3901,4339,2.6026024848538815e-11,0.12214975884115564,0.0,1,5,0.0075912648459307
3931,979,9.50163121527276e-09,0.14178368827304008,0.0,1,5,0.0075912648459307
3942,4178,4.040092337912646e-07,0.17263792010145845,0.0,1,5,0.0075912648459307
3953,1813,1.7882798946748117e-06,0.1934771573604061,0.0,1,5,0.0075912648459307
4069,1033,2.3845995494172155e-05,0.22523933341212624,0.0,1,5,0.0075912648459307
4146,1071,1.1645398378935506e-11,0.11127979796505262,0.0,1,5,0.0075912648459307
4333,6404,1.3704806914273014e-08,0.1485385814497272,0.0,1,5,0.0075912648459307
4364,7546,2.564684739294166e-07,0.171434354338146,0.0,1,5,0.0075912648459307
4365,5055,2.564684739294166e-07,0.171434354338146,0.0,1,5,0.0075912648459307
4497,1257,1.89071526928194e-09,0.13444444444444445,0.0,1,5,0.0075912648459307
4559,1294,6.446351210837739e-08,0.15111807152485926,0.0,1,5,0.0075912648459307
4626,1333,6.4942481498306815e-06,0.1990807239299052,0.0,1,5,0.0075912648459307
4629,1336,3.1815544019031436e-06,0.1698378041172801,0.0,1,5,0.0075912648459307
4657,5191,1.0720214193404065e-08,0.14121373791263755,0.0,1,5,0.0075912648459307
4659,5771,1.0720214193404065e-08,0.14121373791263755,0.0,1,5,0.0075912648459307
4661,6447,1.0720214193404065e-08,0.14121373791263755,0.0,1,5,0.0075912648459307
4668,7312,1.6366396302443365e-07,0.1647931168662718,0.0,1,5,0.0075912648459307
4852,1473,2.743377324692425e-07,0.16790748898678415,0.0,1,5,0.0075912648459307
4993,1573,9.787778625345031e-09,0.14273142600359498,0.0,1,5,0.0075912648459307
5024,1591,1.1924824243820951e-08,0.1428357286064944,0.0,1,5,0.0075912648459307
5077,1620,2.3845995494172155e-05,0.22523933341212624,0.0,1,5,0.0075912648459307
5194,4872,7.743145953392178e-10,0.13822804090810184,0.0,1,5,0.0075912648459307
5257,2245,1.9615032668782367e-07,0.16289853833660997,0.0,1,5,0.0075912648459307
5259,5585,1.9615032668782367e-07,0.16289853833660997,0.0,1,5,0.0075912648459307
5280,1754,1.3714965314565256e-08,0.14890125988866101,0.0,1,5,0.0075912648459307
5282,1755,2.6646939503737506e-08,0.1536492451575192,0.0,1,5,0.0075912648459307
5338,5470,6.117248755794596e-06,0.19572752715228386,0.0,1,5,0.0075912648459307
5342,7543,6.117248755794596e-06,0.19572752715228386,0.0,1,5,0.0075912648459307
5377,1816,6.4942481498306815e-06,0.1990807239299052,0.0,1,5,0.0075912648459307
5473,6830,6.197010629191017e-10,0.13702545297670404,0.0,1,5,0.0075912648459307
5474,5798,6.197010629191017e-10,0.13702545297670404,0.0,1,5,0.0075912648459307
5488,1895,1.6928615461073876e-07,0.16392843318566944,0.0,1,5,0.0075912648459307
5507,3749,7.112582211706911e-08,0.16468275400203072,0.0,1,5,0.0075912648459307
5538,1930,2.0549397374047435e-08,0.14944714554579674,0.0,1,5,0.0075912648459307
5546,4168,2.1012871439899318e-08,0.15322921063739975,0.0,1,5,0.0075912648459307
5566,1951,5.251784216717723e-09,0.14327870084956018,0.0,1,5,0.0075912648459307
5659,2025,6.820600182202736e-07,0.18551056166650443,0.0,1,5,0.0075912648459307
5684,3276,2.458604750478664e-09,0.14344856137445663,0.0,1,5,0.0075912648459307
5798,2167,5.251784216717723e-09,0.14327870084956018,0.0,1,5,0.0075912648459307
5802,2172,8.642632816484396e-08,0.1530907338233522,0.0,1,5,0.0075912648459307
5841,2214,9.374752658005847e-09,0.1428758855943322,0.0,1,5,0.0075912648459307
5986,2375,3.0586839216124134e-09,0.136495487752471,0.0,1,5,0.0075912648459307
6001,2393,2.0969756251619892e-08,0.15750976300183897,0.0,1,5,0.0075912648459307
6160,2553,2.573253568214412e-07,0.1664737612194536,0.0,1,5,0.0075912648459307
6185,2581,5.073267137610975e-08,0.15398444601555397,0.0,1,5,0.0075912648459307
6204,2602,2.1375566359847538e-09,0.13105594333459408,0.0,1,5,0.0075912648459307
6223,3947,3.387808731073774e-10,0.12951950523311132,0.0,1,5,0.0075912648459307
6259,2683,3.552655266552013e-06,0.17501607126457894,0.0,1,5,0.0075912648459307
6284,2716,4.1448257122011987e-08,0.1551439910450799,0.0,1,5,0.0075912648459307
6324,2778,5.124110031469717e-09,0.14432579802340112,0.0,1,5,0.0075912648459307
6357,6402,1.6053897511020217e-11,0.1205179282868526,0.0,1,5,0.0075912648459307
6472,2990,7.834507192365529e-13,0.10314872197339756,0.0,1,5,0.0075912648459307
6536,6028,3.552655266552013e-06,0.17501607126457894,0.0,1,5,0.0075912648459307
6544,6582,1.3172068806417968e-08,0.15550161152135775,0.0,1,5,0.0075912648459307
6632,3248,1.0748674566954855e-09,0.13655661644841732,0.0,1,5,0.0075912648459307
6663,3328,5.251784216717723e-09,0.14327870084956018,0.0,1,5,0.0075912648459307
6694,5302,8.356841019961017e-09,0.14611565812424526,0.0,1,5,0.0075912648459307
6695,5069,8.356841019961017e-09,0.14611565812424526,0.0,1,5,0.0075912648459307
6701,3386,4.431875955360168e-10,0.1355344570087476,0.0,1,5,0.0075912648459307
6712,6660,2.993333446840792e-08,0.15504932370588834,0.0,1,5,0.0075912648459307
6764,3476,1.9846796189935731e-07,0.1623988069876438,0.0,1,5,0.0075912648459307
6802,3532,6.820600182202736e-07,0.18551056166650443,0.0,1,5,0.0075912648459307
6864,3623,4.1046868136007405e-07,0.15811088295687886,0.0,1,5,0.0075912648459307
6880,3668,2.3845995494172155e-05,0.22523933341212624,0.0,1,5,0.0075912648459307
6923,3765,6.670715273397384e-09,0.1427234090355919,0.0,1,5,0.0075912648459307
6931,3782,3.0580940505433553e-06,0.16669217817235574,0.0,1,5,0.0075912648459307
6983,3917,3.847799370874301e-06,0.15830131865849859,0.0,1,5,0.0075912648459307
6992,3941,4.246407896834485e-07,0.18002975698462556,0.0,1,5,0.0075912648459307
7009,3976,6.203704565123611e-09,0.1447011256430212,0.0,1,5,0.0075912648459307
7024,4010,1.8395510870571272e-08,0.1545181821867272,0.0,1,5,0.0075912648459307
7027,4015,3.5627197709267655e-07,0.165075034106412,0.0,1,5,0.0075912648459307
7046,5983,1.102467820953552e-08,0.14531348291046342,0.0,1,5,0.0075912648459307
7090,5661,1.6901987899934934e-07,0.16617980467387514,0.0,1,5,0.0075912648459307
7119,4311,3.1815544019031436e-06,0.1698378041172801,0.0,1,5,0.0075912648459307
7153,6109,6.820600182202736e-07,0.18551056166650443,0.0,1,5,0.0075912648459307
7178,4463,1.0656779866374232e-10,0.12334751864856555,0.0,1,5,0.0075912648459307
7182,4488,4.246407896834485e-07,0.18002975698462556,0.0,1,5,0.0075912648459307
7187,4509,2.3845995494172155e-05,0.22523933341212624,0.0,1,5,0.0075912648459307
7190,7136,1.0015888883984248e-08,0.14705144775169274,0.0,1,5,0.0075912648459307
7191,6039,9.766679484161213e-05,0.1772914389376003,0.0,1,5,0.0075912648459307
7224,6239,3.1815544019031436e-06,0.1698378041172801,0.0,1,5,0.0075912648459307
7251,7318,2.743377324692425e-07,0.16790748898678415,0.0,1,5,0.0075912648459307
7256,6570,1.8026873487104553e-08,0.15029870462745717,0.0,1,5,0.0075912648459307
7344,6569,1.2518936313766703e-08,0.14454473055481815,0.0,1,5,0.0075912648459307
7374,6132,1.1550450528253408e-09,0.13786555260159514,0.0,1,5,0.0075912648459307
7379,5999,7.1851082254638395e-09,0.14633444032787515,0.0,1,5,0.0075912648459307
7402,5140,2.3845995494172155e-05,0.22523933341212624,0.0,1,5,0.0075912648459307
7412,5185,1.8049050757178823e-08,0.14236357524371568,0.0,1,5,0.0075912648459307
7414,5193,1.998302538755606e-09,0.1434971669521676,0.0,1,5,0.0075912648459307
7435,5321,8.055325383398025e-07,0.18669638265043717,0.0,1,5,0.0075912648459307
7437,5333,7.238146650539558e-08,0.1560395472130678,0.0,1,5,0.0075912648459307
7464,7051,3.1989238515148794e-06,0.1803022777265309,0.0,1,5,0.0075912648459307
7466,6995,4.869870185639586e-09,0.1448220833254175,0.0,1,5,0.0075912648459307
7502,5760,1.89071526928194e-09,0.13444444444444445,0.0,1,5,0.0075912648459307
7535,5958,2.3845995494172155e-05,0.22523933341212624,0.0,1,5,0.0075912648459307
7545,6024,1.107944486465442e-08,0.1510252600297177,0.0,1,5,0.0075912648459307
7551,6128,3.0580940505433553e-06,0.16669217817235574,0.0,1,5,0.0075912648459307
7553,7150,3.0580940505433553e-06,0.16669217817235574,0.0,1,5,0.0075912648459307
7564,7000,1.1923302693848403e-08,0.1421830118998769,0.0,1,5,0.0075912648459307
7572,6982,4.246407896834485e-07,0.18002975698462556,0.0,1,5,0.0075912648459307
7587,7249,1.107944486465442e-08,0.1510252600297177,0.0,1,5,0.0075912648459307
7592,6573,3.284886483837382e-11,0.12247750642673522,0.0,1,5,0.0075912648459307
7610,6915,4.388451068053148e-09,0.14084845349395808,0.0,1,5,0.0075912648459307
20,5179,1.9225876620468617e-07,0.16756424065240808,0.0,2,5,0.0075912648459307
603,94,3.770039766654501e-07,0.17275920679886686,0.0,2,5,0.0075912648459307
641,5361,6.1213568862166e-06,0.1957375786365387,0.0,2,5,0.0075912648459307
1265,6123,2.117572253939513e-09,0.14257659073055773,0.0,2,5,0.0075912648459307
1321,3043,0.0006745445195213408,0.18948074867639383,0.0,2,5,0.0075912648459307
1411,4696,4.4340481997669634e-08,0.1604639413968762,0.0,2,5,0.0075912648459307
1488,231,3.4944569481762235e-08,0.14722184669460592,0.0,2,5,0.0075912648459307
1517,5888,2.5192093375553713e-07,0.1715037796976242,0.0,2,5,0.0075912648459307
1661,3298,2.0469920510027137e-05,0.21115173674588666,0.0,2,5,0.0075912648459307
1787,2074,1.8062751003219004e-08,0.15180722891566265,0.0,2,5,0.0075912648459307
1788,6691,1.8062751003219004e-08,0.15180722891566265,0.0,2,5,0.0075912648459307
1815,300,6.133981569840669e-06,0.19581299768815824,0.0,2,5,0.0075912648459307
1996,3549,3.357856310219521e-06,0.16944141901353665,0.0,2,5,0.0075912648459307
2064,1939,5.204634244656895e-07,0.17338397852886323,0.0,2,5,0.0075912648459307
2068,5486,1.879832368070177e-07,0.16934355214928357,0.0,2,5,0.0075912648459307
2157,2621,1.3077376323057614e-08,0.1487879142756763,0.0,2,5,0.0075912648459307
2175,394,5.18493402653767e-08,0.1615042372881356,0.0,2,5,0.0075912648459307
2176,6162,7.938784555674132e-07,0.18590869183494294,0.0,2,5,0.0075912648459307
2242,412,3.07435091413738e-07,0.17219335893381524,0.0,2,5,0.0075912648459307
2314,6149,5.25754838096932e-07,0.1666775992128567,0.0,2,5,0.0075912648459307
2316,5164,1.7741545179116652e-07,0.16057548501253344,0.0,2,5,0.0075912648459307
2326,437,6.630412811238966e-07,0.18520858135523216,0.0,2,5,0.0075912648459307
2327,1445,2.386317215854506e-05,0.22533920600668067,0.0,2,5,0.0075912648459307
2368,447,0.00017321526992998925,0.1973234624145786,0.0,2,5,0.0075912648459307
2517,5138,2.661016202726002e-08,0.1475067242013197,0.0,2,5,0.0075912648459307
2518,1923,4.539643792714879e-08,0.15345129536807778,0.0,2,5,0.0075912648459307
2519,4766,2.1671619004202305e-07,0.15748698454673168,0.0,2,5,0.0075912648459307
2521,3479,4.539643792714879e-08,0.15345129536807778,0.0,2,5,0.0075912648459307
2846,4482,9.596604343076148e-06,0.20412371134020618,0.0,2,5,0.0075912648459307
2936,4581,3.1808104812645774e-06,0.17757640700708163,0.0,2,5,0.0075912648459307
2941,5219,3.870383186945137e-07,0.16989079563182527,0.0,2,5,0.0075912648459307
2985,3176,1.6944564240189473e-09,0.13933976749287125,0.0,2,5,0.0075912648459307
2995,622,4.1058856995614965e-08,0.16178187143190645,0.0,2,5,0.0075912648459307
3018,4688,6.310042704494127e-08,0.16703551942502795,0.0,2,5,0.0075912648459307
3019,5819,1.968338856196835e-05,0.1924271109428247,0.0,2,5,0.0075912648459307
3157,5180,3.5652448153748432e-06,0.1793098581610331,0.0,2,5,0.0075912648459307
3249,712,5.911514720999973e-07,0.1804388477288328,0.0,2,5,0.0075912648459307
3433,3092,2.8589228606130046e-08,0.15209193751122285,0.0,2,5,0.0075912648459307
3438,5691,1.7653478598100965e-08,0.14531625300240192,0.0,2,5,0.0075912648459307
3441,781,1.5403374246789158e-07,0.1470854959770004,0.0,2,5,0.0075912648459307
3621,7207,2.3905202143188444e-08,0.15877942095396794,0.0,2,5,0.0075912648459307
3647,869,1.3814017963293843e-08,0.14222810978226394,0.0,2,5,0.0075912648459307
3761,917,2.0539676785085386e-07,0.1596038691847075,0.0,2,5,0.0075912648459307
3865,952,3.952556299605427e-06,0.17457118647949252,0.0,2,5,0.0075912648459307
3896,962,3.2178886892974513e-07,0.167222392839907,0.0,2,5,0.0075912648459307
3900,965,1.0046379667831513e-09,0.1391439262571872,0.0,2,5,0.0075912648459307
3928,978,1.166605016413315e-09,0.12995005199365847,0.0,2,5,0.0075912648459307
3929,6474,3.024221985281652e-11,0.1150103347867413,0.0,2,5,0.0075912648459307
3930,5181,4.5002208086393623e-08,0.14934467018004427,0.0,2,5,0.0075912648459307
3944,4410,1.3800190477163874e-05,0.20550493341241172,0.0,2,5,0.0075912648459307
4147,5083,4.4952731116588327e-10,0.12521147812946568,0.0,2,5,0.0075912648459307
4173,5672,3.028068851717984e-07,0.15239904038384647,0.0,2,5,0.0075912648459307
4233,1110,6.799308774014534e-06,0.1961505802434192,0.0,2,5,0.0075912648459307
4298,3434,6.5868255526439286e-06,0.18862275449101795,0.0,2,5,0.0075912648459307
4360,5825,2.56931899046333e-07,0.17144206549118388,0.0,2,5,0.0075912648459307
4362,6611,2.570603205919572e-07,0.1714922048997773,0.0,2,5,0.0075912648459307
4512,6284,3.9653134704684964e-07,0.16592660310826696,0.0,2,5,0.0075912648459307
4513,5150,3.5883502621590105e-06,0.1737356701688812,0.0,2,5,0.0075912648459307
4570,1301,6.7660691707356075e-06,0.19314870651430308,0.0,2,5,0.0075912648459307
4658,4564,1.0729517460837153e-08,0.14124513618677043,0.0,2,5,0.0075912648459307
4727,3109,3.456272113823104e-08,0.15559048046699595,0.0,2,5,0.0075912648459307
4728,4028,2.036314460681448e-08,0.1563403679320741,0.0,2,5,0.0075912648459307
4779,6957,3.0577822048074714e-06,0.18496142087640122,0.0,2,5,0.0075912648459307
4946,6209,1.734068552713321e-08,0.14312536377461932,0.0,2,5,0.0075912648459307
4963,2380,1.989044258710778e-07,0.17035778934900664,0.0,2,5,0.0075912648459307
5051,1607,2.2846040454684187e-08,0.1490701449048634,0.0,2,5,0.0075912648459307
5067,6008,4.423737120636575e-07,0.17448327954405,0.0,2,5,0.0075912648459307
5232,1717,2.819751801823645e-08,0.15340497464380584,0.0,2,5,0.0075912648459307
5243,7561,7.935132172822846e-07,0.1809356530820536,0.0,2,5,0.0075912648459307
5247,6360,4.610879978914382e-07,0.17811579980372916,0.0,2,5,0.0075912648459307
5258,2613,2.381512859472406e-07,0.16767850072588095,0.0,2,5,0.0075912648459307
5292,6994,5.56262777678976e-06,0.18153025504250708,0.0,2,5,0.0075912648459307
5333,2827,6.121359648802746e-06,0.19575768470249866,0.0,2,5,0.0075912648459307
5343,3322,0.006641480539571764,0.2314840120251435,0.0,2,5,0.0075912648459307
5515,1912,2.8805269778342885e-07,0.1688708712700206,0.0,2,5,0.0075912648459307
5568,1955,1.103453382574875e-09,0.13655906273512236,0.0,2,5,0.0075912648459307
5569,4633,1.103453381272901e-09,0.13655906273512236,0.0,2,5,0.0075912648459307
5687,2052,1.5868574407588684e-07,0.1637277432934556,0.0,2,5,0.0075912648459307
5688,6384,4.113653740345325e-09,0.14070027132283727,0.0,2,5,0.0075912648459307
5689,2053,1.1307326766803748e-07,0.15864724245577524,0.0,2,5,0.0075912648459307
5702,2068,7.849275921350302e-08,0.16537226657410622,0.0,2,5,0.0075912648459307
5721,3543,2.8112416623948635e-06,0.19123955746218108,0.0,2,5,0.0075912648459307
5742,6052,2.5722707692856128e-05,0.22750470051034113,0.0,2,5,0.0075912648459307
5750,4173,3.398406958838234e-07,0.1615932505193539,0.0,2,5,0.0075912648459307
5751,7474,1.4314776210939726e-06,0.19053689262147572,0.0,2,5,0.0075912648459307
5872,7341,1.6939984127477966e-07,0.16393548387096774,0.0,2,5,0.0075912648459307
5899,2279,1.271688334327907e-08,0.14737554374093764,0.0,2,5,0.0075912648459307
6101,7221,1.6923666233321407e-07,0.16600248252433528,0.0,2,5,0.0075912648459307
6205,6963,8.25124284348589e-08,0.15081908831908833,0.0,2,5,0.0075912648459307
6251,2667,3.7256285098739664e-07,0.16681255197163988,0.0,2,5,0.0075912648459307
6256,2678,2.154751627441942e-08,0.15751301760476072,0.0,2,5,0.0075912648459307
6264,7258,4.307093916673253e-07,0.16735455543358946,0.0,2,5,0.0075912648459307
6265,5050,2.5749816753533143e-07,0.16648103256240582,0.0,2,5,0.0075912648459307
6325,5157,1.9779722106383766e-07,0.16866536861669174,0.0,2,5,0.0075912648459307
6350,4379,9.531525061148299e-09,0.14760955018105068,0.0,2,5,0.0075912648459307
6356,2839,6.197010634354659e-10,0.13703037929174905,0.0,2,5,0.0075912648459307
6361,2851,2.5097159477720783e-07,0.16900190661996187,0.0,2,5,0.0075912648459307
6409,4383,2.1656518387067357e-07,0.16984915665871972,0.0,2,5,0.0075912648459307
6437,4160,6.028236348621633e-08,0.15643661885119745,0.0,2,5,0.0075912648459307
6441,4559,1.4514767483893127e-07,0.15765635340833886,0.0,2,5,0.0075912648459307
6462,4446,3.4180323375649993e-07,0.16292639138240575,0.0,2,5,0.0075912648459307
6535,5483,3.6495884912535737e-06,0.17502008954195844,0.0,2,5,0.0075912648459307
6537,6335,3.6495884912535737e-06,0.17502008954195844,0.0,2,5,0.0075912648459307
6552,3100,6.017906383085118e-07,0.17608740846827284,0.0,2,5,0.0075912648459307
6622,4177,1.7888804046139853e-08,0.14840267097552903,0.0,2,5,0.0075912648459307
6831,4421,8.136125991308433e-07,0.1858769598400429,0.0,2,5,0.0075912648459307
6832,3731,8.136125991311177e-07,0.1858769598400429,0.0,2,5,0.0075912648459307
6833,5997,2.357195257166905e-06,0.1940583473346571,0.0,2,5,0.0075912648459307
6834,4807,2.3446680380493293e-07,0.16063300741739717,0.0,2,5,0.0075912648459307
6889,6819,0.00012833797196400834,0.23002414001207,0.0,2,5,0.0075912648459307
6991,3936,4.208211980067295e-08,0.15809776634796857,0.0,2,5,0.0075912648459307
7139,6513,3.6545197214079397e-06,0.1675237341772152,0.0,2,5,0.0075912648459307
7173,6892,1.2680083386184714e-09,0.13956937273426342,0.0,2,5,0.0075912648459307
7189,4513,2.861110117397692e-08,0.1586175326161593,0.0,2,5,0.0075912648459307
7207,5437,3.5911807600441895e-10,0.13006756756756757,0.0,2,5,0.0075912648459307
7252,7157,5.437723957983044e-08,0.165075034106412,0.0,2,5,0.0075912648459307
7373,5022,4.458622086495415e-08,0.15990853978309663,0.0,2,5,0.0075912648459307
7378,7449,3.8161128687544947e-07,0.1735300143413235,0.0,2,5,0.0075912648459307
7417,6472,2.386208765903143e-05,0.2254391672088484,0.0,2,5,0.0075912648459307
7433,5368,4.317129109496122e-07,0.1645512239347235,0.0,2,5,0.0075912648459307
7508,6922,5.241823851754697e-08,0.16045043148810775,0.0,2,5,0.0075912648459307
75,2660,1.4506302366674223e-06,0.1795971256920721,0.0,3,5,0.0075912648459307
77,246,6.179530523700357e-06,0.19292384784754385,0.0,3,5,0.0075912648459307
78,3843,6.611369216966045e-06,0.19632739260327597,0.0,3,5,0.0075912648459307
80,366,6.4708026355830774e-06,0.19653492149431512,0.0,3,5,0.0075912648459307
227,5345,1.7558831276767602e-05,0.17017144387891775,0.0,3,5,0.0075912648459307
476,5605,1.8670967775301647e-07,0.16494644595910418,0.0,3,5,0.0075912648459307
960,5787,3.0348097428708054e-07,0.16955071174377223,0.0,3,5,0.0075912648459307
964,5265,1.7223135003925595e-07,0.16238151027798486,0.0,3,5,0.0075912648459307
966,724,2.1393814296918082e-07,0.16792228390166533,0.0,3,5,0.0075912648459307
969,6395,3.078666850982438e-07,0.16954694068192433,0.0,3,5,0.0075912648459307
1689,7155,0.00021917136254005255,0.2226538540175833,0.0,3,5,0.0075912648459307
1785,294,2.8510322475787703e-08,0.16174411203055378,0.0,3,5,0.0075912648459307
1857,308,9.811485811526539e-06,0.18652279233648977,0.0,3,5,0.0075912648459307
1895,7439,3.2432145086049215e-06,0.17645833333333333,0.0,3,5,0.0075912648459307
1993,2785,6.1640866367070305e-06,0.19584821313876113,0.0,3,5,0.0075912648459307
2177,1414,1.2075725972417774e-06,0.191186797752809,0.0,3,5,0.0075912648459307
2243,7008,1.1492463955297074e-05,0.20593797276853254,0.0,3,5,0.0075912648459307
2317,6349,3.6187747966378914e-07,0.16668853319338756,0.0,3,5,0.0075912648459307
2520,6694,3.0117386952268316e-08,0.14807404673568889,0.0,3,5,0.0075912648459307
2526,5298,3.011738695227247e-08,0.14807404673568889,0.0,3,5,0.0075912648459307
2887,583,5.186225752685818e-05,0.2305458944503251,0.0,3,5,0.0075912648459307
2898,590,0.00010874366596054042,0.18673754348145608,0.0,3,5,0.0075912648459307
2935,3844,1.5436846128472576e-06,0.18125832223701732,0.0,3,5,0.0075912648459307
2937,6600,3.182948037900796e-06,0.17759295499021527,0.0,3,5,0.0075912648459307
2938,5129,5.549363021756997e-07,0.17325787535797083,0.0,3,5,0.0075912648459307
2988,7004,2.357346620406261e-08,0.15125900351211383,0.0,3,5,0.0075912648459307
3118,6137,6.340764181986708e-06,0.1822594142259414,0.0,3,5,0.0075912648459307
3119,4220,4.083960426442195e-07,0.16636113657195234,0.0,3,5,0.0075912648459307
3128,6761,8.052654650858315e-07,0.18093994778067884,0.0,3,5,0.0075912648459307
3170,687,2.949445836363184e-07,0.16521098372380313,0.0,3,5,0.0075912648459307
3242,5611,1.0614876919994632e-05,0.20837547494737993,0.0,3,5,0.0075912648459307
3428,775,3.6619666282046816e-06,0.17870036101083034,0.0,3,5,0.0075912648459307
3429,6289,5.575921694168255e-07,0.1691519105312209,0.0,3,5,0.0075912648459307
3430,3466,3.6619666282048934e-06,0.17870036101083034,0.0,3,5,0.0075912648459307
3626,1885,2.3921256042160815e-08,0.15877942095396794,0.0,3,5,0.0075912648459307
3902,6325,3.8754288339560404e-08,0.161624085656737,0.0,3,5,0.0075912648459307
3932,2983,3.6677515476094497e-07,0.16520382289838112,0.0,3,5,0.0075912648459307
3941,5608,1.0703740972427996e-06,0.17514072372199885,0.0,3,5,0.0075912648459307
3952,6824,5.186225752685818e-05,0.2305458944503251,0.0,3,5,0.0075912648459307
3954,5942,2.660689587357262e-05,0.22560596643878186,0.0,3,5,0.0075912648459307
4060,1028,4.4433008913174604e-07,0.18070404172099086,0.0,3,5,0.0075912648459307
4172,1087,5.017815533588269e-06,0.17172399810772454,0.0,3,5,0.0075912648459307
4363,6795,5.024238172049339e-06,0.17744826462440932,0.0,3,5,0.0075912648459307
4400,1205,7.35673190885797e-06,0.1890390576565406,0.0,3,5,0.0075912648459307
4480,6907,2.4305948112659033e-05,0.2260542079354724,0.0,3,5,0.0075912648459307
4508,2112,5.875352044664214e-07,0.168,0.0,3,5,0.0075912648459307
4571,6929,0.0001732520788740841,0.2013949433304272,0.0,3,5,0.0075912648459307
4667,1362,6.317638940606433e-06,0.19730303344031475,0.0,3,5,0.0075912648459307
4726,2049,9.490529757292235e-08,0.16746852962499176,0.0,3,5,0.0075912648459307
4729,4255,2.8309132979602274e-08,0.15704573547589618,0.0,3,5,0.0075912648459307
4759,3186,3.0371526868441512e-05,0.22832240093449546,0.0,3,5,0.0075912648459307
4777,2695,1.518241731926397e-07,0.17103432802333407,0.0,3,5,0.0075912648459307
4962,4699,1.0658083673631794e-07,0.1586439408128863,0.0,3,5,0.0075912648459307
5052,7291,6.248261506277035e-07,0.16339785222815253,0.0,3,5,0.0075912648459307
5061,4737,0.00014852999213728495,0.18806898083043447,0.0,3,5,0.0075912648459307
5068,1727,5.413589870195562e-07,0.17060179486605645,0.0,3,5,0.0075912648459307
5177,7286,9.429074848059509e-06,0.18515909642943892,0.0,3,5,0.0075912648459307
5196,5436,2.230227810399694e-08,0.15793072014585233,0.0,3,5,0.0075912648459307
5260,4249,4.4662704438471987e-07,0.17198745572276244,0.0,3,5,0.0075912648459307
5330,4546,1.1941820732621211e-05,0.20074789982355884,0.0,3,5,0.0075912648459307
5334,5562,6.5722299819030444e-06,0.19581299768815824,0.0,3,5,0.0075912648459307
5335,4159,6.352338446627987e-06,0.1967073516889015,0.0,3,5,0.0075912648459307
5336,4805,6.178157325762107e-06,0.19616067522709144,0.0,3,5,0.0075912648459307
5341,3570,6.358723151195468e-06,0.19631222476887022,0.0,3,5,0.0075912648459307
5362,1803,2.965956044019192e-07,0.1594469660524169,0.0,3,5,0.0075912648459307
5496,4229,6.524384168466914e-06,0.19929411764705882,0.0,3,5,0.0075912648459307
5703,5858,3.132900978675803e-09,0.14536890482274642,0.0,3,5,0.0075912648459307
5822,3534,5.593110525538722e-06,0.1721311475409836,0.0,3,5,0.0075912648459307
5865,5051,2.1516068605655705e-07,0.1682001721056464,0.0,3,5,0.0075912648459307
5896,2274,5.319176724711214e-07,0.17173560421735604,0.0,3,5,0.0075912648459307
6238,5910,2.0287898571932034e-07,0.1645760918845398,0.0,3,5,0.0075912648459307
6243,2649,8.271719340877807e-07,0.1726457399103139,0.0,3,5,0.0075912648459307
6263,3018,6.082531673695102e-07,0.17506832326665595,0.0,3,5,0.0075912648459307
6349,3802,1.8558961011280152e-07,0.16958088627869727,0.0,3,5,0.0075912648459307
6351,7348,3.0875418160308733e-07,0.16856839591349343,0.0,3,5,0.0075912648459307
6534,6211,3.7417468311390725e-06,0.1750241080038573,0.0,3,5,0.0075912648459307
6702,3929,1.7107609762666697e-08,0.1567808810826375,0.0,3,5,0.0075912648459307
6781,3516,5.260032208948309e-06,0.1727396329027872,0.0,3,5,0.0075912648459307
6961,6864,2.563078815239962e-07,0.1712956721046245,0.0,3,5,0.0075912648459307
7073,4252,4.907933545216009e-07,0.18277945619335348,0.0,3,5,0.0075912648459307
7158,4518,3.8662616053078786e-07,0.1723997557500509,0.0,3,5,0.0075912648459307
604,5042,9.950631053191345e-08,0.16774122565738805,0.0,4,5,0.0075912648459307
963,684,2.2171230235122055e-07,0.1679259830377795,0.0,4,5,0.0075912648459307
968,4505,3.1303563589914596e-07,0.1719952167144243,0.0,4,5,0.0075912648459307
1088,158,4.3268290009392094e-07,0.1725597609561753,0.0,4,5,0.0075912648459307
1263,190,4.952462490361439e-08,0.16499642864873054,0.0,4,5,0.0075912648459307
1410,218,1.4950343065315718e-06,0.18970709006296194,0.0,4,5,0.0075912648459307
1414,4250,7.033199699090238e-06,0.2005841490369435,0.0,4,5,0.0075912648459307
1569,251,2.163253379072955e-06,0.1858180577223089,0.0,4,5,0.0075912648459307
1571,679,4.859727359723975e-07,0.17807419173986172,0.0,4,5,0.0075912648459307
1658,275,9.975736346622098e-06,0.19338880714394438,0.0,4,5,0.0075912648459307
1696,5251,3.3355203788636746e-07,0.17073170731707318,0.0,4,5,0.0075912648459307
1858,1944,2.7838381811618504e-07,0.1651286716922277,0.0,4,5,0.0075912648459307
1894,4524,0.003770063579640855,0.21549116607773852,0.0,4,5,0.0075912648459307
1980,575,1.0795528999941254e-07,0.15567627177486879,0.0,4,5,0.0075912648459307
2000,5887,7.600760131687971e-08,0.15514083360468903,0.0,4,5,0.0075912648459307
2066,6362,1.0647428606488764e-06,0.18941012771455548,0.0,4,5,0.0075912648459307
2154,4877,2.022416369700929e-07,0.16449441111734495,0.0,4,5,0.0075912648459307
2155,4437,4.89138997128538e-08,0.16219839142091153,0.0,4,5,0.0075912648459307
2244,2765,3.7492498813917166e-07,0.17225561531161024,0.0,4,5,0.0075912648459307
2315,3237,4.3359888704367657e-07,0.17425194870505406,0.0,4,5,0.0075912648459307
2320,2415,6.030573082256462e-07,0.1652181451700297,0.0,4,5,0.0075912648459307
2525,2146,6.407540663807688e-06,0.18515909642943892,0.0,4,5,0.0075912648459307
2842,6632,6.135595515558105e-07,0.17622581316318747,0.0,4,5,0.0075912648459307
2874,5004,3.2216380767868716e-08,0.1560714943799521,0.0,4,5,0.0075912648459307
2889,584,3.4990686758953596e-06,0.17700327396846774,0.0,4,5,0.0075912648459307
2890,2753,1.0083590289108562e-06,0.1750643027742054,0.0,4,5,0.0075912648459307
2892,5263,0.00011525558111093599,0.20689374406296648,0.0,4,5,0.0075912648459307
2893,6451,3.08085142515091e-07,0.17255194893385847,0.0,4,5,0.0075912648459307
3251,1535,6.628729958764976e-06,0.1962111657357597,0.0,4,5,0.0075912648459307
3434,1159,5.290231290530859e-07,0.17444734312783194,0.0,4,5,0.0075912648459307
3437,780,2.5588019921687365e-07,0.16723706726339344,0.0,4,5,0.0075912648459307
3442,3654,3.979475097904812e-07,0.15205553228412422,0.0,4,5,0.0075912648459307
3501,6382,7.713704166512305e-08,0.16753477945539658,0.0,4,5,0.0075912648459307
3624,5131,6.1707058589947605e-06,0.1962162162162162,0.0,4,5,0.0075912648459307
3649,1491,2.675991112360719e-07,0.1725636672325976,0.0,4,5,0.0075912648459307
3732,1903,2.7455479824689204e-06,0.19714485219955,0.0,4,5,0.0075912648459307
3762,1470,2.1442526521576684e-07,0.16081939199594944,0.0,4,5,0.0075912648459307
3955,5592,3.754439850537586e-05,0.22854830005396654,0.0,4,5,0.0075912648459307
4062,1399,4.816484003538394e-07,0.18226377199693955,0.0,4,5,0.0075912648459307
4361,3403,1.1554651125465925e-06,0.18349661796211156,0.0,4,5,0.0075912648459307
4479,1249,8.044948336571616e-06,0.20182150326970427,0.0,4,5,0.0075912648459307
4660,7101,4.810673775785921e-07,0.1753744219752916,0.0,4,5,0.0075912648459307
4778,6153,1.5999558997417355e-06,0.18362922458025197,0.0,4,5,0.0075912648459307
4826,1769,1.0677358569076899e-05,0.18047302256208717,0.0,4,5,0.0075912648459307
5176,1688,9.689713581922084e-06,0.1851680917217256,0.0,4,5,0.0075912648459307
5193,1694,2.988953675797841e-08,0.1603964145941169,0.0,4,5,0.0075912648459307
5220,6453,4.116511762412044e-07,0.15206463195691203,0.0,4,5,0.0075912648459307
5246,1938,8.111237954159207e-07,0.18095283309991217,0.0,4,5,0.0075912648459307
5294,2059,6.609939584036126e-06,0.1960648148148148,0.0,4,5,0.0075912648459307
5301,5184,0.00017336466844888624,0.19142684948018684,0.0,4,5,0.0075912648459307
5312,2646,0.00011648017914565665,0.20211045417185886,0.0,4,5,0.0075912648459307
5331,4369,2.7685034298784458e-05,0.21216253826885612,0.0,4,5,0.0075912648459307
5337,2777,1.0951489815650817e-05,0.19677844033144892,0.0,4,5,0.0075912648459307
5364,4297,3.1060869340406783e-07,0.15993202416918428,0.0,4,5,0.0075912648459307
5612,1985,3.9593450149816283e-07,0.1700082517451326,0.0,4,5,0.0075912648459307
5773,5495,9.968518936561486e-06,0.1886274218692005,0.0,4,5,0.0075912648459307
5870,2833,1.8233948544981977e-07,0.16688924403966984,0.0,4,5,0.0075912648459307
5900,5628,4.1790397678617593e-07,0.170399678111588,0.0,4,5,0.0075912648459307
6052,2450,1.7387575832036158e-07,0.16465074085273662,0.0,4,5,0.0075912648459307
6054,5208,3.920662970884364e-08,0.16002603073305904,0.0,4,5,0.0075912648459307
6055,2643,5.647009180555777e-06,0.1853031260634936,0.0,4,5,0.0075912648459307
6071,6937,1.2600812522524541e-05,0.18565513882123721,0.0,4,5,0.0075912648459307
6408,6246,9.20134609957094e-07,0.1748715360616627,0.0,4,5,0.0075912648459307
6460,2971,6.5970216647272866e-06,0.19462813082441852,0.0,4,5,0.0075912648459307
6461,4105,6.597021664726778e-06,0.19462813082441852,0.0,4,5,0.0075912648459307
7255,4733,6.958604436482632e-07,0.17688006125716407,0.0,4,5,0.0075912648459307
14,562,5.978153344174767e-07,0.17443536761172512,0.0,5,5,0.0075912648459307
59,3291,1.2158057983329283e-05,0.18852945540881436,0.0,5,5,0.0075912648459307
962,585,4.1258630137148996e-07,0.16793338179895578,0.0,5,5,0.0075912648459307
1134,3906,4.459616412119486e-05,0.21279030817329164,0.0,5,5,0.0075912648459307
1136,5668,6.574137663105125e-06,0.18768003545313539,0.0,5,5,0.0075912648459307
1144,2126,1.077585181740201e-05,0.18860408728784206,0.0,5,5,0.0075912648459307
1203,6936,3.359525618355899e-06,0.17584775086505192,0.0,5,5,0.0075912648459307
1559,632,9.57904435858125e-07,0.1772337309060473,0.0,5,5,0.0075912648459307
1570,601,1.9267080405843517e-05,0.18845954164503448,0.0,5,5,0.0075912648459307
1697,7133,1.2657838504860896e-05,0.2055769801245921,0.0,5,5,0.0075912648459307
1701,3311,3.1393891778349643e-07,0.1698529411764706,0.0,5,5,0.0075912648459307
1891,315,0.00010120596136414776,0.19116761962082457,0.0,5,5,0.0075912648459307
1979,4627,5.946813663472952e-07,0.1629368387303623,0.0,5,5,0.0075912648459307
2172,393,0.0005061432264035854,0.19999475285969145,0.0,5,5,0.0075912648459307
2173,6502,0.006665445528695216,0.23314778566185465,0.0,5,5,0.0075912648459307
2283,4155,1.0757208703413577e-06,0.18592229457818102,0.0,5,5,0.0075912648459307
2313,4002,3.212383782075248e-07,0.1691856981157201,0.0,5,5,0.0075912648459307
2603,3182,6.812185143369213e-06,0.19595393553030693,0.0,5,5,0.0075912648459307
2891,3374,3.225847845483322e-07,0.171114952075243,0.0,5,5,0.0075912648459307
2922,5223,6.211782086027018e-07,0.18464333292963547,0.0,5,5,0.0075912648459307
2934,7105,4.580467713398758e-05,0.2171609264165456,0.0,5,5,0.0075912648459307
2984,617,3.4065764605278726e-08,0.15139719171416655,0.0,5,5,0.0075912648459307
2989,2703,1.7595422950313243e-07,0.1677818373905005,0.0,5,5,0.0075912648459307
2996,3703,1.070715543989933e-07,0.16640471512770139,0.0,5,5,0.0075912648459307
3115,777,5.74165645550971e-07,0.1683673469387755,0.0,5,5,0.0075912648459307
3127,5878,5.272665254165356e-07,0.17844101123595504,0.0,5,5,0.0075912648459307
3172,1715,6.41936298780212e-07,0.16615082824760244,0.0,5,5,0.0075912648459307
3478,3117,3.134242720343563e-08,0.15890519469690653,0.0,5,5,0.0075912648459307
3499,803,1.4599182450902467e-06,0.18394382510496599,0.0,5,5,0.0075912648459307
3500,4996,8.814528884491959e-07,0.18974014336917563,0.0,5,5,0.0075912648459307
4509,6084,6.670918711283866e-06,0.17464717741935484,0.0,5,5,0.0075912648459307
4511,2123,1.0845611251692212e-06,0.16891577477896697,0.0,5,5,0.0075912648459307
4825,6347,1.1669014228625395e-05,0.20186960436417561,0.0,5,5,0.0075912648459307
4845,5465,2.3947095509619217e-07,0.1691781885971726,0.0,5,5,0.0075912648459307
4945,1539,6.689231807583382e-07,0.1670135617728896,0.0,5,5,0.0075912648459307
5025,3548,4.60313514388219e-07,0.1666338776313201,0.0,5,5,0.0075912648459307
5195,7314,8.094594938678426e-07,0.18695278969957083,0.0,5,5,0.0075912648459307
5244,6508,4.2768078580353623e-07,0.177887195762257,0.0,5,5,0.0075912648459307
5245,5304,7.630102381154337e-06,0.2028688524590164,0.0,5,5,0.0075912648459307
5339,5103,6.191681342656906e-06,0.1967733608673206,0.0,5,5,0.0075912648459307
5363,2881,3.4242086635610517e-06,0.18296370967741934,0.0,5,5,0.0075912648459307
5497,5349,7.240523629634163e-06,0.20083252101061727,0.0,5,5,0.0075912648459307
6252,4427,4.059775776947897e-06,0.1903085680047933,0.0,5,5,0.0075912648459307
6543,3087,5.084587546463135e-07,0.18413043478260868,0.0,5,5,0.0075912648459307
6962,6005,1.1483131025276005e-06,0.18116355340082704,0.0,5,5,0.0075912648459307
7438,7104,2.794017466826461e-06,0.18488515922485507,0.0,5,5,0.0075912648459307
1091,670,4.536518423992277e-07,0.173640691556001,0.0,6,5,0.0075912648459307
1202,6965,1.7310719222123489e-06,0.18235969570833932,0.0,6,5,0.0075912648459307
1412,5922,9.516741622188924e-07,0.17833247555326814,0.0,6,5,0.0075912648459307
1514,241,8.875733717789824e-07,0.17066290550070523,0.0,6,5,0.0075912648459307
1659,4992,1.0321628239786636e-05,0.18883301543263395,0.0,6,5,0.0075912648459307
1995,4397,4.609190633052023e-07,0.17257148031603015,0.0,6,5,0.0075912648459307
1999,5981,7.932331018932638e-07,0.17570183930300096,0.0,6,5,0.0075912648459307
2065,6775,1.2839031659535969e-05,0.20712422562764918,0.0,6,5,0.0075912648459307
2158,4879,9.709812819806304e-06,0.20278250691636518,0.0,6,5,0.0075912648459307
2523,5529,3.3520440467279504e-06,0.17404109589041095,0.0,6,5,0.0075912648459307
3440,4070,4.255667226871795e-07,0.17001583513615987,0.0,6,5,0.0075912648459307
3648,7549,7.298403503026369e-08,0.15532417783935776,0.0,6,5,0.0075912648459307
3650,1643,6.906363534315155e-06,0.2010337825364593,0.0,6,5,0.0075912648459307
3726,5478,0.00012348256463414004,0.21995556453241769,0.0,6,5,0.0075912648459307
3734,984,1.559527473613535e-05,0.20865495155197897,0.0,6,5,0.0075912648459307
4547,3575,6.671008427734392e-06,0.18817575907183412,0.0,6,5,0.0075912648459307
4776,1426,5.798753456229441e-06,0.2046497892560874,0.0,6,5,0.0075912648459307
4780,3373,6.6869036832903165e-06,0.19911712464737227,0.0,6,5,0.0075912648459307
4846,2502,1.1806912341712113e-07,0.15806826193339693,0.0,6,5,0.0075912648459307
5219,3364,8.848469998631045e-06,0.17511658358411247,0.0,6,5,0.0075912648459307
5261,7550,6.87773047340517e-06,0.19151822726930132,0.0,6,5,0.0075912648459307
5492,6275,3.109458941430583e-05,0.2295462073534283,0.0,6,5,0.0075912648459307
5493,7148,1.3583342873497036e-05,0.2051233754002637,0.0,6,5,0.0075912648459307
5570,4855,4.149126282237529e-08,0.15815024584552187,0.0,6,5,0.0075912648459307
5871,4911,4.83247002509664e-07,0.1689644472027662,0.0,6,5,0.0075912648459307
13,2,7.345313449448855e-07,0.1690881263447419,0.0,7,5,0.0075912648459307
51,6283,4.602547806121916e-07,0.16574621673334494,0.0,7,5,0.0075912648459307
965,3891,6.964026197813909e-06,0.19814925528320032,0.0,7,5,0.0075912648459307
1146,4933,1.3839733074284602e-05,0.20304176432985296,0.0,7,5,0.0075912648459307
1218,4937,1.9583462010895468e-06,0.18200701955447318,0.0,7,5,0.0075912648459307
1264,5058,2.7735439543357826e-07,0.17141507949000473,0.0,7,5,0.0075912648459307
1267,6085,7.100903195403073e-07,0.18275316455696203,0.0,7,5,0.0075912648459307
1379,4611,0.00012281208159552044,0.2045783908539531,0.0,7,5,0.0075912648459307
1413,6772,4.96810278993447e-05,0.23245105812038788,0.0,7,5,0.0075912648459307
1516,3344,6.249333360923847e-07,0.170544543380017,0.0,7,5,0.0075912648459307
1699,3615,3.336167145345177e-06,0.1807597458029024,0.0,7,5,0.0075912648459307
1704,1907,1.0169659178360921e-06,0.16956956956956956,0.0,7,5,0.0075912648459307
1705,5814,6.531964215236021e-06,0.186149300383385,0.0,7,5,0.0075912648459307
1893,4647,0.00010938687427623031,0.19911712464737227,0.0,7,5,0.0075912648459307
1992,4260,6.094433221109357e-07,0.173072993529345,0.0,7,5,0.0075912648459307
2063,369,7.251524238184114e-06,0.20385078219013236,0.0,7,5,0.0075912648459307
2899,2816,0.004066359578607339,0.2249800785054452,0.0,7,5,0.0075912648459307
3116,3082,7.379759905776782e-06,0.19650452401206403,0.0,7,5,0.0075912648459307
3117,2939,5.43065511172225e-06,0.1863495245312538,0.0,7,5,0.0075912648459307
3846,4457,6.414683159844116e-06,0.19801028624863629,0.0,7,5,0.0075912648459307
4827,5498,1.6488444061085292e-05,0.2065014221861032,0.0,7,5,0.0075912648459307
5184,1781,0.004458975988216199,0.232635498046875,0.0,7,5,0.0075912648459307
5256,7153,6.692846183049751e-06,0.1928360021249146,0.0,7,5,0.0075912648459307
5281,4744,5.294152563752434e-07,0.17494778876827394,0.0,7,5,0.0075912648459307
5293,1763,6.7087793455534505e-06,0.19646907216494847,0.0,7,5,0.0075912648459307
5402,7022,7.661117947966984e-06,0.1938806653441172,0.0,7,5,0.0075912648459307
5489,2251,6.534662748660633e-06,0.1960648148148148,0.0,7,5,0.0075912648459307
5494,2128,3.115146584820613e-05,0.22961534985993554,0.0,7,5,0.0075912648459307
6053,6784,9.94269102479528e-07,0.18770314192849405,0.0,7,5,0.0075912648459307
15,1492,9.479755794536919e-07,0.1716775893520708,0.0,8,5,0.0075912648459307
48,870,8.810429448103075e-07,0.18114633334917543,0.0,8,5,0.0075912648459307
54,342,1.2136046724997443e-06,0.17306513496946443,0.0,8,5,0.0075912648459307
72,9,1.2501453736701953e-05,0.20372547971564486,0.0,8,5,0.0075912648459307
1201,2880,8.31535345139502e-06,0.20455643213653196,0.0,8,5,0.0075912648459307
1217,4428,7.454468546434871e-06,0.20017856673931883,0.0,8,5,0.0075912648459307
1490,5807,2.0272560840344515e-07,0.16723706726339344,0.0,8,5,0.0075912648459307
1786,5488,1.0644095220929082e-06,0.19292873051224943,0.0,8,5,0.0075912648459307
1998,4060,4.981997691063881e-07,0.173072993529345,0.0,8,5,0.0075912648459307
2153,385,5.044647224508659e-07,0.1747833264548081,0.0,8,5,0.0075912648459307
2318,1614,1.4049404511407898e-05,0.19803086195251207,0.0,8,5,0.0075912648459307
2369,1812,0.006675555788938817,0.24316565121694472,0.0,8,5,0.0075912648459307
2524,2298,8.111059753074727e-07,0.17317128577919128,0.0,8,5,0.0075912648459307
2527,4558,1.4310143316509062e-06,0.18002975698462556,0.0,8,5,0.0075912648459307
2894,3793,6.661037230410423e-06,0.19546655042436986,0.0,8,5,0.0075912648459307
3092,5372,6.972126036572653e-06,0.2028904503353561,0.0,8,5,0.0075912648459307
3173,5260,6.967165147444237e-07,0.16599163835902797,0.0,8,5,0.0075912648459307
3443,2599,5.547952562579651e-06,0.17244265484323396,0.0,8,5,0.0075912648459307
4656,2244,3.7782081188543754e-07,0.16649194076792032,0.0,8,5,0.0075912648459307
5340,4336,7.926450565058702e-06,0.20179479034307496,0.0,8,5,0.0075912648459307
5994,7571,1.250788986876188e-06,0.17099596231493944,0.0,8,5,0.0075912648459307
6337,4167,9.75828303252625e-06,0.17579503263150612,0.0,8,5,0.0075912648459307
19,4154,2.342435032420214e-06,0.17875902823374917,0.0,9,5,0.0075912648459307
967,4149,3.007685414396024e-06,0.1988522238163558,0.0,9,5,0.0075912648459307
1997,4368,6.587780375113547e-07,0.17268876152504362,0.0,9,5,0.0075912648459307
2987,1355,4.138140210209895e-07,0.16443054357204487,0.0,9,5,0.0075912648459307
3431,3077,0.00013713705106398893,0.212138921355819,0.0,9,5,0.0075912648459307
4510,1710,9.247646931647536e-06,0.17929298868687818,0.0,9,5,0.0075912648459307
5820,2189,1.6402195370019374e-05,0.1900144573508151,0.0,9,5,0.0075912648459307
5821,2803,1.317813463360876e-05,0.18943366218533336,0.0,9,5,0.0075912648459307
18,7128,7.360417781923022e-06,0.19214579184836034,0.0,10,5,0.0075912648459307
44,5856,6.687350392498363e-07,0.1789646672144618,0.0,10,5,0.0075912648459307
52,7340,2.7520621262391376e-06,0.17787059290197635,0.0,10,5,0.0075912648459307
58,1551,7.058399806099647e-07,0.17125718907260964,0.0,10,5,0.0075912648459307
1089,2232,6.45908089089594e-07,0.17303763562900076,0.0,10,5,0.0075912648459307
1199,179,7.710326650531552e-06,0.18676499411995295,0.0,10,5,0.0075912648459307
1214,183,2.319806465658518e-06,0.18193751640850617,0.0,10,5,0.0075912648459307
1489,6970,1.1461796047408786e-06,0.17222837260793927,0.0,10,5,0.0075912648459307
2923,3382,8.044176553010806e-06,0.18544737994453364,0.0,10,5,0.0075912648459307
2986,5386,6.999460442963606e-07,0.177887195762257,0.0,10,5,0.0075912648459307
3120,6636,1.722634462459908e-06,0.18055423969682616,0.0,10,5,0.0075912648459307
3250,7365,1.6190475264745083e-05,0.2164395229982964,0.0,10,5,0.0075912648459307
3439,6021,1.7199302809135085e-06,0.1903323262839879,0.0,10,5,0.0075912648459307
3619,4384,2.6328391732223797e-05,0.22775619958171497,0.0,10,5,0.0075912648459307
4174,6116,7.070398371322561e-06,0.17290419161676646,0.0,10,5,0.0075912648459307
4947,3759,1.7359763613902642e-06,0.17553595689317705,0.0,10,5,0.0075912648459307
5221,4959,1.584461769928606e-05,0.18780025128723116,0.0,10,5,0.0075912648459307
47,598,2.6054696712909466e-06,0.18489861259338314,0.0,11,5,0.0075912648459307
49,3079,8.35976451743913e-06,0.19176393640571543,0.0,11,5,0.0075912648459307
57,1284,7.110816032765818e-06,0.1895278585813381,0.0,11,5,0.0075912648459307
1200,4512,2.070443751406532e-06,0.1755763871294654,0.0,11,5,0.0075912648459307
1219,2747,2.8601041342831202e-06,0.1770608319977702,0.0,11,5,0.0075912648459307
1266,860,9.221517702246215e-07,0.18872549019607843,0.0,11,5,0.0075912648459307
2067,2091,1.1611921939709706e-05,0.21149737813167604,0.0,11,5,0.0075912648459307
2516,487,3.2134641236726243e-07,0.1648358776975306,0.0,11,5,0.0075912648459307
2924,2930,2.1240975823803356e-06,0.18526259508591147,0.0,11,5,0.0075912648459307
3121,3582,1.6257764651776434e-05,0.19595393553030693,0.0,11,5,0.0075912648459307
3171,1265,1.0046586505353063e-05,0.1978406996963484,0.0,11,5,0.0075912648459307
53,7279,2.379711001401149e-06,0.17974958145676626,0.0,12,5,0.0075912648459307
958,133,1.07254828413812e-06,0.18234660925726587,0.0,12,5,0.0075912648459307
2156,5623,1.6212909113184668e-06,0.187675414840711,0.0,12,5,0.0075912648459307
4939,3569,3.059287752781269e-05,0.22830188679245284,0.0,12,5,0.0075912648459307
5746,4476,1.6326548323121787e-05,0.19066556614391836,0.0,12,5,0.0075912648459307
1090,346,1.1492242549974946e-06,0.1817683246697506,0.0,13,5,0.0075912648459307
1142,3346,2.41054067982809e-05,0.20250239081925406,0.0,13,5,0.0075912648459307
2836,1391,6.342193329142466e-07,0.1807168934616661,0.0,13,5,0.0075912648459307
3733,5268,3.0267883046098047e-06,0.1979640065442647,0.0,13,5,0.0075912648459307
4061,6365,1.6391679262248807e-05,0.2195501281645114,0.0,13,5,0.0075912648459307
1215,3969,1.4229985302740261e-05,0.20576564904040814,0.0,14,5,0.0075912648459307
1892,602,1.339649102819229e-05,0.2046497892560874,0.0,14,5,0.0075912648459307
1143,2387,1.4199839829543075e-05,0.1952412662637025,0.0,15,5,0.0075912648459307
1221,6941,2.488374268989444e-06,0.17801597309794032,0.0,15,5,0.0075912648459307
1588,3325,0.00021712179728799335,0.2264369523243725,0.0,15,5,0.0075912648459307
1994,1724,1.617729734670809e-05,0.21389489042902438,0.0,15,5,0.0075912648459307
2888,989,6.90298981557362e-05,0.23988293788155327,0.0,15,5,0.0075912648459307
5495,3861,8.836897865809418e-06,0.20504061541772015,0.0,15,5,0.0075912648459307
17,5303,2.3267102724854385e-06,0.18364691994507215,0.0,16,5,0.0075912648459307
1702,433,6.245406740923786e-06,0.19069418386491557,0.0,16,5,0.0075912648459307
1859,4719,1.4778530009635093e-06,0.19271899886234356,0.0,16,5,0.0075912648459307
1139,5377,1.3752555384482554e-05,0.19770729050496666,0.0,17,5,0.0075912648459307
1660,6160,0.00011804635364316964,0.20003148862473433,0.0,17,5,0.0075912648459307
1703,6194,7.71415348162659e-06,0.18967876782204085,0.0,17,5,0.0075912648459307
5283,4886,1.028606050644743e-06,0.1815389011931128,0.0,17,5,0.0075912648459307
4175,7071,0.00018632091179955358,0.20727628680969085,0.0,18,5,0.0075912648459307
46,6180,4.300900724797364e-06,0.18367789504120283,0.0,19,5,0.0075912648459307
50,1834,3.359472231980209e-05,0.20763196600751757,0.0,19,5,0.0075912648459307
961,1734,7.571654255506282e-06,0.1945933527339562,0.0,19,5,0.0075912648459307
1141,5968,1.5572055935524532e-05,0.20389440179741622,0.0,19,5,0.0075912648459307
1515,2800,8.381131546055785e-06,0.18737556227416857,0.0,19,5,0.0075912648459307
2901,4348,0.00012846833718286018,0.20122482379959347,0.0,19,5,0.0075912648459307
16,6,1.4586239493616588e-05,0.1959237174874062,0.0,20,5,0.0075912648459307
56,1462,0.00023101877022371244,0.21946163811717287,0.0,20,5,0.0075912648459307
60,167,0.00023262582368745822,0.2281174252625909,0.0,20,5,0.0075912648459307
1138,6256,1.4337961943640078e-05,0.192777482740308,0.0,20,5,0.0075912648459307
959,4705,1.0589788426910284e-05,0.20178410715231088,0.0,21,5,0.0075912648459307
1137,2470,0.00023623831866554344,0.2252992463425447,0.0,21,5,0.0075912648459307
1140,7534,9.352193150252058e-06,0.19870190803878637,0.0,21,5,0.0075912648459307
1205,285,3.81095646130631e-06,0.18749538824802617,0.0,22,5,0.0075912648459307
1216,6341,1.848201499291682e-05,0.208586439008373,0.0,22,5,0.0075912648459307
605,6564,1.4453330854983156e-05,0.2082900704956555,0.0,24,5,0.0075912648459307
1135,2691,9.933088901352107e-06,0.19971704786606934,0.0,24,5,0.0075912648459307
1220,1180,9.900012122427474e-06,0.20689935946151342,0.0,26,5,0.0075912648459307
1806,1897,0.00025068631018900243,0.24855717499755453,0.0,30,5,0.0075912648459307
45,667,1.2791187736449315e-05,0.19926286072772897,0.0,35,5,0.0075912648459307
74,1795,0.00023613364991885915,0.24335195530726256,0.0,50,5,0.0075912648459307
945,7199,0.0009204860185967054,0.29071009076348103,0.0,62,5,0.0075912648459307
40,4,7.226149905874396e-07,0.1431361135625364,0.0,1,6,0.0115033195293498
63,6243,2.937908898929412e-05,0.18284960422163588,0.0,1,6,0.0115033195293498
68,428,2.937908898929412e-05,0.18284960422163588,0.0,1,6,0.0115033195293498
81,10,9.33022841527475e-06,0.19160006032272658,0.0,1,6,0.0115033195293498
587,88,1.3492435479216214e-06,0.1622881716767436,0.0,1,6,0.0115033195293498
1116,163,1.99507987151614e-06,0.14707414481680847,0.0,1,6,0.0115033195293498
1346,927,2.348911659142056e-05,0.18850614505798857,0.0,1,6,0.0115033195293498
1468,7342,1.2407468888050147e-05,0.17792871647643724,0.0,1,6,0.0115033195293498
1792,6285,1.8614635103466625e-05,0.18394382510496599,0.0,1,6,0.0115033195293498
1898,317,4.7999679057568635e-06,0.1762380357885976,0.0,1,6,0.0115033195293498
2100,377,3.1785992998991463e-06,0.16617618206788307,0.0,1,6,0.0115033195293498
2252,6059,2.3388575288185766e-07,0.15499573014517506,0.0,1,6,0.0115033195293498
2360,4331,1.7968799958120718e-07,0.1570619140826208,0.0,1,6,0.0115033195293498
2394,459,2.6183574830016473e-06,0.15293409569665964,0.0,1,6,0.0115033195293498
2397,7066,4.920298424072728e-08,0.14229713837710703,0.0,1,6,0.0115033195293498
2821,556,0.00010823264320862132,0.18694362017804153,0.0,1,6,0.0115033195293498
3152,677,2.5355499495346665e-08,0.14103607770582793,0.0,1,6,0.0115033195293498
3192,695,2.4343691877197916e-05,0.16691116901315933,0.0,1,6,0.0115033195293498
3227,2873,9.559666603804607e-06,0.18709044054485213,0.0,1,6,0.0115033195293498
3253,714,4.403338400802595e-08,0.13722772277227724,0.0,1,6,0.0115033195293498
3258,716,1.6233522807777617e-08,0.14990855637057285,0.0,1,6,0.0115033195293498
3449,1276,7.869154459080172e-08,0.14425751755199365,0.0,1,6,0.0115033195293498
3569,841,8.555151994735476e-06,0.18125832223701732,0.0,1,6,0.0115033195293498
3671,7073,1.1074236870628115e-05,0.180746887966805,0.0,1,6,0.0115033195293498
3748,1395,2.870804569824476e-07,0.15308765940355457,0.0,1,6,0.0115033195293498
3755,910,1.976345582733173e-08,0.1404746987063723,0.0,1,6,0.0115033195293498
3833,943,1.9850482061459772e-05,0.18330247433092073,0.0,1,6,0.0115033195293498
3870,5266,4.403338400802595e-08,0.13722772277227724,0.0,1,6,0.0115033195293498
4063,1030,2.0085429493329405e-05,0.19026581804567577,0.0,1,6,0.0115033195293498
4185,1091,1.4664435444394916e-06,0.1599823710885853,0.0,1,6,0.0115033195293498
4220,1104,7.696095828057197e-05,0.1724231526090792,0.0,1,6,0.0115033195293498
4445,6714,2.5355499495346665e-08,0.14103607770582793,0.0,1,6,0.0115033195293498
4473,1242,9.501130623127901e-07,0.1678742099583783,0.0,1,6,0.0115033195293498
4474,1245,1.1065655837072273e-05,0.18320115356885364,0.0,1,6,0.0115033195293498
4519,1269,1.5231454154230226e-06,0.17439147144948755,0.0,1,6,0.0115033195293498
4630,3627,7.648014597504338e-06,0.18124539337597184,0.0,1,6,0.0115033195293498
4764,2661,7.400784200121254e-06,0.17964791553743548,0.0,1,6,0.0115033195293498
4769,1422,8.687620548654607e-06,0.18549701910208055,0.0,1,6,0.0115033195293498
4823,1461,1.0043168153301497e-06,0.1595070201502375,0.0,1,6,0.0115033195293498
4916,1513,0.00013638486330695893,0.21049288968659396,0.0,1,6,0.0115033195293498
5009,1581,2.8826475963926934e-06,0.17092311486804637,0.0,1,6,0.0115033195293498
5090,4592,6.795003071302324e-06,0.17510853835021709,0.0,1,6,0.0115033195293498
5189,5005,2.037399465869704e-05,0.1867192475383334,0.0,1,6,0.0115033195293498
5200,1697,1.903629573742136e-05,0.1905416552103382,0.0,1,6,0.0115033195293498
5210,3011,6.227279607362406e-09,0.13538281208375513,0.0,1,6,0.0115033195293498
5249,1726,0.00028548804095563583,0.21896992502800677,0.0,1,6,0.0115033195293498
5380,1822,0.00028548804095563583,0.21896992502800677,0.0,1,6,0.0115033195293498
5445,5567,5.577367094318736e-06,0.1765114502049228,0.0,1,6,0.0115033195293498
5451,1864,6.954821669333856e-05,0.1760548742465184,0.0,1,6,0.0115033195293498
5454,1869,1.661969864609091e-06,0.1545181821867272,0.0,1,6,0.0115033195293498
5456,2853,3.4433372208605295e-07,0.1531276364951187,0.0,1,6,0.0115033195293498
5616,6253,1.2023437260972347e-05,0.18572751193840756,0.0,1,6,0.0115033195293498
5700,6760,6.191451590776282e-07,0.1567808810826375,0.0,1,6,0.0115033195293498
5707,4669,1.7302518345416084e-05,0.18405930075333204,0.0,1,6,0.0115033195293498
5767,2779,1.1065655837072273e-05,0.18320115356885364,0.0,1,6,0.0115033195293498
5843,6216,1.0072604577147723e-05,0.17051783916787833,0.0,1,6,0.0115033195293498
5856,2230,2.8126480566736816e-09,0.1392710331597698,0.0,1,6,0.0115033195293498
5859,4746,6.503923370519252e-06,0.16987186629526463,0.0,1,6,0.0115033195293498
5902,2437,4.5099556648652096e-05,0.18584976960772362,0.0,1,6,0.0115033195293498
5910,3816,2.6006955761864134e-05,0.1896551724137931,0.0,1,6,0.0115033195293498
5916,2296,7.653742025377935e-06,0.1807511737089202,0.0,1,6,0.0115033195293498
5972,2355,7.653742025377935e-06,0.1807511737089202,0.0,1,6,0.0115033195293498
6000,2392,0.00028548804095563583,0.21896992502800677,0.0,1,6,0.0115033195293498
6088,2491,2.207408927730864e-07,0.15811088295687886,0.0,1,6,0.0115033195293498
6163,2558,1.5231454154230226e-06,0.17439147144948755,0.0,1,6,0.0115033195293498
6176,3261,2.501441080938403e-06,0.16604587335816506,0.0,1,6,0.0115033195293498
6199,2598,9.501130623127901e-07,0.1678742099583783,0.0,1,6,0.0115033195293498
6210,3791,1.8029173534830894e-06,0.14970836033700582,0.0,1,6,0.0115033195293498
6250,2665,3.971659649393428e-06,0.17414049114791547,0.0,1,6,0.0115033195293498
6316,2770,3.535541937656377e-06,0.1739021329987453,0.0,1,6,0.0115033195293498
6339,2806,4.7999679057568635e-06,0.1762380357885976,0.0,1,6,0.0115033195293498
6363,4690,0.00028548804095563583,0.21896992502800677,0.0,1,6,0.0115033195293498
6365,3619,0.00028548804095563583,0.21896992502800677,0.0,1,6,0.0115033195293498
6367,3124,0.00028548804095563583,0.21896992502800677,0.0,1,6,0.0115033195293498
6370,2888,0.00028548804095563583,0.21896992502800677,0.0,1,6,0.0115033195293498
6371,3914,0.00028548804095563583,0.21896992502800677,0.0,1,6,0.0115033195293498
6372,5133,0.00028548804095563583,0.21896992502800677,0.0,1,6,0.0115033195293498
6375,4501,0.00028548804095563583,0.21896992502800677,0.0,1,6,0.0115033195293498
6379,3275,0.00028548804095563583,0.21896992502800677,0.0,1,6,0.0115033195293498
6457,6560,5.137050958489603e-07,0.15910751184487903,0.0,1,6,0.0115033195293498
6479,2999,4.807090757268266e-06,0.17711019725378127,0.0,1,6,0.0115033195293498
6492,3033,1.0363284203489707e-05,0.1806654974640944,0.0,1,6,0.0115033195293498
6548,5241,9.475081308347658e-06,0.17986833722658738,0.0,1,6,0.0115033195293498
6551,3201,4.9627170880167125e-09,0.13085796683489545,0.0,1,6,0.0115033195293498
6555,3104,0.00029452727224965684,0.20130453153057992,0.0,1,6,0.0115033195293498
6559,3111,1.6974636673894902e-06,0.1590378035550363,0.0,1,6,0.0115033195293498
6577,3146,4.807090757268266e-06,0.17711019725378127,0.0,1,6,0.0115033195293498
6650,3287,1.4537898909756477e-05,0.16726642383815332,0.0,1,6,0.0115033195293498
6715,5239,4.0920085915341233e-10,0.12043985906814339,0.0,1,6,0.0115033195293498
6820,6488,1.7049856120207657e-05,0.18294614572333687,0.0,1,6,0.0115033195293498
6837,3579,1.215630396814017e-08,0.14401768339914228,0.0,1,6,0.0115033195293498
6863,7261,9.83027795463644e-05,0.18004676539360873,0.0,1,6,0.0115033195293498
6868,3691,7.4007842001218125e-06,0.17964791553743548,0.0,1,6,0.0115033195293498
7008,3973,6.954821669333856e-05,0.1760548742465184,0.0,1,6,0.0115033195293498
7034,5509,0.00029452727224965684,0.20130453153057992,0.0,1,6,0.0115033195293498
7035,5199,0.00029452727224965684,0.20130453153057992,0.0,1,6,0.0115033195293498
7104,4268,2.0813714327064724e-10,0.11857947298012009,0.0,1,6,0.0115033195293498
7134,4831,0.00013638486330695893,0.21049288968659396,0.0,1,6,0.0115033195293498
7137,5767,1.6559530222055375e-07,0.15123499652812222,0.0,1,6,0.0115033195293498
7220,4603,8.551990807639603e-06,0.17878837629289115,0.0,1,6,0.0115033195293498
7225,4615,4.428479454604975e-07,0.1600428292498583,0.0,1,6,0.0115033195293498
7242,5075,6.295583823007178e-06,0.17649101685497315,0.0,1,6,0.0115033195293498
7367,5737,7.54140187201473e-06,0.18725128960943258,0.0,1,6,0.0115033195293498
7392,5113,1.0363284203489707e-05,0.1806654974640944,0.0,1,6,0.0115033195293498
7395,7389,8.06577557767561e-06,0.18068262621474282,0.0,1,6,0.0115033195293498
7428,7018,0.00010595646399512703,0.18180734098118248,0.0,1,6,0.0115033195293498
7456,5424,4.7999679057568635e-06,0.1762380357885976,0.0,1,6,0.0115033195293498
7485,5590,1.215630396814017e-08,0.14401768339914228,0.0,1,6,0.0115033195293498
7518,5841,1.5253507842006755e-06,0.1677892234548336,0.0,1,6,0.0115033195293498
7536,5971,3.788730646084393e-06,0.17438748198476425,0.0,1,6,0.0115033195293498
7547,6294,8.158909439878608e-06,0.18025537952234572,0.0,1,6,0.0115033195293498
7552,6150,1.8980236688716953e-06,0.1658941045896716,0.0,1,6,0.0115033195293498
7559,6939,1.6974636673894902e-06,0.1590378035550363,0.0,1,6,0.0115033195293498
7583,6606,4.392454282905645e-07,0.15262789067974772,0.0,1,6,0.0115033195293498
7588,6563,1.170711905062122e-05,0.18342155919153033,0.0,1,6,0.0115033195293498
7604,6947,7.400784200121817e-06,0.17964791553743548,0.0,1,6,0.0115033195293498
7608,7393,8.551990807639603e-06,0.17878837629289115,0.0,1,6,0.0115033195293498
7617,7422,8.687620548654607e-06,0.18549701910208055,0.0,1,6,0.0115033195293498
7618,7407,8.926256810452389e-09,0.1328002508623393,0.0,1,6,0.0115033195293498
7622,7420,5.497311426171343e-06,0.18790672451193058,0.0,1,6,0.0115033195293498
699,105,2.1504565783783444e-05,0.20937705998681608,0.0,2,6,0.0115033195293498
1117,4708,7.701264256981188e-05,0.17243095297337646,0.0,2,6,0.0115033195293498
1161,1545,1.0108815062817693e-05,0.190646492434663,0.0,2,6,0.0115033195293498
1279,195,0.00038094786031179226,0.21967033600368854,0.0,2,6,0.0115033195293498
1290,199,0.0002865076329561654,0.21989211642195747,0.0,2,6,0.0115033195293498
1311,206,1.7871907471009735e-06,0.17711842747275727,0.0,2,6,0.0115033195293498
1312,5057,2.2672419663541498e-07,0.16572819966519556,0.0,2,6,0.0115033195293498
1358,7417,2.35049016688341e-05,0.18853411817080107,0.0,2,6,0.0115033195293498
1479,804,2.367318522050057e-05,0.18418382139750653,0.0,2,6,0.0115033195293498
1925,6902,8.85469881955505e-06,0.17984711933185485,0.0,2,6,0.0115033195293498
1966,690,0.0002930979341718759,0.21903284199637962,0.0,2,6,0.0115033195293498
2359,7306,1.1298010618943718e-06,0.16948662649798785,0.0,2,6,0.0115033195293498
2396,460,1.899298315218063e-06,0.16590132538248928,0.0,2,6,0.0115033195293498
3176,689,1.6339775572972924e-06,0.17908238776517021,0.0,2,6,0.0115033195293498
3315,6872,8.505342285723684e-06,0.1815951212539902,0.0,2,6,0.0115033195293498
3450,5834,2.608564730645509e-05,0.18971653268957966,0.0,2,6,0.0115033195293498
3672,905,1.1081673940985773e-05,0.18075545965428116,0.0,2,6,0.0115033195293498
3913,6355,8.056191495563361e-06,0.19392998880634985,0.0,2,6,0.0115033195293498
4083,6026,2.0299593649901566e-05,0.18570036540803897,0.0,2,6,0.0115033195293498
4224,1106,0.0002861137977399547,0.21943636834681482,0.0,2,6,0.0115033195293498
4399,4406,0.00010100412714795697,0.18053285968028418,0.0,2,6,0.0115033195293498
4438,2531,0.003938239223365828,0.21649484536082475,0.0,2,6,0.0115033195293498
4447,2783,4.82532340525177e-06,0.17638892102644793,0.0,2,6,0.0115033195293498
4465,4139,7.585927326294266e-06,0.190517844646606,0.0,2,6,0.0115033195293498
4560,6009,7.14422702430612e-06,0.17668737251993324,0.0,2,6,0.0115033195293498
4631,6783,1.1698812973732312e-05,0.20576564904040814,0.0,2,6,0.0115033195293498
4763,1418,0.0002856797647440741,0.21898250552986126,0.0,2,6,0.0115033195293498
4868,1484,3.0992849573872127e-07,0.1554318571079031,0.0,2,6,0.0115033195293498
4870,6254,8.034360763040606e-09,0.13452986022871666,0.0,2,6,0.0115033195293498
4871,1485,2.0401435413594563e-06,0.16874750962943286,0.0,2,6,0.0115033195293498
4930,1526,1.6460290585646466e-05,0.18249503243877332,0.0,2,6,0.0115033195293498
5188,1927,2.1324107721009875e-05,0.18883769322235433,0.0,2,6,0.0115033195293498
5289,3152,1.694931986697637e-06,0.1637242268041237,0.0,2,6,0.0115033195293498
5369,5799,0.00030108070303909765,0.2215151250980734,0.0,2,6,0.0115033195293498
5444,6138,6.091072190167378e-06,0.1779494841028993,0.0,2,6,0.0115033195293498
5457,7195,3.4456496457683994e-07,0.15313378867014865,0.0,2,6,0.0115033195293498
5481,1888,2.1181718625066483e-05,0.1932270411396416,0.0,2,6,0.0115033195293498
5524,3908,2.143024424100535e-07,0.15650085199860395,0.0,2,6,0.0115033195293498
5658,2622,8.47463505656942e-05,0.18868344842949433,0.0,2,6,0.0115033195293498
5731,6834,2.516918541866449e-05,0.16738762873015525,0.0,2,6,0.0115033195293498
5768,4005,2.8115511957280017e-05,0.1862584601852078,0.0,2,6,0.0115033195293498
5783,2156,7.81872923843016e-06,0.18488515922485507,0.0,2,6,0.0115033195293498
5812,2756,3.7932409174866217e-06,0.17361696312660851,0.0,2,6,0.0115033195293498
5942,4245,7.722187953930095e-05,0.18093135858729706,0.0,2,6,0.0115033195293498
6038,6700,9.721902003268627e-06,0.1882547600819895,0.0,2,6,0.0115033195293498
6209,2610,6.959492284445657e-05,0.17606300667482735,0.0,2,6,0.0115033195293498
6310,6541,4.898235129808856e-06,0.17852877116560106,0.0,2,6,0.0115033195293498
6317,3143,0.00013647645461352,0.2105045149531936,0.0,2,6,0.0115033195293498
6321,2774,0.0001745983896982356,0.2009913781738603,0.0,2,6,0.0115033195293498
6366,3626,0.0002856797647440745,0.21898250552986126,0.0,2,6,0.0115033195293498
6373,4590,0.0002935538165333117,0.21908320160942665,0.0,2,6,0.0115033195293498
6378,3010,0.0003512721205481108,0.2194932335156925,0.0,2,6,0.0115033195293498
6383,6651,0.00029719516000625715,0.21941741983766047,0.0,2,6,0.0115033195293498
6384,6826,0.0002856797647440729,0.21898250552986126,0.0,2,6,0.0115033195293498
6442,4111,6.222389535746892e-06,0.17901089611121548,0.0,2,6,0.0115033195293498
6484,3012,2.5374055924904876e-06,0.18616748479742107,0.0,2,6,0.0115033195293498
6550,3099,1.915672463589402e-07,0.15055696002528046,0.0,2,6,0.0115033195293498
6713,3406,1.5795678119341765e-08,0.13692946058091288,0.0,2,6,0.0115033195293498
6714,6779,6.093242391783698e-07,0.1586439408128863,0.0,2,6,0.0115033195293498
6807,4333,3.1551071060364756e-06,0.16326836581709145,0.0,2,6,0.0115033195293498
6902,5739,3.829977132374726e-07,0.15828488372093022,0.0,2,6,0.0115033195293498
6967,3875,9.782398030812925e-06,0.19192326090787784,0.0,2,6,0.0115033195293498
7017,3996,0.006929890563065624,0.23062959489305054,0.0,2,6,0.0115033195293498
7023,5142,3.772576981078132e-09,0.1400565885206144,0.0,2,6,0.0115033195293498
7111,4287,0.00024234132730208585,0.21207400194741968,0.0,2,6,0.0115033195293498
7123,4450,2.9749584858109116e-05,0.20151206746147135,0.0,2,6,0.0115033195293498
7133,5980,0.00014661836628916103,0.21085387104804582,0.0,2,6,0.0115033195293498
7163,6198,1.9850011892475077e-05,0.1891891891891892,0.0,2,6,0.0115033195293498
7259,4741,3.596049145432259e-05,0.21763832581510878,0.0,2,6,0.0115033195293498
7307,5619,6.964654112184744e-06,0.19604968752411078,0.0,2,6,0.0115033195293498
7363,5778,0.00011217933076535224,0.1882873091933014,0.0,2,6,0.0115033195293498
7371,5018,2.7723916286075818e-05,0.19307043537725097,0.0,2,6,0.0115033195293498
7426,7264,4.979410275184084e-05,0.19468777933852638,0.0,2,6,0.0115033195293498
386,48,2.5879386835531788e-05,0.16977350170374825,0.0,3,6,0.0115033195293498
388,3250,3.579828078602932e-06,0.1637523629489603,0.0,3,6,0.0115033195293498
695,2105,3.1865109743377526e-05,0.18040468583599575,0.0,3,6,0.0115033195293498
1074,153,1.7903767905510014e-05,0.18307356084440068,0.0,3,6,0.0115033195293498
1335,4871,3.588403889751068e-05,0.18925964546402502,0.0,3,6,0.0115033195293498
1343,5031,0.00016717898939692827,0.21182649290021396,0.0,3,6,0.0115033195293498
1356,6512,3.178851987109273e-05,0.18863675731855187,0.0,3,6,0.0115033195293498
1793,4902,3.446225286031868e-05,0.18395714182292044,0.0,3,6,0.0115033195293498
1796,1278,5.812369037456967e-05,0.19607490097227223,0.0,3,6,0.0115033195293498
1924,3474,3.051321287642111e-05,0.1880457842024767,0.0,3,6,0.0115033195293498
2251,424,6.949729930623093e-07,0.16487509462528388,0.0,3,6,0.0115033195293498
2395,7328,0.00010107195798892608,0.1805414110792696,0.0,3,6,0.0115033195293498
2502,1405,0.00031302425429232636,0.2205154907576152,0.0,3,6,0.0115033195293498
3228,5850,1.7061665401418662e-05,0.18732951613299584,0.0,3,6,0.0115033195293498
3254,954,1.6997451140499484e-06,0.15905107661492238,0.0,3,6,0.0115033195293498
3314,5426,8.948190231184966e-06,0.18347011961780066,0.0,3,6,0.0115033195293498
3747,4409,7.3897787579777215e-06,0.1772296103413001,0.0,3,6,0.0115033195293498
4229,5838,3.664157942368102e-05,0.18943836978131212,0.0,3,6,0.0115033195293498
4374,4194,3.4305240529566365e-06,0.1908899684479391,0.0,3,6,0.0115033195293498
4464,1237,2.790570303198502e-06,0.16817048688477576,0.0,3,6,0.0115033195293498
4628,1335,2.3834096303759244e-05,0.17911605065908504,0.0,3,6,0.0115033195293498
4691,5926,5.601727868339027e-05,0.20932531510009061,0.0,3,6,0.0115033195293498
4869,4940,1.195560318847483e-05,0.18401486988847585,0.0,3,6,0.0115033195293498
4872,7447,4.775988232041341e-05,0.1935606733869944,0.0,3,6,0.0115033195293498
4925,3837,1.8015969235418662e-05,0.18907187856540503,0.0,3,6,0.0115033195293498
5073,3890,5.6752571724161084e-05,0.20375815246444992,0.0,3,6,0.0115033195293498
5291,2968,3.675169658486633e-06,0.163762916496595,0.0,3,6,0.0115033195293498
5370,4977,4.709213678644493e-05,0.19381165463236041,0.0,3,6,0.0115033195293498
5467,1880,1.5513066853777684e-05,0.1802298089653868,0.0,3,6,0.0115033195293498
5522,1917,7.803100281319738e-06,0.18394382510496599,0.0,3,6,0.0115033195293498
5665,2030,0.0005806344583643706,0.22332571629460363,0.0,3,6,0.0115033195293498
5701,3587,0.000286549183481394,0.21919029271378457,0.0,3,6,0.0115033195293498
5756,2138,3.3534275871676944e-05,0.19904953390605007,0.0,3,6,0.0115033195293498
5766,5234,0.0003074001416020575,0.22064953108718305,0.0,3,6,0.0115033195293498
5878,4894,0.000751906420517504,0.2009701827001661,0.0,3,6,0.0115033195293498
5897,2277,1.0694971527943968e-05,0.18542482547250128,0.0,3,6,0.0115033195293498
5909,7229,0.0003305312924549209,0.21996825854854998,0.0,3,6,0.0115033195293498
6318,2771,1.5001468634507281e-06,0.1638509156564354,0.0,3,6,0.0115033195293498
6319,4890,1.5001468634504262e-06,0.1638509156564354,0.0,3,6,0.0115033195293498
6320,6292,1.5001468634504772e-06,0.1638509156564354,0.0,3,6,0.0115033195293498
6364,6172,0.00029717881750055677,0.22522602375465342,0.0,3,6,0.0115033195293498
6376,6214,0.00030799163781624895,0.22003175061336414,0.0,3,6,0.0115033195293498
6381,7396,0.0005814855382193361,0.22322108345534408,0.0,3,6,0.0115033195293498
6382,6121,0.0002866864976046004,0.22001904926833493,0.0,3,6,0.0115033195293498
6449,6979,0.0003116441911237574,0.18695737479766517,0.0,3,6,0.0115033195293498
6450,2987,0.0038732235631088923,0.21209170329976074,0.0,3,6,0.0115033195293498
6456,2965,1.9829675742674642e-05,0.18920797239941423,0.0,3,6,0.0115033195293498
6520,3637,3.7741082520732086e-05,0.20004723665564478,0.0,3,6,0.0115033195293498
6541,6683,1.9580535921445875e-05,0.2082673077973881,0.0,3,6,0.0115033195293498
6806,4343,6.3921911113476105e-06,0.17817824836967955,0.0,3,6,0.0115033195293498
7067,4142,0.00013176659941676447,0.18216794914687187,0.0,3,6,0.0115033195293498
7091,4613,7.220065635996741e-06,0.19276773296244784,0.0,3,6,0.0115033195293498
64,7589,0.006673887542754754,0.23001025888600568,0.0,4,6,0.0115033195293498
675,899,0.00012269801086700862,0.19928890747954303,0.0,4,6,0.0115033195293498
676,1046,1.9329326329994728e-05,0.1780949933415882,0.0,4,6,0.0115033195293498
683,6228,2.816906635410541e-05,0.18351870576339738,0.0,4,6,0.0115033195293498
696,2768,0.0001543498031372341,0.2111108034008142,0.0,4,6,0.0115033195293498
1158,2754,0.00030514849127524345,0.2208796940194715,0.0,4,6,0.0115033195293498
1347,956,4.65661723974598e-05,0.18920327624720773,0.0,4,6,0.0115033195293498
1477,4189,0.0003290117082375964,0.21970832372607793,0.0,4,6,0.0115033195293498
1965,337,0.0002937516410364902,0.2191587844636748,0.0,4,6,0.0115033195293498
2076,5056,4.14900171571894e-05,0.20095428902831233,0.0,4,6,0.0115033195293498
2087,833,0.0003104870959971221,0.22254984964820598,0.0,4,6,0.0115033195293498
2495,480,1.4614760344382724e-05,0.1804473902236951,0.0,4,6,0.0115033195293498
3223,6914,0.00029544426132378397,0.22062398703403566,0.0,4,6,0.0115033195293498
3224,7300,3.09922757184716e-05,0.19566221765913758,0.0,4,6,0.0115033195293498
3259,3993,6.266348067310248e-07,0.17633995697332808,0.0,4,6,0.0115033195293498
3423,6675,2.2720698466754164e-05,0.20941157079281358,0.0,4,6,0.0115033195293498
4082,1339,0.00029522317526006905,0.22136074570955658,0.0,4,6,0.0115033195293498
4226,6592,5.0097483881023085e-05,0.1902848156561244,0.0,4,6,0.0115033195293498
4359,1178,0.00014513935082986412,0.2459587648823928,0.0,4,6,0.0115033195293498
4372,1187,9.887058298304733e-08,0.16085332658099638,0.0,4,6,0.0115033195293498
4396,1202,0.00010427548303628746,0.18208527409530634,0.0,4,6,0.0115033195293498
4534,7333,0.0001468431770807541,0.19940881029611804,0.0,4,6,0.0115033195293498
4536,3304,5.7189770200790465e-05,0.198515625,0.0,4,6,0.0115033195293498
4824,3909,3.876791753061941e-05,0.18977320819537455,0.0,4,6,0.0115033195293498
4937,6212,0.00014624986357990554,0.21121609265467844,0.0,4,6,0.0115033195293498
5010,7504,0.00011127389542909321,0.20615517754279689,0.0,4,6,0.0115033195293498
5615,3048,0.00015331115779105973,0.21085387104804582,0.0,4,6,0.0115033195293498
5666,2067,2.3899797454558354e-05,0.18592682926829268,0.0,4,6,0.0115033195293498
5677,5471,1.003934486926472e-05,0.17880934509288798,0.0,4,6,0.0115033195293498
5770,3014,0.0027286459903158467,0.22402139414599742,0.0,4,6,0.0115033195293498
5940,2329,1.0071895328216728e-05,0.1966261703938714,0.0,4,6,0.0115033195293498
6072,3401,9.726581661864832e-06,0.18543835749732412,0.0,4,6,0.0115033195293498
6368,4411,0.0006044107400245099,0.2239029548258239,0.0,4,6,0.0115033195293498
6448,2959,0.003978723147304622,0.2140210006176652,0.0,4,6,0.0115033195293498
6485,5775,0.0005611815488882979,0.20085897976391232,0.0,4,6,0.0115033195293498
6805,7220,0.00014809196122063538,0.21157956090926752,0.0,4,6,0.0115033195293498
6986,6520,0.00014615922215150336,0.21629213483146068,0.0,4,6,0.0115033195293498
7081,4176,1.3837445582135235e-05,0.1946480096008988,0.0,4,6,0.0115033195293498
41,5770,2.789386569443819e-05,0.1670428399254958,0.0,5,6,0.0115033195293498
312,2301,1.3567539591978227e-05,0.17990654205607476,0.0,5,6,0.0115033195293498
677,5281,0.00014953543892379259,0.212891334096685,0.0,5,6,0.0115033195293498
691,5587,2.8565145659702868e-05,0.18136613451975922,0.0,5,6,0.0115033195293498
693,3486,0.00017345131181287048,0.2123930790448859,0.0,5,6,0.0115033195293498
1030,141,5.5641064122792584e-05,0.198438110113237,0.0,5,6,0.0115033195293498
1280,713,0.0036848714945276967,0.23060866408518876,0.0,5,6,0.0115033195293498
1341,6696,4.352706431144573e-05,0.1897023691021302,0.0,5,6,0.0115033195293498
1352,5722,4.447575626327348e-05,0.18901093451687287,0.0,5,6,0.0115033195293498
1353,4474,7.477489123424949e-05,0.1909760497043792,0.0,5,6,0.0115033195293498
1926,4983,2.3447075731497717e-05,0.18290663915348992,0.0,5,6,0.0115033195293498
2248,414,9.028290118124308e-06,0.18342155919153033,0.0,5,6,0.0115033195293498
2249,1704,2.403809819263283e-07,0.15657800143781453,0.0,5,6,0.0115033195293498
2254,415,0.00031504115929895733,0.22318840579710145,0.0,5,6,0.0115033195293498
2284,2439,7.040601757553725e-07,0.18008930047957664,0.0,5,6,0.0115033195293498
2357,443,6.93618730929555e-06,0.18632219587906043,0.0,5,6,0.0115033195293498
2497,4823,0.00015274699687090485,0.21070234113712374,0.0,5,6,0.0115033195293498
3080,6293,0.0005333144104438877,0.2104522113632599,0.0,5,6,0.0115033195293498
3153,1229,9.787548096143025e-07,0.16418971310416128,0.0,5,6,0.0115033195293498
3313,5137,0.00030342773217038237,0.2199873023202124,0.0,5,6,0.0115033195293498
3448,785,3.03759457621014e-06,0.1685721235709073,0.0,5,6,0.0115033195293498
3451,5927,7.628947499253293e-07,0.16342937998456394,0.0,5,6,0.0115033195293498
3544,1224,0.00014750431017785762,0.21833648393194707,0.0,5,6,0.0115033195293498
4084,1436,0.0003449738230379671,0.22539250761361285,0.0,5,6,0.0115033195293498
4373,4009,3.705448800417245e-08,0.14696922958278708,0.0,5,6,0.0115033195293498
5298,3064,8.520881654107404e-06,0.18780025128723116,0.0,5,6,0.0115033195293498
5523,5960,4.692489287759009e-07,0.16824471959213402,0.0,5,6,0.0115033195293498
6380,3547,0.0006581463198536943,0.2239029548258239,0.0,5,6,0.0115033195293498
6540,3496,0.00015929353128780452,0.21553991008567308,0.0,5,6,0.0115033195293498
6726,3721,1.402130833678157e-05,0.1861083984375,0.0,5,6,0.0115033195293498
67,6250,6.552427527252398e-05,0.18910940213346564,0.0,6,6,0.0115033195293498
82,5489,0.00036015878677295117,0.23700410396716826,0.0,6,6,0.0115033195293498
306,5283,0.00023278820866417355,0.21229252534254206,0.0,6,6,0.0115033195293498
679,4236,0.00017715472675144736,0.2124226717940144,0.0,6,6,0.0115033195293498
1075,4392,0.00031500841151050853,0.21988577362409137,0.0,6,6,0.0115033195293498
1076,6041,0.00031494437161328653,0.21988577362409137,0.0,6,6,0.0115033195293498
1157,171,0.00037344291934903265,0.2226148409893993,0.0,6,6,0.0115033195293498
1313,6390,6.876113146549425e-05,0.2152113153214195,0.0,6,6,0.0115033195293498
1339,6417,5.2093212326646856e-05,0.1894854586129754,0.0,6,6,0.0115033195293498
1351,6729,5.515425265242998e-05,0.19010923238066738,0.0,6,6,0.0115033195293498
1481,4214,5.128484901174968e-05,0.18922206225487762,0.0,6,6,0.0115033195293498
2648,4374,1.1987051998444937e-05,0.1851680917217256,0.0,6,6,0.0115033195293498
3225,1253,0.0005648327787876317,0.23320484581497797,0.0,6,6,0.0115033195293498
3316,6954,1.8014189733303274e-05,0.18386396526772794,0.0,6,6,0.0115033195293498
3424,1637,0.0002622958360025113,0.21227479045417838,0.0,6,6,0.0115033195293498
3820,1200,5.94750683074892e-05,0.196875,0.0,6,6,0.0115033195293498
3873,2472,1.1680618908813136e-05,0.18546542747311567,0.0,6,6,0.0115033195293498
3874,5781,2.848187193828233e-05,0.18131436862260067,0.0,6,6,0.0115033195293498
4261,5120,0.00031134928504886514,0.22052186993751446,0.0,6,6,0.0115033195293498
4446,7255,3.286810242371121e-05,0.19562204886060358,0.0,6,6,0.0115033195293498
4535,1756,0.0001296401691031273,0.21020847121111846,0.0,6,6,0.0115033195293498
5443,1873,1.3291723425378079e-05,0.1808111954459203,0.0,6,6,0.0115033195293498
5468,4796,0.00011917102696585942,0.1939990838295923,0.0,6,6,0.0115033195293498
5705,2073,0.0006678994058923114,0.22557258684973663,0.0,6,6,0.0115033195293498
6037,4779,0.0001534634715329257,0.21336804097741205,0.0,6,6,0.0115033195293498
6206,6890,3.4055504620006125e-05,0.17892266165942963,0.0,6,6,0.0115033195293498
6459,7519,2.9559694134684003e-05,0.1678742099583783,0.0,6,6,0.0115033195293498
680,1296,3.275871631209983e-05,0.1800212539851222,0.0,7,6,0.0115033195293498
711,5293,0.0004896924797328402,0.20515097690941386,0.0,7,6,0.0115033195293498
1160,6232,0.0026846503892110256,0.2136670684194299,0.0,7,6,0.0115033195293498
1338,7054,7.245667365245334e-05,0.19007605036778458,0.0,7,6,0.0115033195293498
1340,2605,7.270345019170268e-05,0.1901281987329775,0.0,7,6,0.0115033195293498
1350,1014,0.0004448526910960048,0.20257234726688103,0.0,7,6,0.0115033195293498
1463,1751,9.324041406871636e-05,0.1990183536537608,0.0,7,6,0.0115033195293498
1478,1179,0.00018245345624311337,0.20278790135936794,0.0,7,6,0.0115033195293498
1791,2572,9.655883487479913e-05,0.19910152271005824,0.0,7,6,0.0115033195293498
1927,3928,0.00032772963481568664,0.21975899446494465,0.0,7,6,0.0115033195293498
3312,733,0.0003103029341754398,0.2218503535985565,0.0,7,6,0.0115033195293498
3561,7172,5.88804971742772e-05,0.2016133298069294,0.0,7,6,0.0115033195293498
3872,1317,4.299769977416578e-05,0.1909856190810242,0.0,7,6,0.0115033195293498
3906,4995,0.00029110778728046557,0.23038563829787234,0.0,7,6,0.0115033195293498
4227,3951,8.658672281211255e-05,0.19867083659108678,0.0,7,6,0.0115033195293498
4375,6350,1.0857182339341138e-07,0.1618024749007705,0.0,7,6,0.0115033195293498
4397,3617,0.003794613405162267,0.21957542414379122,0.0,7,6,0.0115033195293498
4873,6337,8.120072504094412e-05,0.2393331449562023,0.0,7,6,0.0115033195293498
5371,4575,0.0005105183464397374,0.22976068479112666,0.0,7,6,0.0115033195293498
6369,5447,0.0004000360655266952,0.2204963554321416,0.0,7,6,0.0115033195293498
61,7,0.001134070526028693,0.2237583656216978,0.0,8,6,0.0115033195293498
304,6747,2.2061258337906247e-05,0.18683365603784222,0.0,8,6,0.0115033195293498
305,7035,0.00035260926301337327,0.2222060281000408,0.0,8,6,0.0115033195293498
309,2040,2.8777718978249623e-05,0.18303399923165578,0.0,8,6,0.0115033195293498
678,522,0.0001645801314713994,0.21169119688975285,0.0,8,6,0.0115033195293498
681,3536,6.518457989912148e-05,0.19355575868372943,0.0,8,6,0.0115033195293498
698,2943,5.490729977177919e-05,0.19594386181369525,0.0,8,6,0.0115033195293498
705,326,0.000318355658579916,0.21922811457494537,0.0,8,6,0.0115033195293498
1349,448,8.343355883168584e-05,0.19058452922646132,0.0,8,6,0.0115033195293498
2250,5984,1.709449883359733e-05,0.1905321302706891,0.0,8,6,0.0115033195293498
2398,7335,7.326614863233708e-05,0.19888335203109916,0.0,8,6,0.0115033195293498
3871,4256,3.786208623972838e-05,0.1823073611708997,0.0,8,6,0.0115033195293498
5285,3432,3.3794358248472664e-05,0.19715504978662873,0.0,8,6,0.0115033195293498
5901,2280,0.0017409007457936032,0.2282677047462195,0.0,8,6,0.0115033195293498
703,7542,0.00011639403016111958,0.19622631795716639,0.0,9,6,0.0115033195293498
709,4906,0.00011597859824765765,0.19342806394316164,0.0,9,6,0.0115033195293498
1077,4543,6.11556271436763e-05,0.20417291622026998,0.0,9,6,0.0115033195293498
1458,7232,0.00015433289424668077,0.18939130434782608,0.0,9,6,0.0115033195293498
1474,2947,8.895127845837686e-05,0.19548660084626235,0.0,9,6,0.0115033195293498
2253,5319,0.0003302398425785496,0.2213800313643492,0.0,9,6,0.0115033195293498
2256,2023,0.00030052613024679156,0.22514619883040934,0.0,9,6,0.0115033195293498
4221,4469,0.002970791724437979,0.2083413047637268,0.0,9,6,0.0115033195293498
5290,4623,3.1965162984608994e-05,0.20445767621499839,0.0,9,6,0.0115033195293498
303,35,3.1550110652632254e-05,0.19274336283185842,0.0,10,6,0.0115033195293498
686,1989,0.0004641201033903091,0.22808329842618635,0.0,10,6,0.0115033195293498
692,3956,0.00018555987034686737,0.21522346763036787,0.0,10,6,0.0115033195293498
704,7045,0.00012258906148954389,0.1986553045109843,0.0,10,6,0.0115033195293498
718,1786,0.00010519427501650171,0.19708368882339253,0.0,10,6,0.0115033195293498
987,4365,0.0025393498680281942,0.2299547511312217,0.0,10,6,0.0115033195293498
1460,6515,0.00019418892064459293,0.21209760440722294,0.0,10,6,0.0115033195293498
1461,4304,6.415416894948313e-05,0.18275316455696203,0.0,10,6,0.0115033195293498
1475,3781,8.45956512906917e-05,0.19040363672694574,0.0,10,6,0.0115033195293498
1480,7338,0.00011157800514357565,0.20155469183786784,0.0,10,6,0.0115033195293498
1482,1407,0.00035337920111674475,0.2202033624126177,0.0,10,6,0.0115033195293498
1794,1844,0.00011762346966225465,0.19251944640872815,0.0,10,6,0.0115033195293498
4081,1041,0.0003564418459853385,0.22484735864082825,0.0,10,6,0.0115033195293498
4561,2430,0.00016307461609071366,0.21359522541959708,0.0,10,6,0.0115033195293498
4697,7545,0.00021220327366495276,0.23137861955927883,0.0,10,6,0.0115033195293498
310,6475,1.69554370491108e-05,0.18011483117926422,0.0,11,6,0.0115033195293498
1467,2794,8.836502663473877e-05,0.18957970654066153,0.0,11,6,0.0115033195293498
2255,6186,3.667558312502714e-05,0.2017360467885781,0.0,11,6,0.0115033195293498
2822,5020,0.004177918881753185,0.2299200723872719,0.0,11,6,0.0115033195293498
3177,3084,5.879536711018891e-05,0.2112219451371571,0.0,11,6,0.0115033195293498
3217,7178,0.00033535329870645604,0.22773578705225106,0.0,11,6,0.0115033195293498
3252,6537,0.0008634609126743267,0.2336551724137931,0.0,11,6,0.0115033195293498
4064,5933,0.0007753233464561769,0.23496594026446382,0.0,11,6,0.0115033195293498
4695,6468,0.00012398163053329398,0.21818025701937663,0.0,11,6,0.0115033195293498
387,1761,5.569996748794831e-05,0.19575768470249866,0.0,12,6,0.0115033195293498
682,5715,0.00037115185771707164,0.21681504024574078,0.0,12,6,0.0115033195293498
685,5918,0.00020686933509764295,0.21268344400424083,0.0,12,6,0.0115033195293498
4228,4621,0.00039502634388605243,0.21550335001272156,0.0,12,6,0.0115033195293498
313,2045,7.589643522125046e-05,0.19584318158462646,0.0,13,6,0.0115033195293498
719,5791,0.000281982738392055,0.21319498825371966,0.0,13,6,0.0115033195293498
1032,3446,0.0003225737217797416,0.21441831683168316,0.0,13,6,0.0115033195293498
1348,778,0.0005283048178199923,0.22163749491190324,0.0,13,6,0.0115033195293498
1462,5203,7.911323673734419e-05,0.18521758145637437,0.0,13,6,0.0115033195293498
1476,1297,0.00016132656011767142,0.20279329608938548,0.0,13,6,0.0115033195293498
697,1533,0.0001914530655560164,0.21314133929819656,0.0,14,6,0.0115033195293498
1345,2234,0.00025105978612009186,0.20462781520951331,0.0,14,6,0.0115033195293498
1359,7551,0.00040780383897592696,0.2217535489876658,0.0,14,6,0.0115033195293498
1465,7592,0.00430681900899875,0.23188538054389488,0.0,14,6,0.0115033195293498
3222,708,0.000369015395201235,0.2301421972647405,0.0,14,6,0.0115033195293498
311,4235,9.113379703590022e-05,0.19208285037544726,0.0,15,6,0.0115033195293498
684,3096,0.000365750294280359,0.21931010673494636,0.0,15,6,0.0115033195293498
694,771,0.00020938684276963765,0.21231617647058823,0.0,15,6,0.0115033195293498
1459,1859,0.0002152935251604668,0.21433994095318432,0.0,15,6,0.0115033195293498
4186,6495,5.660660214616932e-05,0.19044644864716317,0.0,15,6,0.0115033195293498
307,4246,5.396727288930539e-05,0.1907705398032984,0.0,16,6,0.0115033195293498
389,7213,0.0009396977374865187,0.20034692107545535,0.0,16,6,0.0115033195293498
588,955,5.2082531922247873e-05,0.19372299872935198,0.0,16,6,0.0115033195293498
712,1327,0.0001379678809945607,0.19799485727643437,0.0,16,6,0.0115033195293498
717,1691,0.0007864623320455533,0.22958077340079508,0.0,16,6,0.0115033195293498
1464,1872,0.00023107525248552635,0.21323076923076922,0.0,16,6,0.0115033195293498
715,2511,0.00048532794824793685,0.22390953150242326,0.0,17,6,0.0115033195293498
69,2142,0.0004271485116701637,0.22428504177945158,0.0,18,6,0.0115033195293498
689,6884,0.00018528491914047098,0.21393691064211945,0.0,18,6,0.0115033195293498
1355,879,0.0004274797505741647,0.22061760194483837,0.0,18,6,0.0115033195293498
1466,4324,0.0002351490997642938,0.21303412234860128,0.0,18,6,0.0115033195293498
1473,6528,0.00045190981465961837,0.22461547527844894,0.0,18,6,0.0115033195293498
716,2458,0.0002001228832332328,0.19926286072772897,0.0,19,6,0.0115033195293498
1336,904,0.0002652133614193208,0.21272498953537045,0.0,19,6,0.0115033195293498
702,106,0.0006238256734460034,0.22460885706709097,0.0,20,6,0.0115033195293498
1342,5285,0.004090055443954831,0.22219955111201795,0.0,20,6,0.0115033195293498
1795,1275,0.001023869505540438,0.2401398689516129,0.0,21,6,0.0115033195293498
687,2145,0.0005859309719332222,0.2306575085479137,0.0,22,6,0.0115033195293498
1337,6538,0.00016878038806874743,0.19876408010012517,0.0,22,6,0.0115033195293498
1354,228,0.000195266524236314,0.19894563770650103,0.0,22,6,0.0115033195293498
1457,226,0.0004789442168776818,0.2164333778143721,0.0,22,6,0.0115033195293498
688,4671,0.0002430176123030147,0.21430981163902166,0.0,23,6,0.0115033195293498
1344,936,0.00031030222405907895,0.21653789342120214,0.0,24,6,0.0115033195293498
706,4039,0.011369130563976544,0.25203332672088874,0.0,27,6,0.0115033195293498
713,1137,0.0005317638696672386,0.23152619589977222,0.0,27,6,0.0115033195293498
674,104,0.00026516719359870707,0.21518094055213685,0.0,29,6,0.0115033195293498
308,6887,0.0003301178167010344,0.2177066971298015,0.0,33,6,0.0115033195293498
701,6022,0.0007348254375226796,0.23538675312644744,0.0,34,6,0.0115033195293498
708,2217,0.0003888154590309815,0.20556589272712564,0.0,34,6,0.0115033195293498
707,296,0.0007185487960949172,0.22539917208752216,0.0,39,6,0.0115033195293498
1357,1107,0.0007662540741670392,0.2244369203591933,0.0,39,6,0.0115033195293498
714,212,0.0009067100351032354,0.2322881433403419,0.0,51,6,0.0115033195293498
710,2289,0.0010039018572703911,0.23403536780056491,0.0,53,6,0.0115033195293498
690,4338,0.005264630694615498,0.26660371419578216,0.0,72,6,0.0115033195293498
65,2854,0.011020204639410253,0.2803501158471553,0.0,119,6,0.0115033195293498
224,25,0.003934417995183314,0.21475054229934923,0.0,1,7,0.0093524747592991
441,57,0.00044518664453252455,0.18488964346349746,0.0,1,7,0.0093524747592991
462,62,0.00024277893611513585,0.18749077672290815,0.0,1,7,0.0093524747592991
942,128,0.0036563127266717958,0.20200869196523213,0.0,1,7,0.0093524747592991
990,657,0.0006483125846550919,0.18211137389808643,0.0,1,7,0.0093524747592991
997,2466,0.0006483125846550919,0.18211137389808643,0.0,1,7,0.0093524747592991
1086,157,0.00022617387329881673,0.17816159113749502,0.0,1,7,0.0093524747592991
1233,1295,8.35402767617697e-05,0.16944141901353665,0.0,1,7,0.0093524747592991
1451,224,0.004943679324816057,0.2035350973219769,0.0,1,7,0.0093524747592991
1497,4231,3.343856888838508e-05,0.16139481707317074,0.0,1,7,0.0093524747592991
1540,5019,0.0008469349165962947,0.19285551648240443,0.0,1,7,0.0093524747592991
1616,261,0.0010479882197479056,0.2036112075643046,0.0,1,7,0.0093524747592991
1646,5937,0.00042659383639917026,0.1806697793472851,0.0,1,7,0.0093524747592991
1650,3871,0.00042659383639917026,0.1806697793472851,0.0,1,7,0.0093524747592991
1694,1387,4.633821494809161e-06,0.14705995833011806,0.0,1,7,0.0093524747592991
1730,2445,0.0036563127266717958,0.20200869196523213,0.0,1,7,0.0093524747592991
1742,2714,0.0036563127266717958,0.20200869196523213,0.0,1,7,0.0093524747592991
1756,5853,0.0036563127266717958,0.20200869196523213,0.0,1,7,0.0093524747592991
1829,304,3.4360352236817533e-06,0.14266197552120372,0.0,1,7,0.0093524747592991
1901,3297,3.12419262618805e-05,0.16223291053034816,0.0,1,7,0.0093524747592991
1945,334,0.003934417995183314,0.21475054229934923,0.0,1,7,0.0093524747592991
2016,354,0.0001345337097132694,0.1692758643661315,0.0,1,7,0.0093524747592991
2056,2767,0.0005619877200670324,0.17872549939041546,0.0,1,7,0.0093524747592991
2058,3709,0.0005619877200670324,0.17872549939041546,0.0,1,7,0.0093524747592991
2120,6223,0.0009374429481248499,0.19913272903006712,0.0,1,7,0.0093524747592991
2189,5827,0.00014449239394390335,0.17672423785788802,0.0,1,7,0.0093524747592991
2192,581,0.00028831465913933645,0.17767160004661461,0.0,1,7,0.0093524747592991
2209,3464,0.00317773574225129,0.19647413593133845,0.0,1,7,0.0093524747592991
2393,457,0.0006615961471736839,0.18993870533712065,0.0,1,7,0.0093524747592991
2423,466,0.00038272734356106016,0.18638597520721778,0.0,1,7,0.0093524747592991
2550,493,1.1733828624026151e-05,0.15339262717321314,0.0,1,7,0.0093524747592991
2738,533,0.000112876440604877,0.16739498012692416,0.0,1,7,0.0093524747592991
2794,548,0.0006996972296388446,0.18399266249909488,0.0,1,7,0.0093524747592991
2815,947,0.00018416198329413734,0.1731280234380323,0.0,1,7,0.0093524747592991
2857,568,0.0009128035771798903,0.1952862815422057,0.0,1,7,0.0093524747592991
2879,578,0.00022800535410992995,0.18692070030895983,0.0,1,7,0.0093524747592991
2897,589,0.000974062075632469,0.19736433305716652,0.0,1,7,0.0093524747592991
3078,4407,5.2399381576842624e-05,0.164218009478673,0.0,1,7,0.0093524747592991
3144,5669,0.0007051010402484856,0.19712955779674166,0.0,1,7,0.0093524747592991
3162,800,0.0002865753653239946,0.18462097360135626,0.0,1,7,0.0093524747592991
3193,696,1.9116740556729483e-05,0.15542234999082513,0.0,1,7,0.0093524747592991
3199,699,0.00017756581252546434,0.1822768465603405,0.0,1,7,0.0093524747592991
3203,701,0.0003789504050008436,0.18290663915348992,0.0,1,7,0.0093524747592991
3311,3206,7.189169989448451e-06,0.15231073547923035,0.0,1,7,0.0093524747592991
3346,5730,0.0015605902959673504,0.1903513371788149,0.0,1,7,0.0093524747592991
3368,754,1.4458518941292434e-05,0.15720118782479583,0.0,1,7,0.0093524747592991
3535,6559,2.7989531857819327e-06,0.14466542680381067,0.0,1,7,0.0093524747592991
3541,825,1.5945069108591754e-05,0.1624403341288783,0.0,1,7,0.0093524747592991
3612,856,0.000344703783385288,0.178549679111819,0.0,1,7,0.0093524747592991
3749,906,0.00038272734356106016,0.18638597520721778,0.0,1,7,0.0093524747592991
3852,7430,0.0036114748823670535,0.19725708371069997,0.0,1,7,0.0093524747592991
3854,6555,0.0036114748823670535,0.19725708371069997,0.0,1,7,0.0093524747592991
3861,1760,0.0036114748823670535,0.19725708371069997,0.0,1,7,0.0093524747592991
3987,4618,0.0006996972296388446,0.18399266249909488,0.0,1,7,0.0093524747592991
4018,2611,0.0006907392287224927,0.19184115160056373,0.0,1,7,0.0093524747592991
4038,6737,0.0009990436624532381,0.19317317926106128,0.0,1,7,0.0093524747592991
4075,1038,0.0024415654434222765,0.198,0.0,1,7,0.0093524747592991
4077,5320,0.0005018015950066433,0.17684723349959403,0.0,1,7,0.0093524747592991
4088,1044,0.000546979497892645,0.1822594142259414,0.0,1,7,0.0093524747592991
4151,1073,2.713687365498763e-05,0.16125142784617338,0.0,1,7,0.0093524747592991
4203,1101,2.72826193294088e-05,0.16637566022087388,0.0,1,7,0.0093524747592991
4271,2565,0.000798163497831966,0.17741109663005028,0.0,1,7,0.0093524747592991
4273,4442,8.47346500133798e-05,0.17080439166479947,0.0,1,7,0.0093524747592991
4274,4508,8.47346500133798e-05,0.17080439166479947,0.0,1,7,0.0093524747592991
4350,4486,1.827852620618521e-05,0.1646791963707064,0.0,1,7,0.0093524747592991
4351,1172,2.7211640578846004e-05,0.1643490071793545,0.0,1,7,0.0093524747592991
4532,1273,0.0008967622496166726,0.18933015423589897,0.0,1,7,0.0093524747592991
4540,4610,0.0006454925111453079,0.1982729471740318,0.0,1,7,0.0093524747592991
4541,7206,0.0006454925111453079,0.1982729471740318,0.0,1,7,0.0093524747592991
4598,3872,9.246664158715219e-05,0.1709537799107443,0.0,1,7,0.0093524747592991
4639,3219,0.002661627996843469,0.20551047367427816,0.0,1,7,0.0093524747592991
4641,5954,0.002661627996843469,0.20551047367427816,0.0,1,7,0.0093524747592991
4669,1363,8.802178743006781e-05,0.18535268801517252,0.0,1,7,0.0093524747592991
4705,6988,0.0028905644521662055,0.19772267469004512,0.0,1,7,0.0093524747592991
4758,1411,0.00014811388678091043,0.17593703840472674,0.0,1,7,0.0093524747592991
4791,3307,0.00036862991839842023,0.18029374896525627,0.0,1,7,0.0093524747592991
4866,1482,0.00031232637691039675,0.1772337309060473,0.0,1,7,0.0093524747592991
4917,1514,2.2222240379717587e-05,0.15962392160147415,0.0,1,7,0.0093524747592991
4922,1517,8.802178743006781e-05,0.18535268801517252,0.0,1,7,0.0093524747592991
4948,1540,0.00010275222354989924,0.17247776998438807,0.0,1,7,0.0093524747592991
4949,1541,0.006635363290815972,0.2222060281000408,0.0,1,7,0.0093524747592991
4950,1802,0.0003909090475800254,0.18023833167825223,0.0,1,7,0.0093524747592991
4951,7130,0.0003909090475800254,0.18023833167825223,0.0,1,7,0.0093524747592991
4984,4233,0.00012015241279147803,0.1702322465386333,0.0,1,7,0.0093524747592991
5033,2223,5.658846210532419e-06,0.17560065421206605,0.0,1,7,0.0093524747592991
5075,1619,7.026492201837276e-05,0.17293164855606724,0.0,1,7,0.0093524747592991
5096,2338,2.4638146409730382e-05,0.16201568510764916,0.0,1,7,0.0093524747592991
5102,3868,0.0005120843114764197,0.18745389268676535,0.0,1,7,0.0093524747592991
5143,1669,1.0723449182728092e-06,0.13991006699091493,0.0,1,7,0.0093524747592991
5214,5395,0.00020257888523769494,0.19130194740012046,0.0,1,7,0.0093524747592991
5262,1736,4.767347925048932e-05,0.17778762506705226,0.0,1,7,0.0093524747592991
5307,1777,0.006635363290815972,0.2222060281000408,0.0,1,7,0.0093524747592991
5345,3660,5.485110526108686e-06,0.16185057007579778,0.0,1,7,0.0093524747592991
5346,5946,5.485110526108686e-06,0.16185057007579778,0.0,1,7,0.0093524747592991
5347,2284,5.485110526108686e-06,0.16185057007579778,0.0,1,7,0.0093524747592991
5376,1815,0.001365863465332301,0.19194259096059424,0.0,1,7,0.0093524747592991
5384,2590,1.7150737020276728e-05,0.15963060686015831,0.0,1,7,0.0093524747592991
5400,4582,0.0013109170812318114,0.19213126323218066,0.0,1,7,0.0093524747592991
5419,2131,7.514639088832623e-05,0.16805926056570913,0.0,1,7,0.0093524747592991
5420,1847,7.538666447075027e-05,0.16930218096211078,0.0,1,7,0.0093524747592991
5447,6430,5.200132477732316e-05,0.16528620988725065,0.0,1,7,0.0093524747592991
5475,1886,0.003762077844267367,0.21207400194741968,0.0,1,7,0.0093524747592991
5518,1914,0.00010144661438163051,0.16386148191139485,0.0,1,7,0.0093524747592991
5561,5093,0.00014811388678091043,0.17593703840472674,0.0,1,7,0.0093524747592991
5587,6601,3.5260345619658704e-07,0.1362393437349204,0.0,1,7,0.0093524747592991
5589,6615,3.5260345619658704e-07,0.1362393437349204,0.0,1,7,0.0093524747592991
5590,1969,2.270088972766973e-05,0.15665200772676832,0.0,1,7,0.0093524747592991
5599,1976,0.0030726186835288256,0.20364928403505023,0.0,1,7,0.0093524747592991
5639,2010,1.9996955579957644e-05,0.15736669350343718,0.0,1,7,0.0093524747592991
5664,5209,0.0025434966029596563,0.198531135244941,0.0,1,7,0.0093524747592991
5668,7250,0.000879111490589595,0.189513723150358,0.0,1,7,0.0093524747592991
5691,5950,2.4301588731261706e-05,0.16607481318489795,0.0,1,7,0.0093524747592991
5718,2231,9.751830800052254e-05,0.16914440401171563,0.0,1,7,0.0093524747592991
5803,2173,0.0005412851172783109,0.18923615420897152,0.0,1,7,0.0093524747592991
5840,3704,0.0003699568025444605,0.1774234842313511,0.0,1,7,0.0093524747592991
5877,3808,0.0006728969165916406,0.1838417942843362,0.0,1,7,0.0093524747592991
5931,2320,0.0007803218914055946,0.19160006032272658,0.0,1,7,0.0093524747592991
5949,2336,7.104807221522703e-05,0.1672737645922935,0.0,1,7,0.0093524747592991
5978,2365,3.4360352236817533e-06,0.14266197552120372,0.0,1,7,0.0093524747592991
5979,2367,0.004943679324816057,0.2035350973219769,0.0,1,7,0.0093524747592991
5985,2374,0.0017943852695072658,0.1962869502523432,0.0,1,7,0.0093524747592991
5991,2383,0.00012476563895741615,0.17193702634428004,0.0,1,7,0.0093524747592991
6049,7006,3.115074285686515e-05,0.15740243650629776,0.0,1,7,0.0093524747592991
6067,2461,0.00011028710324930297,0.1699097291875627,0.0,1,7,0.0093524747592991
6070,2469,0.00011591035179859826,0.17600609544919305,0.0,1,7,0.0093524747592991
6081,7169,1.2589278724199512e-05,0.1567937800814513,0.0,1,7,0.0093524747592991
6085,2486,0.0008967622496166726,0.18933015423589897,0.0,1,7,0.0093524747592991
6086,2489,1.561371363202665e-05,0.16607481318489795,0.0,1,7,0.0093524747592991
6090,2496,7.538666447075027e-05,0.16930218096211078,0.0,1,7,0.0093524747592991
6146,6557,2.0759732079479294e-06,0.14267265581134195,0.0,1,7,0.0093524747592991
6152,6780,0.00013210576243869078,0.17107271095152604,0.0,1,7,0.0093524747592991
6153,4045,0.00013210576243869078,0.17107271095152604,0.0,1,7,0.0093524747592991
6177,2573,7.190890492209218e-06,0.151289022962272,0.0,1,7,0.0093524747592991
6313,2760,0.003762077844267367,0.21207400194741968,0.0,1,7,0.0093524747592991
6334,5934,0.002659356509365319,0.1969309462915601,0.0,1,7,0.0093524747592991
6353,2837,0.00020776364630123816,0.17006893782210025,0.0,1,7,0.0093524747592991
6403,4841,0.0001539958255293441,0.17224004699715306,0.0,1,7,0.0093524747592991
6404,2875,0.0010479882197479056,0.2036112075643046,0.0,1,7,0.0093524747592991
6405,4665,0.0014515306807534717,0.18741241548862939,0.0,1,7,0.0093524747592991
6453,2963,2.1002811111492638e-05,0.15877942095396794,0.0,1,7,0.0093524747592991
6464,7529,0.0009128035771798903,0.1952862815422057,0.0,1,7,0.0093524747592991
6519,3063,0.0017250629960696238,0.1857365625456849,0.0,1,7,0.0093524747592991
6560,3113,0.003762077844267367,0.21207400194741968,0.0,1,7,0.0093524747592991
6588,3177,0.00020266535755844974,0.1842416918429003,0.0,1,7,0.0093524747592991
6623,6681,0.005092607280685845,0.2063504953711223,0.0,1,7,0.0093524747592991
6624,4281,0.005092607280685845,0.2063504953711223,0.0,1,7,0.0093524747592991
6638,3254,0.00018727077524529736,0.16941129408627242,0.0,1,7,0.0093524747592991
6667,5729,0.0005385443637647705,0.1819592304387263,0.0,1,7,0.0093524747592991
6670,3337,0.006635363290815972,0.2222060281000408,0.0,1,7,0.0093524747592991
6693,3372,6.379941326376935e-05,0.18019572617246596,0.0,1,7,0.0093524747592991
6706,6833,1.3290272919015375e-05,0.15788492605940102,0.0,1,7,0.0093524747592991
6750,3451,0.0026196861438238326,0.19680892262411898,0.0,1,7,0.0093524747592991
6755,3465,0.0005267545676971833,0.1868977860592836,0.0,1,7,0.0093524747592991
6810,3540,5.507731856549719e-05,0.17665461624026696,0.0,1,7,0.0093524747592991
6815,4191,0.003934417995183314,0.21475054229934923,0.0,1,7,0.0093524747592991
6818,5064,0.003934417995183314,0.21475054229934923,0.0,1,7,0.0093524747592991
6853,4772,0.004943679324816057,0.2035350973219769,0.0,1,7,0.0093524747592991
6854,6100,0.004943679324816057,0.2035350973219769,0.0,1,7,0.0093524747592991
6876,3648,0.0010393672204376404,0.1843441671503192,0.0,1,7,0.0093524747592991
6886,7263,0.00022921235936675,0.18241206030150753,0.0,1,7,0.0093524747592991
6892,4813,0.0016213270214843873,0.19724177188987788,0.0,1,7,0.0093524747592991
6916,3753,0.00010797067447561906,0.16912188845010429,0.0,1,7,0.0093524747592991
6935,3788,0.00012461131661716638,0.17797856692582475,0.0,1,7,0.0093524747592991
6951,3834,0.0007713901012686281,0.18674211802748586,0.0,1,7,0.0093524747592991
6954,3848,0.000974062075632469,0.19736433305716652,0.0,1,7,0.0093524747592991
6984,3919,8.802178743006781e-05,0.18535268801517252,0.0,1,7,0.0093524747592991
6994,5096,0.0004700027320033858,0.18352754237288135,0.0,1,7,0.0093524747592991
7007,6543,0.00036312219321891164,0.18397934063812327,0.0,1,7,0.0093524747592991
7026,5367,0.000263211859758724,0.17859150969918472,0.0,1,7,0.0093524747592991
7028,4017,0.0001114643038660052,0.16491789801613915,0.0,1,7,0.0093524747592991
7059,4113,0.00035600267992112863,0.1881989877792865,0.0,1,7,0.0093524747592991
7074,4161,0.0010479882197479056,0.2036112075643046,0.0,1,7,0.0093524747592991
7079,4171,0.00020347764096166797,0.17544303797468355,0.0,1,7,0.0093524747592991
7082,4192,0.0002773913120333177,0.17824490845745553,0.0,1,7,0.0093524747592991
7112,4288,3.5202060115523066e-05,0.16900190661996187,0.0,1,7,0.0093524747592991
7114,4290,8.802178743006781e-05,0.18535268801517252,0.0,1,7,0.0093524747592991
7122,5503,1.6224642971756677e-05,0.15789473684210525,0.0,1,7,0.0093524747592991
7131,5959,0.0008967622496166726,0.18933015423589897,0.0,1,7,0.0093524747592991
7164,5523,1.9111267746143704e-05,0.15875296763713606,0.0,1,7,0.0093524747592991
7165,4413,1.9116740556729483e-05,0.15542234999082513,0.0,1,7,0.0093524747592991
7175,4454,0.0006461816133050348,0.18999551368326603,0.0,1,7,0.0093524747592991
7181,7218,0.00014500933659556008,0.17784569442176235,0.0,1,7,0.0093524747592991
7218,4598,8.831197042884725e-05,0.16565257073319137,0.0,1,7,0.0093524747592991
7319,4830,0.0007713901012686281,0.18674211802748586,0.0,1,7,0.0093524747592991
7327,4854,0.006635363290815972,0.2222060281000408,0.0,1,7,0.0093524747592991
7339,5238,0.003762077844267367,0.21207400194741968,0.0,1,7,0.0093524747592991
7340,6849,0.003762077844267367,0.21207400194741968,0.0,1,7,0.0093524747592991
7348,6910,0.0005697161653042301,0.18429514300220004,0.0,1,7,0.0093524747592991
7351,7174,0.00010797067447561906,0.16912188845010429,0.0,1,7,0.0093524747592991
7384,5071,0.0030726186835288256,0.20364928403505023,0.0,1,7,0.0093524747592991
7391,6265,0.0005575637046821995,0.18051148472649775,0.0,1,7,0.0093524747592991
7409,6680,0.00037919560229425253,0.17691700705532862,0.0,1,7,0.0093524747592991
7413,5187,0.00022800535410992995,0.18692070030895983,0.0,1,7,0.0093524747592991
7424,5271,0.0030726186835288256,0.20364928403505023,0.0,1,7,0.0093524747592991
7448,7347,0.0010479882197479056,0.2036112075643046,0.0,1,7,0.0093524747592991
7476,7152,0.0006150870528881434,0.19392998880634985,0.0,1,7,0.0093524747592991
7498,5738,7.104807221522703e-05,0.1672737645922935,0.0,1,7,0.0093524747592991
7504,5774,0.0003789504050008436,0.18290663915348992,0.0,1,7,0.0093524747592991
7515,7269,8.802178743006781e-05,0.18535268801517252,0.0,1,7,0.0093524747592991
7516,5826,0.00012051885319256183,0.1694,0.0,1,7,0.0093524747592991
7519,7466,0.0030726186835288256,0.20364928403505023,0.0,1,7,0.0093524747592991
7528,7307,7.424923306947264e-06,0.15990853978309663,0.0,1,7,0.0093524747592991
7537,5976,6.19211769904052e-05,0.1635310522364046,0.0,1,7,0.0093524747592991
7538,7055,0.00020347764096166797,0.17544303797468355,0.0,1,7,0.0093524747592991
7539,5982,4.767347925048932e-05,0.17778762506705226,0.0,1,7,0.0093524747592991
7543,6007,3.9920931986585173e-05,0.1653148854961832,0.0,1,7,0.0093524747592991
7569,6356,0.0005094860663133696,0.1890390576565406,0.0,1,7,0.0093524747592991
7570,6667,0.0007713901012686281,0.18674211802748586,0.0,1,7,0.0093524747592991
7571,7247,0.0007713901012686281,0.18674211802748586,0.0,1,7,0.0093524747592991
7576,6525,0.0026196861438238326,0.19680892262411898,0.0,1,7,0.0093524747592991
7593,6610,0.006635363290815972,0.2222060281000408,0.0,1,7,0.0093524747592991
7594,7429,0.00028641921610298565,0.1903323262839879,0.0,1,7,0.0093524747592991
7595,7590,0.00028641921610298565,0.1903323262839879,0.0,1,7,0.0093524747592991
7605,7433,0.00035123382447648974,0.18294175526170534,0.0,1,7,0.0093524747592991
7611,7134,0.00015425403290836122,0.17233739515746163,0.0,1,7,0.0093524747592991
7613,7524,4.767347925048932e-05,0.17778762506705226,0.0,1,7,0.0093524747592991
7621,7277,0.001423084776277312,0.18846886048409028,0.0,1,7,0.0093524747592991
252,3525,0.00044351876172968823,0.18871614596227163,0.0,2,7,0.0093524747592991
659,5433,0.000647701416678186,0.18600849153286808,0.0,2,7,0.0093524747592991
986,499,0.0009376958011824911,0.1907514450867052,0.0,2,7,0.0093524747592991
1008,2133,0.000249748910701693,0.17109574897876734,0.0,2,7,0.0093524747592991
1209,7531,0.0005715949455522398,0.18278822175330903,0.0,2,7,0.0093524747592991
1268,191,0.00718143112567615,0.20750197348721997,0.0,2,7,0.0093524747592991
1298,202,0.0006994878174688886,0.19050832208726945,0.0,2,7,0.0093524747592991
1470,227,0.0001423219195661901,0.17529376595304344,0.0,2,7,0.0093524747592991
1534,6437,0.0008611032691120364,0.19318297009630006,0.0,2,7,0.0093524747592991
1548,552,0.004122944001556939,0.20743986067268966,0.0,2,7,0.0093524747592991
1669,279,0.0049844266703717305,0.20531674208144796,0.0,2,7,0.0093524747592991
1678,281,0.008023619916570414,0.20454545454545456,0.0,2,7,0.0093524747592991
1693,284,0.000178871454525242,0.1724114533858054,0.0,2,7,0.0093524747592991
1729,1866,0.0037314591175601204,0.20255081705858907,0.0,2,7,0.0093524747592991
1737,5750,0.005609232197753639,0.2026854559957458,0.0,2,7,0.0093524747592991
1817,4712,0.002710207852392943,0.20647345612134343,0.0,2,7,0.0093524747592991
1905,320,0.0017636582116274183,0.18578182881653343,0.0,2,7,0.0093524747592991
1906,629,0.0014898248351325727,0.19412753386981765,0.0,2,7,0.0093524747592991
2116,2055,0.0009380725020384129,0.19914313331069255,0.0,2,7,0.0093524747592991
2211,912,0.0050694746187294176,0.19724687556602064,0.0,2,7,0.0093524747592991
2216,6750,0.003735299446933488,0.19815955704593308,0.0,2,7,0.0093524747592991
2260,417,0.0053321184806284574,0.20162932790224034,0.0,2,7,0.0093524747592991
2373,6354,0.00031095436255754324,0.1760223520447041,0.0,2,7,0.0093524747592991
2429,4064,0.00035287712010908156,0.17981742268770787,0.0,2,7,0.0093524747592991
2534,7511,0.0006669509143721541,0.18875352845045312,0.0,2,7,0.0093524747592991
2551,4732,0.0004529408384592655,0.1811807767267196,0.0,2,7,0.0093524747592991
2622,1400,0.0004941116324610422,0.1855512012267848,0.0,2,7,0.0093524747592991
2745,536,0.0012996812331015353,0.190294315884071,0.0,2,7,0.0093524747592991
2830,6322,0.0003637933247699512,0.17727906976744187,0.0,2,7,0.0093524747592991
3110,2825,0.002731499648259898,0.1969411217609218,0.0,2,7,0.0093524747592991
3148,1171,0.0007055745614587452,0.19713975380159304,0.0,2,7,0.0093524747592991
3149,675,3.083356322130178e-05,0.19498158379373848,0.0,2,7,0.0093524747592991
3159,681,0.005378445872279864,0.2069330582550627,0.0,2,7,0.0093524747592991
3221,707,0.0022947791613738533,0.19314870651430308,0.0,2,7,0.0093524747592991
3363,2845,6.014659319078094e-05,0.1786375459892672,0.0,2,7,0.0093524747592991
3402,4325,0.009799383523046625,0.2068600580716941,0.0,2,7,0.0093524747592991
3495,801,0.0032947617907759124,0.19811320754716982,0.0,2,7,0.0093524747592991
3511,808,3.783595401174407e-05,0.16696234969446086,0.0,2,7,0.0093524747592991
3534,820,0.00010804318380624337,0.16912939297124602,0.0,2,7,0.0093524747592991
3542,6389,0.0006155001238511305,0.19393985651045642,0.0,2,7,0.0093524747592991
3589,844,0.0003825743935449961,0.1929140832595217,0.0,2,7,0.0093524747592991
3617,859,0.0010404097719989467,0.19320745152705615,0.0,2,7,0.0093524747592991
3754,909,0.003464472492667306,0.20806834620738598,0.0,2,7,0.0093524747592991
3817,934,0.002079308734184691,0.20029954280309,0.0,2,7,0.0093524747592991
3860,3537,0.004905889712501987,0.20081135902636918,0.0,2,7,0.0093524747592991
3864,4980,0.010246838173183026,0.22255634707462338,0.0,2,7,0.0093524747592991
3985,2503,0.0007188139701955748,0.18400598628946607,0.0,2,7,0.0093524747592991
3988,5070,0.0007188139701955748,0.18400598628946607,0.0,2,7,0.0093524747592991
4042,1768,0.00030168898542487385,0.1989767951763201,0.0,2,7,0.0093524747592991
4155,1076,0.0009634090832605558,0.19250972271326836,0.0,2,7,0.0093524747592991
4234,1111,0.0010064861929076135,0.18663239074550128,0.0,2,7,0.0093524747592991
4235,6014,0.0033020829901978014,0.2003363906336233,0.0,2,7,0.0093524747592991
4251,1120,0.000433220245092495,0.18933485668868907,0.0,2,7,0.0093524747592991
4408,1208,0.00015010523058642077,0.20480373982429273,0.0,2,7,0.0093524747592991
4439,6376,0.0003370733930462878,0.17585180742346998,0.0,2,7,0.0093524747592991
4681,4219,0.0003836659616161664,0.1833862586605081,0.0,2,7,0.0093524747592991
4753,7572,5.371074586885004e-05,0.17030831099195712,0.0,2,7,0.0093524747592991
4897,1502,8.429597866005755e-05,0.17065526427723926,0.0,2,7,0.0093524747592991
4899,5797,0.00021219777492165884,0.17650736315643234,0.0,2,7,0.0093524747592991
4972,5101,7.335346341190504e-05,0.17129182302316698,0.0,2,7,0.0093524747592991
5023,1590,0.0021010018369576364,0.1986294231069884,0.0,2,7,0.0093524747592991
5063,5077,0.0019426157391422513,0.200769048434249,0.0,2,7,0.0093524747592991
5064,6698,0.0002827641793482531,0.18407263419699127,0.0,2,7,0.0093524747592991
5066,1612,0.007532125540432639,0.22375179782206697,0.0,2,7,0.0093524747592991
5115,1655,9.154219096748813e-05,0.1703197265232254,0.0,2,7,0.0093524747592991
5116,4027,9.154219096748793e-05,0.1703197265232254,0.0,2,7,0.0093524747592991
5125,1662,0.0009128629731366667,0.19183149630077004,0.0,2,7,0.0093524747592991
5126,3256,0.005116255794519225,0.2063728409767719,0.0,2,7,0.0093524747592991
5144,3916,4.1393889578837576e-05,0.16266564240445555,0.0,2,7,0.0093524747592991
5255,1733,0.004705808096451942,0.21564966477128067,0.0,2,7,0.0093524747592991
5348,6333,0.0001302507494835248,0.17514474772539287,0.0,2,7,0.0093524747592991
5383,1825,0.0006620404520185646,0.18994817103558256,0.0,2,7,0.0093524747592991
5472,6863,0.00029743166711774664,0.1903370786516854,0.0,2,7,0.0093524747592991
5485,6665,0.0010067281554873755,0.19534132841328414,0.0,2,7,0.0093524747592991
5588,3156,6.699943710007926e-05,0.17781665500349894,0.0,2,7,0.0093524747592991
5591,2594,0.0008762834669298732,0.1857456140350877,0.0,2,7,0.0093524747592991
5640,5024,0.0007719081398949875,0.18675126779195964,0.0,2,7,0.0093524747592991
5726,2100,0.0085324507223383,0.2222578576010263,0.0,2,7,0.0093524747592991
5778,7253,0.0009499633117832099,0.1899339728416594,0.0,2,7,0.0093524747592991
5779,2849,0.0007640489662860197,0.18807826108410847,0.0,2,7,0.0093524747592991
5814,3205,0.0014613295044490309,0.18873950828195796,0.0,2,7,0.0093524747592991
5833,2929,0.0013941880943856859,0.20445767621499839,0.0,2,7,0.0093524747592991
5839,5813,0.000370549779963094,0.17744826462440932,0.0,2,7,0.0093524747592991
5890,2269,0.0006648027124038372,0.18995763767754797,0.0,2,7,0.0093524747592991
5891,4186,0.00012377753165289902,0.1666338776313201,0.0,2,7,0.0093524747592991
6145,2536,8.013522913580358e-05,0.1664119804400978,0.0,2,7,0.0093524747592991
6178,6917,0.00027757759834165036,0.1782532444756226,0.0,2,7,0.0093524747592991
6234,2638,0.0009658544705686116,0.18924555001117152,0.0,2,7,0.0093524747592991
6241,5869,0.0003931431531308616,0.17780006530764567,0.0,2,7,0.0093524747592991
6242,4306,0.0056303345313762085,0.203622085102973,0.0,2,7,0.0093524747592991
6335,2949,0.002845407294589065,0.19836065573770492,0.0,2,7,0.0093524747592991
6394,2865,0.0029979986231677687,0.20870636550308008,0.0,2,7,0.0093524747592991
6652,3289,0.0067233850782460365,0.22685474511204357,0.0,2,7,0.0093524747592991
6687,7611,0.0005597192644381496,0.1836955997879416,0.0,2,7,0.0093524747592991
6707,4694,2.2889689102258502e-05,0.161234374669515,0.0,2,7,0.0093524747592991
6716,5537,0.0031807463751256948,0.20467176802255335,0.0,2,7,0.0093524747592991
6765,3480,0.004129325621737969,0.2132367338946544,0.0,2,7,0.0093524747592991
6774,3494,0.0015179909517512896,0.2040636042402827,0.0,2,7,0.0093524747592991
6851,6975,0.001071424882278509,0.18527610344157106,0.0,2,7,0.0093524747592991
6860,5325,0.00030420835601111424,0.1782824266803873,0.0,2,7,0.0093524747592991
6894,3702,0.00016193453720809374,0.17041872526882923,0.0,2,7,0.0093524747592991
6941,3814,0.001729226263676714,0.1857682466187401,0.0,2,7,0.0093524747592991
6942,6904,0.00016070747077592048,0.17669146790904666,0.0,2,7,0.0093524747592991
7016,3989,0.0011357591104321297,0.1891891891891892,0.0,2,7,0.0093524747592991
7029,4018,0.0011679082456741918,0.20361664618836475,0.0,2,7,0.0093524747592991
7120,7436,0.0005824223436656813,0.18913755458515283,0.0,2,7,0.0093524747592991
7130,7181,0.0009634090832605558,0.19250972271326836,0.0,2,7,0.0093524747592991
7132,4351,0.0009634090832605558,0.19250972271326836,0.0,2,7,0.0093524747592991
7197,4540,0.0008916832812779333,0.18674211802748586,0.0,2,7,0.0093524747592991
7203,4686,0.0010596014829405093,0.19010449138382504,0.0,2,7,0.0093524747592991
7206,6452,0.0009453056229199779,0.20603816422509325,0.0,2,7,0.0093524747592991
7308,4812,8.73360937396292e-05,0.18031080729474655,0.0,2,7,0.0093524747592991
7347,4918,0.00018463605683196406,0.18162973552537526,0.0,2,7,0.0093524747592991
7427,5282,0.0024964530973382508,0.19170606578815008,0.0,2,7,0.0093524747592991
7436,6751,0.0010686567250891652,0.19040839265642562,0.0,2,7,0.0093524747592991
7511,6143,0.0015170580440792463,0.19472756533067667,0.0,2,7,0.0093524747592991
7521,5990,0.007389750259942889,0.22236807561039643,0.0,2,7,0.0093524747592991
7527,5902,0.000286611565236101,0.19034183125671053,0.0,2,7,0.0093524747592991
335,42,0.0012899054027475348,0.19244168433807937,0.0,3,7,0.0093524747592991
503,71,0.0002750342532238803,0.20277711276035432,0.0,3,7,0.0093524747592991
1042,145,0.003473346297450445,0.20609944034390462,0.0,3,7,0.0093524747592991
1231,185,0.0032247618585562058,0.2040035325287018,0.0,3,7,0.0093524747592991
1302,4538,0.0015288575706574501,0.18811539125928486,0.0,3,7,0.0093524747592991
1303,229,0.0015288575706574501,0.18811539125928486,0.0,3,7,0.0093524747592991
1493,233,0.0010803252757814272,0.1962869502523432,0.0,3,7,0.0093524747592991
1539,345,0.0022775450193778485,0.20755847196885124,0.0,3,7,0.0093524747592991
1555,5151,0.0012729267852368807,0.20089603373303466,0.0,3,7,0.0093524747592991
1556,5596,0.0013863018474021232,0.20226060654302316,0.0,3,7,0.0093524747592991
1643,6706,0.0006864969619681373,0.20438093195345594,0.0,3,7,0.0093524747592991
1721,4103,0.004406570861069024,0.20355140186915888,0.0,3,7,0.0093524747592991
1723,3085,0.0037066197743103485,0.20213189085991567,0.0,3,7,0.0093524747592991
1726,2089,0.00376433179707794,0.20357314532927415,0.0,3,7,0.0093524747592991
1816,301,0.0018752447483128647,0.19974844744909992,0.0,3,7,0.0093524747592991
1830,6017,0.00013263536779488396,0.16639745044966384,0.0,3,7,0.0093524747592991
1865,311,0.0007165059689241843,0.18713177533385703,0.0,3,7,0.0093524747592991
2186,4317,0.0006262920336404137,0.18749538824802617,0.0,3,7,0.0093524747592991
2236,2485,0.003335658725180353,0.19836065573770492,0.0,3,7,0.0093524747592991
2257,416,0.0005194343927050409,0.19120597973311929,0.0,3,7,0.0093524747592991
2258,7521,0.0004130513898926964,0.19264594389689157,0.0,3,7,0.0093524747592991
2268,1582,0.0008002242547823149,0.1900428799361787,0.0,3,7,0.0093524747592991
2426,4459,0.0008706342735727245,0.1781740837696335,0.0,3,7,0.0093524747592991
2430,2480,0.0004859623098006057,0.18594497024099912,0.0,3,7,0.0093524747592991
2458,5312,0.0060049218709366595,0.20745115114570292,0.0,3,7,0.0093524747592991
2529,2946,0.0015003669496032148,0.19965950759559978,0.0,3,7,0.0093524747592991
2531,1743,0.0010475181375400103,0.19224755371734087,0.0,3,7,0.0093524747592991
2537,7344,0.007850884129389992,0.22236807561039643,0.0,3,7,0.0093524747592991
3109,664,0.002784817715258317,0.19816470832900074,0.0,3,7,0.0093524747592991
3123,2257,0.0010562658137197043,0.17938581009530533,0.0,3,7,0.0093524747592991
3147,6351,0.008174508358617293,0.2230904302019315,0.0,3,7,0.0093524747592991
3163,6894,0.00045133209664265485,0.19998950599470053,0.0,3,7,0.0093524747592991
3308,732,0.00027751118472783706,0.17967332123411978,0.0,3,7,0.0093524747592991
3338,3286,0.00739126597634413,0.22249788389130498,0.0,3,7,0.0093524747592991
3344,7380,0.002832862885677923,0.20516201959306707,0.0,3,7,0.0093524747592991
3396,5403,0.01268994797521283,0.20908417674648236,0.0,3,7,0.0093524747592991
3565,1002,0.000520722259657403,0.17898567738905846,0.0,3,7,0.0093524747592991
3590,7363,8.589054120090831e-05,0.1779204107830552,0.0,3,7,0.0093524747592991
3776,923,0.001845824410359436,0.18775399620699,0.0,3,7,0.0093524747592991
3836,1653,0.003046378661877674,0.19876408010012517,0.0,3,7,0.0093524747592991
3858,1967,0.0076345781660587895,0.19903913940311757,0.0,3,7,0.0093524747592991
3991,1004,0.010895896140912794,0.2295462073534283,0.0,3,7,0.0093524747592991
4039,1018,0.0018084868139722203,0.1918846124801772,0.0,3,7,0.0093524747592991
4040,1379,0.001255426077931127,0.19473253972308793,0.0,3,7,0.0093524747592991
4076,1408,0.0005539213215605348,0.17752264735334528,0.0,3,7,0.0093524747592991
4352,2958,0.0010504042367209308,0.19666675266375996,0.0,3,7,0.0093524747592991
4677,3171,0.006876014430887347,0.2224654176151287,0.0,3,7,0.0093524747592991
4678,6950,0.00045769532453112386,0.18034493363931015,0.0,3,7,0.0093524747592991
4855,1476,0.0034372643166829587,0.19889891979335178,0.0,3,7,0.0093524747592991
4915,1511,0.005370241793152407,0.2074624428478119,0.0,3,7,0.0093524747592991
4935,1532,0.0030029456341155785,0.1991223258365332,0.0,3,7,0.0093524747592991
4986,7404,0.0004175840799092246,0.19058452922646132,0.0,3,7,0.0093524747592991
5101,3395,0.0005130215850405028,0.18748155435317265,0.0,3,7,0.0093524747592991
5228,4620,0.0012918304006487508,0.19223300970873786,0.0,3,7,0.0093524747592991
5418,4062,0.000137655866967383,0.18041749502982107,0.0,3,7,0.0093524747592991
5448,4837,0.0005135494592677276,0.18197226134491895,0.0,3,7,0.0093524747592991
5533,1924,0.003250490803557998,0.20191238014515017,0.0,3,7,0.0093524747592991
5646,5494,0.004679256981348017,0.1989404457435148,0.0,3,7,0.0093524747592991
5679,2044,0.0039477810663275,0.21789961125085752,0.0,3,7,0.0093524747592991
5753,2137,0.0006194164502983002,0.18915163395449244,0.0,3,7,0.0093524747592991
5815,4557,0.001966643351551368,0.19477234401349072,0.0,3,7,0.0093524747592991
5845,2219,0.0025665822676448433,0.19646907216494847,0.0,3,7,0.0093524747592991
5861,4468,0.005550584509174224,0.2056157954361547,0.0,3,7,0.0093524747592991
6041,2435,0.005091089191252953,0.21324269889224573,0.0,3,7,0.0093524747592991
6068,3974,0.00425722367503287,0.20468275917622103,0.0,3,7,0.0093524747592991
6112,2597,0.0003778846843678012,0.2105568445475638,0.0,3,7,0.0093524747592991
6151,2543,0.005099451911353173,0.2063728409767719,0.0,3,7,0.0093524747592991
6454,3416,0.0008107354538451308,0.1887441814400317,0.0,3,7,0.0093524747592991
6491,3783,0.00019359946515147265,0.17842012873025162,0.0,3,7,0.0093524747592991
6507,4179,0.006901157750736098,0.2051730634655757,0.0,3,7,0.0093524747592991
6510,3294,0.008544008974719207,0.22256284488044145,0.0,3,7,0.0093524747592991
6649,4120,0.0010838143811640977,0.19298245614035087,0.0,3,7,0.0093524747592991
6711,4487,0.0012931794239284945,0.19068464367011032,0.0,3,7,0.0093524747592991
6828,6579,0.00511487121394581,0.19748704663212435,0.0,3,7,0.0093524747592991
6861,4412,0.0007377194532425216,0.18870680265372808,0.0,3,7,0.0093524747592991
6932,5747,0.0003916979930986831,0.17374754980170487,0.0,3,7,0.0093524747592991
6973,5038,0.001228983355606173,0.19032757415360033,0.0,3,7,0.0093524747592991
6988,3923,0.0015193823756057562,0.20408545727136432,0.0,3,7,0.0093524747592991
6993,4118,0.0017534117411943859,0.19655012376237624,0.0,3,7,0.0093524747592991
7213,6585,0.006956240325310867,0.23123123123123124,0.0,3,7,0.0093524747592991
7346,6457,0.0002712236189187872,0.1826130701418168,0.0,3,7,0.0093524747592991
7565,7578,0.008019569483431568,0.22226433798874537,0.0,3,7,0.0093524747592991
324,40,0.005583314179948954,0.20670860675741634,0.0,4,7,0.0093524747592991
866,114,0.003029904370302297,0.20454545454545456,0.0,4,7,0.0093524747592991
1007,2603,0.0005581173802674062,0.18651822852948374,0.0,4,7,0.0093524747592991
1011,6664,0.0008990996955185752,0.2112453583107022,0.0,4,7,0.0093524747592991
1043,3133,0.005873786348687386,0.21568017202354006,0.0,4,7,0.0093524747592991
1207,181,0.0009501878593281514,0.1874492832025967,0.0,4,7,0.0093524747592991
1210,1557,0.0009376064113195657,0.18723289286240605,0.0,4,7,0.0093524747592991
1232,3732,0.000293304278467234,0.18778637237030102,0.0,4,7,0.0093524747592991
1300,2070,0.003340814901492564,0.19587840789372254,0.0,4,7,0.0093524747592991
1301,203,0.0034741338895108403,0.20041539594068777,0.0,4,7,0.0093524747592991
1322,4135,0.001298930879639643,0.1897212543554007,0.0,4,7,0.0093524747592991
1324,1814,0.0011979059451305814,0.1906703351675838,0.0,4,7,0.0093524747592991
1325,4056,0.008777573710987703,0.22736220472440946,0.0,4,7,0.0093524747592991
1471,6613,0.0023156783755227976,0.19348697903446876,0.0,4,7,0.0093524747592991
1496,234,0.001290771658124516,0.1924514011613229,0.0,4,7,0.0093524747592991
1724,5651,0.007258883436524563,0.2032258064516129,0.0,4,7,0.0093524747592991
1734,4202,0.007272348416208805,0.20657976748597598,0.0,4,7,0.0093524747592991
1750,4797,0.005005650778232782,0.20229281108192024,0.0,4,7,0.0093524747592991
1754,3283,0.0046477989695280575,0.2077281521650271,0.0,4,7,0.0093524747592991
1755,6521,0.0045091759888514545,0.20501304359519135,0.0,4,7,0.0093524747592991
2028,5416,0.0010302141499111794,0.20005773672055427,0.0,4,7,0.0093524747592991
2054,4573,0.0018168498735865425,0.19230575176589304,0.0,4,7,0.0093524747592991
2187,1861,0.002007317849981637,0.19801028624863629,0.0,4,7,0.0093524747592991
2207,1026,0.0036260666810608508,0.19786637595390127,0.0,4,7,0.0093524747592991
2214,4360,0.004113168806157952,0.19844844193372035,0.0,4,7,0.0093524747592991
2325,4239,0.010600812464441068,0.25056700522630904,0.0,4,7,0.0093524747592991
2422,7272,0.0023902368717905412,0.1954966275998256,0.0,4,7,0.0093524747592991
2436,5519,0.0008926682315139298,0.18612203042215006,0.0,4,7,0.0093524747592991
2533,852,0.0048808433646227,0.20319330419021217,0.0,4,7,0.0093524747592991
2565,2225,0.0002947200220038145,0.17240755399751215,0.0,4,7,0.0093524747592991
2568,3032,0.0014839433064422088,0.19416214564071216,0.0,4,7,0.0093524747592991
2619,5040,0.0004711954388013725,0.21655019601159026,0.0,4,7,0.0093524747592991
2829,559,0.008849715263098041,0.21531465371144504,0.0,4,7,0.0093524747592991
3037,639,0.0017567542422754772,0.21192660550458717,0.0,4,7,0.0093524747592991
3111,7293,0.0021114638559902076,0.20433162677245556,0.0,4,7,0.0093524747592991
3150,1641,0.0009510640602040883,0.1933348550559233,0.0,4,7,0.0093524747592991
3302,730,9.910221039949396e-05,0.17258320126782883,0.0,4,7,0.0093524747592991
3305,5161,9.910221039949481e-05,0.17258320126782883,0.0,4,7,0.0093524747592991
3341,741,0.011327602916400536,0.20514545601334805,0.0,4,7,0.0093524747592991
3342,742,0.003170320622457923,0.20594353640416047,0.0,4,7,0.0093524747592991
3362,751,0.0004814782001115666,0.19055118110236222,0.0,4,7,0.0093524747592991
3514,809,0.0005162045818589898,0.18039187846088314,0.0,4,7,0.0093524747592991
3564,838,0.0062989173861656466,0.208586439008373,0.0,4,7,0.0093524747592991
3602,1862,0.003060374656093233,0.19705821528280426,0.0,4,7,0.0093524747592991
3618,4132,0.0015967848979034432,0.19425120403638865,0.0,4,7,0.0093524747592991
3753,908,0.010085422114296045,0.20424950431380956,0.0,4,7,0.0093524747592991
3777,1800,0.0009549257445967803,0.19371807577952277,0.0,4,7,0.0093524747592991
3778,6156,0.0037976726432282586,0.20310668229777257,0.0,4,7,0.0093524747592991
3989,2421,0.004567333057049461,0.20092250922509225,0.0,4,7,0.0093524747592991
4008,2242,0.002396321471368091,0.20234650810925597,0.0,4,7,0.0093524747592991
4056,2429,0.0021303193287514842,0.19517128373188591,0.0,4,7,0.0093524747592991
4204,1821,0.0010531441075528074,0.19957587181903863,0.0,4,7,0.0093524747592991
4270,6318,0.0012389552173425803,0.19230090058273,0.0,4,7,0.0093524747592991
4417,1214,0.0036497082060139093,0.201023179768466,0.0,4,7,0.0093524747592991
4469,1240,5.207550351637912e-05,0.17271615008156607,0.0,4,7,0.0093524747592991
4530,1272,0.003431908029837687,0.22372553047867813,0.0,4,7,0.0093524747592991
4704,4144,0.007921411079534455,0.20410731498339937,0.0,4,7,0.0093524747592991
4752,6048,0.001958177564588445,0.19822139012403464,0.0,4,7,0.0093524747592991
4985,1883,0.00042509473727134043,0.19058929419706477,0.0,4,7,0.0093524747592991
5212,4494,0.0054004381795040995,0.2202924517396833,0.0,4,7,0.0093524747592991
5213,5362,0.004217166703451833,0.21931010673494636,0.0,4,7,0.0093524747592991
5236,1720,0.0015562762411902636,0.1920876905631851,0.0,4,7,0.0093524747592991
5310,4092,0.007007987660457738,0.21045802158968555,0.0,4,7,0.0093524747592991
5450,6821,0.0024650609859948234,0.19743078397347907,0.0,4,7,0.0093524747592991
5486,6930,0.005954403565957498,0.20821610991232142,0.0,4,7,0.0093524747592991
5586,1968,1.3610945771484502e-05,0.15772485568268813,0.0,4,7,0.0093524747592991
5669,7107,0.003973826522814453,0.20717488789237667,0.0,4,7,0.0093524747592991
5715,6473,0.009012654870631524,0.20382897938447553,0.0,4,7,0.0093524747592991
5755,5462,0.0015101536610718092,0.19402871105681124,0.0,4,7,0.0093524747592991
5809,2178,0.001771380892830469,0.22604080180287037,0.0,4,7,0.0093524747592991
5816,2403,0.008038291803776765,0.2052780395852969,0.0,4,7,0.0093524747592991
5836,3621,0.0016832184202616228,0.20137366266015058,0.0,4,7,0.0093524747592991
5846,5114,0.007385425249792068,0.20489732286850876,0.0,4,7,0.0093524747592991
5849,6753,0.0005469165839806702,0.19523126568662602,0.0,4,7,0.0093524747592991
6048,2448,0.0012024586382084232,0.1868016075279357,0.0,4,7,0.0093524747592991
6198,4271,0.00046570831529474664,0.19391025641025642,0.0,4,7,0.0093524747592991
6200,4416,0.0024627392015706163,0.21979701285969666,0.0,4,7,0.0093524747592991
6305,2746,0.0033301227675090715,0.21594900849858356,0.0,4,7,0.0093524747592991
6625,5332,0.008832926343394398,0.20965923155202287,0.0,4,7,0.0093524747592991
6710,3402,0.002015075368129076,0.19482710149001967,0.0,4,7,0.0093524747592991
6760,5279,0.007405765910061604,0.20897527276714734,0.0,4,7,0.0093524747592991
6813,3611,0.006832217069903618,0.2205154907576152,0.0,4,7,0.0093524747592991
6826,7203,0.00430266512909265,0.1974819305199347,0.0,4,7,0.0093524747592991
6838,6182,0.0013588446819114712,0.20336676982179064,0.0,4,7,0.0093524747592991
7043,4058,0.000777217058770202,0.1813057438458794,0.0,4,7,0.0093524747592991
7044,4073,0.0007772170587702015,0.1813057438458794,0.0,4,7,0.0093524747592991
7381,6301,0.00983077293024268,0.2294978323699422,0.0,4,7,0.0093524747592991
173,1337,0.015452343657144596,0.22241998074285882,0.0,5,7,0.0093524747592991
560,3218,0.017053023888527495,0.2243114406779661,0.0,5,7,0.0093524747592991
565,130,0.0048528097712992255,0.23904045155221074,0.0,5,7,0.0093524747592991
993,6037,0.002399284168212352,0.19241253975465697,0.0,5,7,0.0093524747592991
1005,138,0.009082510980869957,0.20576009501187648,0.0,5,7,0.0093524747592991
1098,399,0.005577591778520539,0.21465378875341423,0.0,5,7,0.0093524747592991
1208,3009,0.0018939313830580065,0.20623326028731434,0.0,5,7,0.0093524747592991
1327,319,0.001205978434623102,0.1936442615454961,0.0,5,7,0.0093524747592991
1533,451,0.004894348504137814,0.20705109052883178,0.0,5,7,0.0093524747592991
1537,1998,0.004607560738579602,0.2081763067343929,0.0,5,7,0.0093524747592991
1557,2685,0.005242700532971567,0.21196196196196196,0.0,5,7,0.0093524747592991
1585,650,0.0020226833531183977,0.19647919995876076,0.0,5,7,0.0093524747592991
1648,286,0.012968698699467044,0.22548584612654185,0.0,5,7,0.0093524747592991
1732,7517,0.004072156389580211,0.21206220268728962,0.0,5,7,0.0093524747592991
1733,7484,0.004652182349366656,0.20394349617422014,0.0,5,7,0.0093524747592991
1757,7391,0.01707350252728635,0.21856184414243937,0.0,5,7,0.0093524747592991
1814,2494,0.0021875241538800074,0.2134158291105574,0.0,5,7,0.0093524747592991
1867,7171,0.0011046129074259638,0.19867083659108678,0.0,5,7,0.0093524747592991
1902,6387,0.0006328652319440088,0.1929531475434733,0.0,5,7,0.0093524747592991
2017,2011,0.005193173791015786,0.2037635989414878,0.0,5,7,0.0093524747592991
2110,1779,0.00924567835667779,0.20991903948890236,0.0,5,7,0.0093524747592991
2437,1170,0.0021332573086744453,0.1885387811634349,0.0,5,7,0.0093524747592991
2438,3580,0.0018202422262010905,0.20432614988742362,0.0,5,7,0.0093524747592991
2530,3657,0.005092791162930016,0.21070234113712374,0.0,5,7,0.0093524747592991
2541,490,0.00213489988579101,0.19840712110564535,0.0,5,7,0.0093524747592991
2567,3975,0.00043104284510009036,0.1749518039107684,0.0,5,7,0.0093524747592991
2746,3262,0.009222050751416543,0.2237386633794136,0.0,5,7,0.0093524747592991
2854,567,0.0027322770414949463,0.20144284128745837,0.0,5,7,0.0093524747592991
2856,1565,0.008016449496782001,0.2246949242468903,0.0,5,7,0.0093524747592991
3098,1595,0.00021843872357760113,0.21299840733186173,0.0,5,7,0.0093524747592991
3125,1512,0.0036114470875980987,0.19730814028730426,0.0,5,7,0.0093524747592991
3165,2942,0.004618920452930845,0.21611430839452273,0.0,5,7,0.0093524747592991
3167,5146,0.003676794719885324,0.1961001209065418,0.0,5,7,0.0093524747592991
3194,5885,0.0007379307107523049,0.18401931200965602,0.0,5,7,0.0093524747592991
3200,7353,0.00685426816634278,0.22290125442264394,0.0,5,7,0.0093524747592991
3257,4584,0.005040312163743467,0.20111333896158717,0.0,5,7,0.0093524747592991
3304,4820,0.0002816440788661857,0.17449126742509213,0.0,5,7,0.0093524747592991
3504,3338,0.012203953377124923,0.20585455429234964,0.0,5,7,0.0093524747592991
3594,6764,0.008014224054008407,0.2120032260755903,0.0,5,7,0.0093524747592991
3853,3244,0.01368061629436098,0.22703040771956995,0.0,5,7,0.0093524747592991
3862,3560,0.011986017031630438,0.2003363906336233,0.0,5,7,0.0093524747592991
3986,6291,0.01041767079282017,0.22373209673632308,0.0,5,7,0.0093524747592991
4037,7091,0.004316913839029946,0.2052393516773464,0.0,5,7,0.0093524747592991
4041,1019,0.007508897746792162,0.22280353071841935,0.0,5,7,0.0093524747592991
4043,3681,0.008847891132841387,0.2231034886443456,0.0,5,7,0.0093524747592991
4078,4891,0.004335628455638289,0.20256158159062526,0.0,5,7,0.0093524747592991
4230,1108,0.0044818444702350866,0.2076432774024842,0.0,5,7,0.0093524747592991
4262,3185,0.0002246765656643054,0.20962463907603465,0.0,5,7,0.0093524747592991
4542,3568,0.012667798580048364,0.21724757046367807,0.0,5,7,0.0093524747592991
4574,2631,0.0015215489644605823,0.21095890410958903,0.0,5,7,0.0093524747592991
4597,1314,0.0035693309926343947,0.2061997890124158,0.0,5,7,0.0093524747592991
4674,6707,0.0015409991900729374,0.1980514419329696,0.0,5,7,0.0093524747592991
4706,4578,0.003811665658454773,0.20111333896158717,0.0,5,7,0.0093524747592991
4707,7305,0.010746396549979715,0.2422153024911032,0.0,5,7,0.0093524747592991
4898,2977,0.003041735146414057,0.20418385385975252,0.0,5,7,0.0093524747592991
4936,5387,0.0012870595714813068,0.1931438127090301,0.0,5,7,0.0093524747592991
4979,1562,0.014787092762812265,0.22768137152414802,0.0,5,7,0.0093524747592991
5065,1845,0.0004036079323284599,0.18538874972640385,0.0,5,7,0.0093524747592991
5163,5317,0.0031365739641919447,0.19746658377370221,0.0,5,7,0.0093524747592991
5449,1863,0.007438252198676408,0.19858802688480176,0.0,5,7,0.0093524747592991
5514,1911,0.011449728349054911,0.22606091159811392,0.0,5,7,0.0093524747592991
5645,4055,0.0030912466785798652,0.1996176809468943,0.0,5,7,0.0093524747592991
5663,4267,0.005534466313439112,0.2086378191969784,0.0,5,7,0.0093524747592991
5714,4404,0.005920123250527497,0.20865495155197897,0.0,5,7,0.0093524747592991
5719,2090,0.0048910406772051185,0.20504061541772015,0.0,5,7,0.0093524747592991
5961,5327,0.0025645080587196325,0.2056934700485699,0.0,5,7,0.0093524747592991
5984,3090,0.00475635719359242,0.20979771570111463,0.0,5,7,0.0093524747592991
6239,6553,0.010390494422548361,0.2246949242468903,0.0,5,7,0.0093524747592991
6254,4108,0.007661684105258531,0.2255325443786982,0.0,5,7,0.0093524747592991
6558,5257,0.013843094625380688,0.21605918031857604,0.0,5,7,0.0093524747592991
6779,3510,0.011258922942802969,0.21284972357178758,0.0,5,7,0.0093524747592991
6782,5431,0.002807724974373092,0.19862424763542563,0.0,5,7,0.0093524747592991
6827,6032,0.004917660317960797,0.19985318407047165,0.0,5,7,0.0093524747592991
7362,5399,0.007065285102124289,0.2042112030860725,0.0,5,7,0.0093524747592991
347,6507,0.0037246741010834206,0.1949765966698212,0.0,6,7,0.0093524747592991
442,7349,0.01718477561812546,0.22682099500119018,0.0,6,7,0.0093524747592991
463,4792,0.009371578400171485,0.23074827460951688,0.0,6,7,0.0093524747592991
851,7179,0.008456410684387168,0.20808538516132555,0.0,6,7,0.0093524747592991
1542,2042,0.0016827190011694782,0.2042221448281405,0.0,6,7,0.0093524747592991
1695,5788,0.006900033801074525,0.20831283817019183,0.0,6,7,0.0093524747592991
2188,1547,0.007690485723305357,0.22183098591549297,0.0,6,7,0.0093524747592991
2266,420,0.008991324856449845,0.2107605960905748,0.0,6,7,0.0093524747592991
2267,6595,0.004474288283217737,0.21359522541959708,0.0,6,7,0.0093524747592991
2298,851,0.005398558685986676,0.20418385385975252,0.0,6,7,0.0093524747592991
2420,465,0.00523211972082749,0.20673102999403373,0.0,6,7,0.0093524747592991
2431,5252,0.0035831847269739005,0.19788178490771746,0.0,6,7,0.0093524747592991
2566,2306,0.0014346929122470496,0.18920797239941423,0.0,6,7,0.0093524747592991
2581,2418,0.00032210728562510026,0.19219908224497,0.0,6,7,0.0093524747592991
3095,2763,0.004816113728179478,0.20763196600751757,0.0,6,7,0.0093524747592991
3096,2344,0.0043986030206349044,0.20663576482068796,0.0,6,7,0.0093524747592991
3122,668,0.00045647145478227137,0.18284960422163588,0.0,6,7,0.0093524747592991
3146,1321,0.004881924749415035,0.21105819812835705,0.0,6,7,0.0093524747592991
3303,6897,0.00026659586496228014,0.17700327396846774,0.0,6,7,0.0093524747592991
3336,3392,0.009445943505259366,0.2240279777823493,0.0,6,7,0.0093524747592991
3347,2847,0.010490104505671853,0.20533886434651438,0.0,6,7,0.0093524747592991
3395,1047,0.005446612728899225,0.2020997375328084,0.0,6,7,0.0093524747592991
3503,5904,0.013335939632854994,0.2247412954391344,0.0,6,7,0.0093524747592991
3513,6295,0.0006027093773529824,0.19914313331069255,0.0,6,7,0.0093524747592991
3591,4461,0.014681971862251926,0.23836772983114446,0.0,6,7,0.0093524747592991
3834,944,0.005986244133635322,0.20727628680969085,0.0,6,7,0.0093524747592991
3855,7072,0.020625148380132265,0.22317533741253623,0.0,6,7,0.0093524747592991
3857,5412,0.011835198907348635,0.20629465252219095,0.0,6,7,0.0093524747592991
4009,1007,0.011195909450434945,0.22806965055050263,0.0,6,7,0.0093524747592991
4219,5802,0.0010208226008853393,0.20369281744335185,0.0,6,7,0.0093524747592991
4231,1567,0.004638037279770847,0.20515097690941386,0.0,6,7,0.0093524747592991
4275,6558,0.0020059051560725157,0.19286039568891364,0.0,6,7,0.0093524747592991
4407,6554,0.009972889961180596,0.21772535130812293,0.0,6,7,0.0093524747592991
4441,4507,0.007187277084868649,0.22754544640458493,0.0,6,7,0.0093524747592991
4470,1522,0.00025636060062474234,0.19049404003298598,0.0,6,7,0.0093524747592991
4531,3518,0.001019134633784074,0.19256321519690808,0.0,6,7,0.0093524747592991
4533,1274,0.007776777086999496,0.20493588192596177,0.0,6,7,0.0093524747592991
4627,5363,0.023442740250763715,0.2315191641863573,0.0,6,7,0.0093524747592991
4970,4917,0.004120146199450745,0.20161866222328018,0.0,6,7,0.0093524747592991
5164,2522,0.002650430170682253,0.19640832732144697,0.0,6,7,0.0093524747592991
5592,1970,0.0022489352916455997,0.20727628680969085,0.0,6,7,0.0093524747592991
5593,7444,0.002373084088218098,0.20860927152317882,0.0,6,7,0.0093524747592991
5667,4721,0.0016557905742996815,0.19218454556914155,0.0,6,7,0.0093524747592991
5706,7017,0.002742546736551649,0.2008695652173913,0.0,6,7,0.0093524747592991
5817,6381,0.004980438794871486,0.198,0.0,6,7,0.0093524747592991
5848,2221,0.0015720228495404909,0.20466077804923888,0.0,6,7,0.0093524747592991
6333,4648,0.006497068132039053,0.22157307289850017,0.0,6,7,0.0093524747592991
6817,4240,0.00868953464194282,0.22224489795918367,0.0,6,7,0.0093524747592991
7000,4083,0.004522807662337184,0.2177315700779755,0.0,6,7,0.0093524747592991
7036,6689,0.004484279868169249,0.21354137486693933,0.0,6,7,0.0093524747592991
167,17,0.021381347920966576,0.22427844302568478,0.0,7,7,0.0093524747592991
336,3592,0.004987976088850974,0.20535545917405243,0.0,7,7,0.0093524747592991
340,4681,0.010566421105746206,0.21125121241513095,0.0,7,7,0.0093524747592991
342,44,0.012184118583818706,0.21212711487088157,0.0,7,7,0.0093524747592991
563,5033,0.010100090172177332,0.2263629884784416,0.0,7,7,0.0093524747592991
839,5644,0.007628804474596987,0.21572289668053315,0.0,7,7,0.0093524747592991
982,2373,0.009129446768436878,0.20971691105670032,0.0,7,7,0.0093524747592991
989,5392,0.012259358128899922,0.21566796808691224,0.0,7,7,0.0093524747592991
1000,6388,0.004065928463464086,0.20589903573454338,0.0,7,7,0.0093524747592991
1582,255,0.011243218306707674,0.22375179782206697,0.0,7,7,0.0093524747592991
1584,6409,0.0034089553558100676,0.1985363058651943,0.0,7,7,0.0093524747592991
1644,4079,0.0053312461948120254,0.20686567164179104,0.0,7,7,0.0093524747592991
2119,6841,0.009783396308760546,0.2198477245198131,0.0,7,7,0.0093524747592991
2237,2316,0.012726546178368011,0.21067322573513156,0.0,7,7,0.0093524747592991
2427,4574,0.007408243416248729,0.2104522113632599,0.0,7,7,0.0093524747592991
2433,5097,0.003915969463094376,0.19596904804750764,0.0,7,7,0.0093524747592991
2461,3161,0.022448059552031153,0.22779022859704168,0.0,7,7,0.0093524747592991
2465,2556,0.0062054359432802035,0.19666675266375996,0.0,7,7,0.0093524747592991
2532,7379,0.004752619860247407,0.21099977856510185,0.0,7,7,0.0093524747592991
2544,1127,0.0028740536949628218,0.1990287459857445,0.0,7,7,0.0093524747592991
2587,5688,0.007181798998043617,0.2117147142142976,0.0,7,7,0.0093524747592991
3068,5121,0.013973942456339282,0.2222902633190447,0.0,7,7,0.0093524747592991
3309,4312,0.002815433877260569,0.2017200317544324,0.0,7,7,0.0093524747592991
3394,6405,0.007228892178026107,0.20395986622073578,0.0,7,7,0.0093524747592991
3399,3743,0.006147727519719537,0.20785842831433712,0.0,7,7,0.0093524747592991
3492,2607,0.009052566666976767,0.2298299565846599,0.0,7,7,0.0093524747592991
4217,1103,0.010427249393729552,0.21089470480827754,0.0,7,7,0.0093524747592991
4218,7425,0.007707895528317903,0.21215663354763295,0.0,7,7,0.0093524747592991
4503,1971,0.0031678915432260903,0.21046383213694092,0.0,7,7,0.0093524747592991
4504,7541,0.0012452301071725674,0.19643363310742906,0.0,7,7,0.0093524747592991
4793,5559,0.009777965476802097,0.20760369291102698,0.0,7,7,0.0093524747592991
5062,3208,0.0045879778485512016,0.21602856576076176,0.0,7,7,0.0093524747592991
5344,1796,0.00021173230326970932,0.19309977961851205,0.0,7,7,0.0093524747592991
6332,6130,0.016447630255227264,0.2276133886715834,0.0,7,7,0.0093524747592991
6633,4114,0.0033114230561954276,0.22372553047867813,0.0,7,7,0.0093524747592991
6635,6607,0.005638596054882069,0.2124581939799331,0.0,7,7,0.0093524747592991
249,30,0.009933116117305811,0.21175,0.0,8,7,0.0093524747592991
343,7042,0.006562742122195686,0.2064007797904313,0.0,8,7,0.0093524747592991
505,6147,0.00481015668786255,0.21650714306001306,0.0,8,7,0.0093524747592991
562,1393,0.01677659013280116,0.2200508053807517,0.0,8,7,0.0093524747592991
840,398,0.006735381619368195,0.21268937808654892,0.0,8,7,0.0093524747592991
854,2262,0.01639683599089603,0.20894090560245587,0.0,8,7,0.0093524747592991
999,2290,0.004191856164871894,0.2032854209445585,0.0,8,7,0.0093524747592991
1495,6036,0.008909639942831286,0.22680749776852127,0.0,8,7,0.0093524747592991
1549,6953,0.006014667220767523,0.20972268075272368,0.0,8,7,0.0093524747592991
1586,4003,0.005113023287096567,0.19958632245902497,0.0,8,7,0.0093524747592991
1641,3409,0.008292373880799177,0.208586439008373,0.0,8,7,0.0093524747592991
1753,1234,0.01427921504481989,0.21725376196990423,0.0,8,7,0.0093524747592991
1762,1260,0.008709925991609135,0.20614960246633132,0.0,8,7,0.0093524747592991
2102,1543,0.015089590741905296,0.21986040609137056,0.0,8,7,0.0093524747592991
2118,7252,0.003080583234025757,0.2097399917457697,0.0,8,7,0.0093524747592991
2190,3613,0.010674176092142613,0.2165871121718377,0.0,8,7,0.0093524747592991
2213,5679,0.008525896129003894,0.20672542372881356,0.0,8,7,0.0093524747592991
2238,6846,0.013558076229943074,0.2238963785355538,0.0,8,7,0.0093524747592991
2434,1389,0.006110490531022638,0.20833561082262914,0.0,8,7,0.0093524747592991
2435,4910,0.0060458936325659025,0.20963616863295106,0.0,8,7,0.0093524747592991
2466,4467,0.013222634189639822,0.20993638291426842,0.0,8,7,0.0093524747592991
2542,685,0.0031792919577459883,0.2039980732177264,0.0,8,7,0.0093524747592991
2570,500,0.008741615577773925,0.2080797051999454,0.0,8,7,0.0093524747592991
2588,5082,0.007461807812189163,0.20663016372113197,0.0,8,7,0.0093524747592991
2620,3896,0.008892272728924136,0.2088893760447209,0.0,8,7,0.0093524747592991
2623,6728,0.002910021963684704,0.2038017324350337,0.0,8,7,0.0093524747592991
2723,4373,0.003966367651982613,0.20842105263157895,0.0,8,7,0.0093524747592991
3038,1367,0.004276675647905257,0.20364928403505023,0.0,8,7,0.0093524747592991
3145,3461,0.007823142805342359,0.22584659141409652,0.0,8,7,0.0093524747592991
3255,715,0.01678624069344065,0.20971691105670032,0.0,8,7,0.0093524747592991
3256,4277,0.00801994329151424,0.20491384640197843,0.0,8,7,0.0093524747592991
3512,4444,0.0008578069880296898,0.18993870533712065,0.0,8,7,0.0093524747592991
4007,1006,0.019933922663440354,0.22388322711386532,0.0,8,7,0.0093524747592991
4079,3125,0.004639073766059509,0.21042897366532326,0.0,8,7,0.0093524747592991
4253,6031,0.008343232379284164,0.20762065584486328,0.0,8,7,0.0093524747592991
4673,5953,0.013604799663058826,0.2341575794808785,0.0,8,7,0.0093524747592991
4913,4556,0.006753597789103243,0.2188441994660236,0.0,8,7,0.0093524747592991
5076,5147,0.0027123161342334588,0.20908417674648236,0.0,8,7,0.0093524747592991
5754,3154,0.00273330019271375,0.20915301670919417,0.0,8,7,0.0093524747592991
6893,5713,0.004629066848640514,0.20772249168892037,0.0,8,7,0.0093524747592991
1333,3869,0.022691900094282662,0.22486725663716814,0.0,9,7,0.0093524747592991
1532,1920,0.00810681036623795,0.21415327564894932,0.0,9,7,0.0093524747592991
1670,659,0.0015728998140630552,0.21399696816574026,0.0,9,7,0.0093524747592991
1731,5978,0.007854497986801766,0.2127665513006587,0.0,9,7,0.0093524747592991
1739,2666,0.007622406478896556,0.2097861683683298,0.0,9,7,0.0093524747592991
1741,1174,0.012555833234070161,0.23345481272777385,0.0,9,7,0.0093524747592991
2191,400,0.011129315727628071,0.21605305671286454,0.0,9,7,0.0093524747592991
2296,553,0.007108888820377639,0.20937130929165865,0.0,9,7,0.0093524747592991
2538,503,0.011839566605447183,0.20467726345183115,0.0,9,7,0.0093524747592991
2543,3878,0.004801706024515843,0.20525040387722132,0.0,9,7,0.0093524747592991
2564,498,0.0071797077671168965,0.2064958283671037,0.0,9,7,0.0093524747592991
2739,7375,0.004357175418872563,0.2010443864229765,0.0,9,7,0.0093524747592991
3039,4757,0.002549728715670452,0.2199174912731154,0.0,9,7,0.0093524747592991
3401,2213,0.014280807203463232,0.21568627450980393,0.0,9,7,0.0093524747592991
3516,4303,0.0024220751197436847,0.20280408641055656,0.0,9,7,0.0093524747592991
3837,7606,0.009234296824936275,0.2116089273817455,0.0,9,7,0.0093524747592991
5103,2047,0.003442103821750984,0.20527251184834122,0.0,9,7,0.0093524747592991
86,2412,0.01327599728027705,0.22541250221775386,0.0,10,7,0.0093524747592991
558,81,0.01319473660431663,0.21315325895478568,0.0,10,7,0.0093524747592991
652,102,0.017147607646543234,0.22314267314560038,0.0,10,7,0.0093524747592991
992,468,0.009196539869750848,0.20565462540804488,0.0,10,7,0.0093524747592991
1044,5759,0.00959481365044567,0.21136836267849715,0.0,10,7,0.0093524747592991
1087,5062,0.008730601672482423,0.21677804635290773,0.0,10,7,0.0093524747592991
1132,4901,0.012005994396443946,0.22654462242562928,0.0,10,7,0.0093524747592991
1472,2094,0.0031781303074715295,0.20838686749952162,0.0,10,7,0.0093524747592991
1720,3333,0.023243400320492602,0.2171671129850151,0.0,10,7,0.0093524747592991
1766,6649,0.014729601130577197,0.22083490251745416,0.0,10,7,0.0093524747592991
1904,847,0.01983563934161305,0.23041349292709468,0.0,10,7,0.0093524747592991
2051,364,0.018078433077541325,0.22685474511204357,0.0,10,7,0.0093524747592991
2053,4377,0.02437218952736496,0.2262622065239975,0.0,10,7,0.0093524747592991
2115,3968,0.014016982515235135,0.2254525020702709,0.0,10,7,0.0093524747592991
2212,7202,0.015126059750115902,0.23830811554332876,0.0,10,7,0.0093524747592991
2569,3145,0.0023311274273057057,0.1930851063829787,0.0,10,7,0.0093524747592991
2618,517,0.012197328488159595,0.22780384305053342,0.0,10,7,0.0093524747592991
2813,6467,0.002126055156461361,0.21455108359133127,0.0,10,7,0.0093524747592991
2880,6644,0.008801299181436066,0.2298854041013269,0.0,10,7,0.0093524747592991
2990,1946,0.005717386048117222,0.2134935304990758,0.0,10,7,0.0093524747592991
3164,1846,0.00290074709515124,0.2020033388981636,0.0,10,7,0.0093524747592991
3397,6205,0.014959128225057345,0.2111809845693548,0.0,10,7,0.0093524747592991
3400,5915,0.01295491684289313,0.21351146962440132,0.0,10,7,0.0093524747592991
3491,5582,0.015481189162284078,0.22757941246716026,0.0,10,7,0.0093524747592991
3863,7187,0.029202196551002785,0.2305877370761366,0.0,10,7,0.0093524747592991
4272,1130,0.0032708661983545757,0.20598249027237353,0.0,10,7,0.0093524747592991
4642,6141,0.020333402097459843,0.2298507462686567,0.0,10,7,0.0093524747592991
5154,4851,0.011583424217185114,0.20980348984422303,0.0,10,7,0.0093524747592991
5594,3367,0.003463173251180147,0.2098092643051771,0.0,10,7,0.0093524747592991
5696,3044,0.007503451549807411,0.2193290367130855,0.0,10,7,0.0093524747592991
254,683,0.011062176754979872,0.22641677557324463,0.0,11,7,0.0093524747592991
338,2647,0.010187853993496889,0.21623691600714834,0.0,11,7,0.0093524747592991
653,2648,0.02650577189741298,0.22374523040798355,0.0,11,7,0.0093524747592991
1326,410,0.01660372383263987,0.208495158908156,0.0,11,7,0.0093524747592991
1743,2724,0.02255448167991745,0.2112570668440306,0.0,11,7,0.0093524747592991
1764,1012,0.012577469500165132,0.2153329002005593,0.0,11,7,0.0093524747592991
2193,4198,0.004707094476161212,0.20979771570111463,0.0,11,7,0.0093524747592991
2210,7127,0.03129476082299008,0.23037867569282844,0.0,11,7,0.0093524747592991
2460,3669,0.029668261354207196,0.2235483870967742,0.0,11,7,0.0093524747592991
2462,805,0.026095654829500867,0.22312961011591148,0.0,11,7,0.0093524747592991
2572,2870,0.005944436429867843,0.20807402554864068,0.0,11,7,0.0093524747592991
3494,6077,0.011476735372416213,0.23094401357246727,0.0,11,7,0.0093524747592991
4156,6496,0.002572653281257562,0.21612043547289636,0.0,11,7,0.0093524747592991
4403,6023,0.0041366841336580185,0.23458271787296897,0.0,11,7,0.0093524747592991
4418,3471,0.019680776435484944,0.20840965634141673,0.0,11,7,0.0093524747592991
4680,1713,0.009918891276142427,0.21136836267849715,0.0,11,7,0.0093524747592991
169,4242,0.029185680096318802,0.20359489343517975,0.0,12,7,0.0093524747592991
253,924,0.016346160770984323,0.22919422730006014,0.0,12,7,0.0093524747592991
600,4479,0.005597546428070967,0.21631054737379757,0.0,12,7,0.0093524747592991
983,6857,0.024069216533406303,0.22064953108718305,0.0,12,7,0.0093524747592991
1494,4528,0.003671996847039396,0.21271311772748835,0.0,12,7,0.0093524747592991
1536,3405,0.01666486920899082,0.21612656289869864,0.0,12,7,0.0093524747592991
1735,7532,0.013306008266297659,0.21735287408759124,0.0,12,7,0.0093524747592991
1736,367,0.02169344698027721,0.21761347416500143,0.0,12,7,0.0093524747592991
1749,1524,0.007585264378869036,0.21446054297369532,0.0,12,7,0.0093524747592991
1763,1009,0.026663420392356002,0.2373731083016753,0.0,12,7,0.0093524747592991
2457,6193,0.026814098900795735,0.226067615658363,0.0,12,7,0.0093524747592991
2535,2858,0.01990415471396587,0.22302516091281452,0.0,12,7,0.0093524747592991
2536,3756,0.018068360261867825,0.23062261753494281,0.0,12,7,0.0093524747592991
2621,7558,0.005368563317934445,0.2377877596855699,0.0,12,7,0.0093524747592991
3077,5674,0.013742160168169574,0.23182191405893623,0.0,12,7,0.0093524747592991
3099,6398,0.013832834736842835,0.21929748856477085,0.0,12,7,0.0093524747592991
3515,4935,0.004167806552574188,0.20354053188080742,0.0,12,7,0.0093524747592991
3835,7012,0.014444347362522227,0.240625,0.0,12,7,0.0093524747592991
3940,6618,0.008858684657316866,0.2004417448923247,0.0,12,7,0.0093524747592991
4458,5388,0.017472363623089685,0.22125152377082488,0.0,12,7,0.0093524747592991
4640,3882,0.024744566652655987,0.2218503535985565,0.0,12,7,0.0093524747592991
4971,6343,0.0201239977670488,0.2253658536585366,0.0,12,7,0.0093524747592991
66,6931,0.025488903240495988,0.23317631224764468,0.0,13,7,0.0093524747592991
504,1611,0.005721886295851028,0.2230904302019315,0.0,13,7,0.0093524747592991
666,7507,0.01736193101242677,0.22857571214392802,0.0,13,7,0.0093524747592991
1745,4520,0.01732906961572185,0.22854830005396654,0.0,13,7,0.0093524747592991
1805,2024,0.014757808259698017,0.2388232714057458,0.0,13,7,0.0093524747592991
1818,1226,0.0070913421594989146,0.20392167353271629,0.0,13,7,0.0093524747592991
2103,7575,0.03894839317175445,0.235933147632312,0.0,13,7,0.0093524747592991
2123,6326,0.02213737403877531,0.22638315564398775,0.0,13,7,0.0093524747592991
2124,5694,0.015288472346240438,0.20805131004366811,0.0,13,7,0.0093524747592991
2174,5063,0.012588451779165611,0.23158950054684652,0.0,13,7,0.0093524747592991
2215,5717,0.008953307472079739,0.21186770428015564,0.0,13,7,0.0093524747592991
2217,739,0.027905886639366738,0.23693044072853858,0.0,13,7,0.0093524747592991
2372,1372,0.008795331110627764,0.21908320160942665,0.0,13,7,0.0093524747592991
3337,7282,0.024943439273354094,0.23455384615384614,0.0,13,7,0.0093524747592991
4036,6552,0.020137210784458213,0.2267265480935102,0.0,13,7,0.0093524747592991
5409,3566,0.018674239272745682,0.20674224343675418,0.0,13,7,0.0093524747592991
1538,4759,0.015145847639884674,0.21709289741983254,0.0,14,7,0.0093524747592991
1543,799,0.011925464917041648,0.2156557655312889,0.0,14,7,0.0093524747592991
1552,6697,0.028588005525606603,0.23541583027083784,0.0,14,7,0.0093524747592991
1727,3387,0.02119131158125093,0.2103650964483815,0.0,14,7,0.0093524747592991
1746,5548,0.04566558865460539,0.23049709724238027,0.0,14,7,0.0093524747592991
1760,3708,0.008969519758279155,0.210620838283646,0.0,14,7,0.0093524747592991
2052,3659,0.02658797060220754,0.22770177429954,0.0,14,7,0.0093524747592991
2121,2791,0.017399059206438416,0.2298854041013269,0.0,14,7,0.0093524747592991
2421,7414,0.011033736343780473,0.2094576029015772,0.0,14,7,0.0093524747592991
2816,7621,0.013562886569671053,0.20611615833874108,0.0,14,7,0.0093524747592991
3310,7409,0.007889664708093104,0.2165871121718377,0.0,14,7,0.0093524747592991
3939,983,0.03145805940277843,0.21764453961456104,0.0,14,7,0.0093524747592991
4025,1074,0.024609395297377143,0.21970199152664496,0.0,14,7,0.0093524747592991
4725,1613,0.028058736291948858,0.21958174904942965,0.0,14,7,0.0093524747592991
559,4353,0.023937105325922803,0.22557258684973663,0.0,15,7,0.0093524747592991
850,2488,0.01477376647029561,0.2290771403672206,0.0,15,7,0.0093524747592991
996,2846,0.017473730481186677,0.21782489427363128,0.0,15,7,0.0093524747592991
1299,5568,0.023660312240220048,0.23529956477451616,0.0,15,7,0.0093524747592991
1541,1632,0.025600592567435305,0.23412881230996038,0.0,15,7,0.0093524747592991
1649,1434,0.014229587773138862,0.21994287198130355,0.0,15,7,0.0093524747592991
2111,7547,0.035026369316622626,0.2261883567740787,0.0,15,7,0.0093524747592991
2140,1706,0.007819804862824022,0.23654812884006704,0.0,15,7,0.0093524747592991
2269,2207,0.012056198838721246,0.21540591709288198,0.0,15,7,0.0093524747592991
2297,1264,0.0301921517076512,0.22846610321884553,0.0,15,7,0.0093524747592991
2456,6168,0.02110095613873638,0.21869351923573457,0.0,15,7,0.0093524747592991
3493,5176,0.014637436726452858,0.21493825071899847,0.0,15,7,0.0093524747592991
3859,3408,0.03012142609937779,0.23700410396716826,0.0,15,7,0.0093524747592991
4027,6219,0.014176235360147782,0.23139266634288488,0.0,15,7,0.0093524747592991
4792,2254,0.025974684253833206,0.22524598883077743,0.0,15,7,0.0093524747592991
5227,4013,0.01016031546663507,0.21741486509611546,0.0,15,7,0.0093524747592991
1320,209,0.026020725009386746,0.23160357294768183,0.0,16,7,0.0093524747592991
1728,2876,0.05603094647586827,0.23062959489305054,0.0,16,7,0.0093524747592991
1738,1129,0.030810134996802182,0.21566796808691224,0.0,16,7,0.0093524747592991
2039,360,0.04333734732632578,0.2358090760045782,0.0,16,7,0.0093524747592991
2112,5269,0.03288261917035599,0.23392046151957777,0.0,16,7,0.0093524747592991
3143,674,0.027217804742324932,0.24552306106673538,0.0,16,7,0.0093524747592991
3345,2434,0.03888931639733782,0.22846610321884553,0.0,16,7,0.0093524747592991
3364,6654,0.009100007790242016,0.21763211237045707,0.0,16,7,0.0093524747592991
567,3498,0.03248379290290377,0.22860998650472333,0.0,17,7,0.0093524747592991
861,2031,0.03393483136710376,0.23382001104226735,0.0,17,7,0.0093524747592991
988,271,0.0164670693710792,0.2205027335049608,0.0,17,7,0.0093524747592991
1645,2928,0.028449059390615736,0.23184306569343066,0.0,17,7,0.0093524747592991
1709,6960,0.0018402574603631305,0.21622464898595944,0.0,17,7,0.0093524747592991
2057,5369,0.010707660515547491,0.21690140845070421,0.0,17,7,0.0093524747592991
2114,3264,0.020301842233081763,0.23017694305211667,0.0,17,7,0.0093524747592991
2304,3594,0.01615863855905546,0.21600408036043184,0.0,17,7,0.0093524747592991
2814,1039,0.019370185338919384,0.21483527322943383,0.0,17,7,0.0093524747592991
1768,6142,0.01901276562655036,0.2203179190751445,0.0,18,7,0.0093524747592991
2428,469,0.007575615917013157,0.21064993920636677,0.0,18,7,0.0093524747592991
2432,5222,0.01073152083344041,0.2087177942666265,0.0,18,7,0.0093524747592991
2439,3198,0.011170563413681805,0.2279673435210383,0.0,18,7,0.0093524747592991
2459,5479,0.023920089689325474,0.21763211237045707,0.0,18,7,0.0093524747592991
2467,1001,0.02700921072013216,0.22547250732053595,0.0,18,7,0.0093524747592991
3398,4979,0.025199736450075044,0.217594839151657,0.0,18,7,0.0093524747592991
4265,7490,0.025594644399054612,0.23100700021212764,0.0,18,7,0.0093524747592991
657,3334,0.020788503351042396,0.22242647058823528,0.0,19,7,0.0093524747592991
994,2361,0.020894299952834514,0.23339763020115734,0.0,19,7,0.0093524747592991
1751,5822,0.03680819655010687,0.24762863825363826,0.0,19,7,0.0093524747592991
1767,6140,0.04301602503029097,0.22981609888453422,0.0,19,7,0.0093524747592991
5165,6236,0.025078430359570636,0.240860690701128,0.0,19,7,0.0093524747592991
6255,5536,0.023743149349406373,0.24057943571293317,0.0,19,7,0.0093524747592991
88,4919,0.02199177488141559,0.22592691384369165,0.0,20,7,0.0093524747592991
4252,3022,0.008379624868514374,0.2301421972647405,0.0,20,7,0.0093524747592991
858,2151,0.024380247025792803,0.2308111545099464,0.0,21,7,0.0093524747592991
868,5817,0.0033977539197754493,0.22751828085360393,0.0,21,7,0.0093524747592991
991,4563,0.022045662434358064,0.2463402811439651,0.0,21,7,0.0093524747592991
1546,7460,0.03030654628078403,0.23366233447768514,0.0,21,7,0.0093524747592991
1761,4843,0.0527240820563655,0.2375284329916181,0.0,21,7,0.0093524747592991
2855,2390,0.021096420753628813,0.23805508712759976,0.0,21,7,0.0093524747592991
4010,1293,0.03924704258717136,0.23863636363636365,0.0,21,7,0.0093524747592991
865,7548,0.058272791915337935,0.23412881230996038,0.0,22,7,0.0093524747592991
1211,5831,0.033275337645828275,0.22670631970260224,0.0,22,7,0.0093524747592991
1722,6666,0.02111411034998672,0.22287518638715903,0.0,22,7,0.0093524747592991
4440,6642,0.011056149194721816,0.23506737796416788,0.0,22,7,0.0093524747592991
4928,2673,0.012289555536653871,0.21966400599371813,0.0,22,7,0.0093524747592991
255,3499,0.06037017724425569,0.24029126213592233,0.0,23,7,0.0093524747592991
2464,4967,0.0193021851688258,0.21709289741983254,0.0,23,7,0.0093524747592991
2528,488,0.02010656488502949,0.23189948892674617,0.0,23,7,0.0093524747592991
4024,1645,0.019767111386562678,0.2306924101198402,0.0,23,7,0.0093524747592991
660,6639,0.03380296513598064,0.22809694793536806,0.0,25,7,0.0093524747592991
844,3614,0.017424069719205966,0.22977453580901858,0.0,25,7,0.0093524747592991
849,1838,0.05574549175163817,0.24057184334269574,0.0,25,7,0.0093524747592991
985,5111,0.021522674310761672,0.22026699029126215,0.0,25,7,0.0093524747592991
995,4883,0.05911376764078229,0.22856200527704484,0.0,25,7,0.0093524747592991
1759,3047,0.05353896125529921,0.23777292576419215,0.0,25,7,0.0093524747592991
2117,3081,0.03783534964016934,0.24335195530726256,0.0,25,7,0.0093524747592991
2208,5124,0.07783646157449511,0.23687890370094156,0.0,25,7,0.0093524747592991
2463,7398,0.05493289806924827,0.23223153084539222,0.0,25,7,0.0093524747592991
3343,2201,0.013363759308010254,0.2210462216551644,0.0,25,7,0.0093524747592991
860,5866,0.029120304826971775,0.23351202328074744,0.0,26,7,0.0093524747592991
1707,2980,0.03523538913376506,0.24267023206952534,0.0,26,7,0.0093524747592991
1758,4069,0.025538460056308814,0.23446727362204725,0.0,26,7,0.0093524747592991
251,2644,0.04996607307481268,0.2426779574684834,0.0,27,7,0.0093524747592991
348,6234,0.04094731223428446,0.23427271889117673,0.0,27,7,0.0093524747592991
1531,1280,0.0249168390459252,0.2472992700729927,0.0,27,7,0.0093524747592991
1545,1017,0.038564367064508394,0.23941582914572865,0.0,27,7,0.0093524747592991
2122,1831,0.05060308113823199,0.23781743308167466,0.0,27,7,0.0093524747592991
846,6695,0.05086345118842655,0.23784711388455537,0.0,28,7,0.0093524747592991
859,380,0.03618650046259996,0.24863824651815128,0.0,28,7,0.0093524747592991
1719,6146,0.04012090813463443,0.2260005929439668,0.0,28,7,0.0093524747592991
2104,5530,0.09210298360117801,0.23898799260118506,0.0,28,7,0.0093524747592991
3851,6403,0.05753956416576991,0.2400793650793651,0.0,28,7,0.0093524747592991
256,5564,0.03760004576383151,0.2458873621056706,0.0,29,7,0.0093524747592991
325,4908,0.03414837883709653,0.22241998074285882,0.0,29,7,0.0093524747592991
981,136,0.025025697501333547,0.2226538540175833,0.0,29,7,0.0093524747592991
2109,3644,0.07538519702461073,0.23762468827930175,0.0,29,7,0.0093524747592991
3097,6361,0.029776647541312234,0.22961534985993554,0.0,29,7,0.0093524747592991
842,6296,0.04646101959180414,0.2476527728143985,0.0,30,7,0.0093524747592991
1725,2326,0.07323000866953289,0.23773584905660378,0.0,30,7,0.0093524747592991
1866,6912,0.014627971796358483,0.2238437821171634,0.0,30,7,0.0093524747592991
1547,743,0.06024078753796395,0.2350963762528913,0.0,31,7,0.0093524747592991
1706,6797,0.03023904909795531,0.23119616644425572,0.0,31,7,0.0093524747592991
250,7075,0.08903585004749673,0.24444444444444444,0.0,32,7,0.0093524747592991
327,1678,0.032195169475902445,0.22940114354498947,0.0,32,7,0.0093524747592991
838,2571,0.07302354758305475,0.23399944746293397,0.0,32,7,0.0093524747592991
867,2848,0.0442015472858725,0.23572157456940537,0.0,32,7,0.0093524747592991
1748,6633,0.01966681578992649,0.2330978809283552,0.0,32,7,0.0093524747592991
856,6369,0.05327359157559861,0.23771360858176374,0.0,33,7,0.0093524747592991
1530,244,0.03269277433096888,0.23892806770098732,0.0,33,7,0.0093524747592991
1553,5556,0.08646405132737955,0.24363973408335465,0.0,34,7,0.0093524747592991
1583,1891,0.0355495752980261,0.22918733652024895,0.0,34,7,0.0093524747592991
863,3961,0.09324734795820734,0.2509299186938346,0.0,35,7,0.0093524747592991
1003,2238,0.06667541742095844,0.23212545676004873,0.0,36,7,0.0093524747592991
848,427,0.0885989075613118,0.24045801526717558,0.0,37,7,0.0093524747592991
2105,3397,0.10726386702061633,0.2408835239840738,0.0,37,7,0.0093524747592991
174,3165,0.09384379669023894,0.2417697431018078,0.0,38,7,0.0093524747592991
656,2452,0.10364328250496352,0.24486845909222318,0.0,38,7,0.0093524747592991
2107,2878,0.09139096497781914,0.2389505360165507,0.0,38,7,0.0093524747592991
345,6870,0.07026692014189197,0.24342966629410825,0.0,39,7,0.0093524747592991
1744,2725,0.10131148341365567,0.23752103196859226,0.0,39,7,0.0093524747592991
1765,4086,0.1052579919797082,0.24644381223328593,0.0,39,7,0.0093524747592991
2108,5079,0.06572813133513002,0.23916044424923136,0.0,40,7,0.0093524747592991
337,4335,0.034616173310073294,0.2335406390735578,0.0,42,7,0.0093524747592991
843,5402,0.08847447339090826,0.23692307692307693,0.0,42,7,0.0093524747592991
1740,5769,0.09548206184455482,0.23679796222664015,0.0,42,7,0.0093524747592991
2194,3948,0.018142708431573427,0.22477442943916967,0.0,43,7,0.0093524747592991
655,113,0.08765379996493625,0.25100428054000656,0.0,44,7,0.0093524747592991
837,6792,0.1033811545352061,0.243219960436475,0.0,44,7,0.0093524747592991
984,2186,0.05401287217026275,0.23168100173236483,0.0,44,7,0.0093524747592991
2055,2476,0.09335383768909039,0.23384152888125403,0.0,44,7,0.0093524747592991
862,6391,0.10112324600123045,0.24502587509241106,0.0,45,7,0.0093524747592991
1002,7284,0.06658964476734633,0.22809694793536806,0.0,45,7,0.0093524747592991
1006,473,0.08868942528370284,0.2364087455419445,0.0,46,7,0.0093524747592991
2101,6789,0.11075286648547034,0.24501012438530517,0.0,46,7,0.0093524747592991
566,2014,0.09180608596089185,0.24518349361551575,0.0,48,7,0.0093524747592991
998,3504,0.09751097182896383,0.25003279979008136,0.0,48,7,0.0093524747592991
1550,2029,0.09818223197873277,0.24770105605199025,0.0,50,7,0.0093524747592991
852,1348,0.1027422553358607,0.2586610566319433,0.0,51,7,0.0093524747592991
857,5090,0.13914602106034576,0.24922352633471737,0.0,52,7,0.0093524747592991
855,6108,0.124103100298842,0.25606315082297615,0.0,53,7,0.0093524747592991
1323,5703,0.09424755845099347,0.24687479759051753,0.0,53,7,0.0093524747592991
845,3108,0.14021520908913496,0.24576052614610872,0.0,54,7,0.0093524747592991
2040,406,0.12266467643392229,0.2445071687461911,0.0,54,7,0.0093524747592991
561,1555,0.1188896581613159,0.2467788928455811,0.0,56,7,0.0093524747592991
344,3701,0.06258530306332512,0.24569715722297428,0.0,57,7,0.0093524747592991
841,4754,0.12645815353941067,0.25033660635118715,0.0,59,7,0.0093524747592991
168,6105,0.12879117617564467,0.243585237258348,0.0,60,7,0.0093524747592991
853,4809,0.15128491313312506,0.2466431552722684,0.0,60,7,0.0093524747592991
1001,5944,0.0770354378618875,0.2472992700729927,0.0,60,7,0.0093524747592991
346,7226,0.0954032926442599,0.2502790728215904,0.0,62,7,0.0093524747592991
869,3251,0.06926557345702013,0.24421733837380663,0.0,62,7,0.0093524747592991
172,951,0.13940756369532026,0.2457209167391935,0.0,63,7,0.0093524747592991
1747,2734,0.14649048207743195,0.2441156691324815,0.0,67,7,0.0093524747592991
564,378,0.16424892431543203,0.2516007657271107,0.0,69,7,0.0093524747592991
171,1334,0.16253336433834645,0.2528861464968153,0.0,71,7,0.0093524747592991
1270,6891,0.11448851684447844,0.2570128118678355,0.0,74,7,0.0093524747592991
326,1381,0.11157949621864008,0.24644381223328593,0.0,75,7,0.0093524747592991
1554,5370,0.0404536897680693,0.2556595230908542,0.0,76,7,0.0093524747592991
1551,2798,0.10265457300506578,0.2452150416572844,0.0,80,7,0.0093524747592991
864,763,0.18168760137588608,0.2498197548666186,0.0,87,7,0.0093524747592991
1269,2083,0.16272393781340247,0.25121935143685736,0.0,90,7,0.0093524747592991
257,5854,0.11860702311038246,0.25571955719557193,0.0,98,7,0.0093524747592991
225,3544,0.15187358216043814,0.2734708520179372,0.0,100,7,0.0093524747592991
239,4900,0.14522103123633254,0.26914521766761995,0.0,100,7,0.0093524747592991
847,3240,0.19658117444586667,0.2599931787175989,0.0,102,7,0.0093524747592991
654,290,0.14113836200888258,0.25313807531380755,0.0,104,7,0.0093524747592991
349,3597,0.19083236428653239,0.2555395394053166,0.0,124,7,0.0093524747592991
170,7237,0.25613353567053876,0.28567681007345225,0.0,216,7,0.0093524747592991
1908,7281,8.784153002705889e-05,0.16640834770459953,0.0,1,8,0.13
2724,526,1.2497350521648298e-05,0.1533741096937749,0.0,1,8,0.13
2991,991,2.2972381490144697e-05,0.16130943563916456,0.0,1,8,0.13
4615,7259,0.00010004418161177075,0.17141893411288509,0.0,1,8,0.13
4918,1515,1.6124629629674447e-07,0.14774114774114774,0.0,1,8,0.13
5531,7096,2.7933637565456727e-08,0.1469833985693076,0.0,1,8,0.13
4613,1575,0.00010393633761170159,0.19078963834313603,0.0,2,8,0.13
2919,596,0.00019440378594382104,0.17172399810772454,0.0,3,8,0.13
4612,6051,0.0001906184784392308,0.18925494674644355,0.0,3,8,0.13
4614,4748,0.00011066161167759504,0.1873479318734793,0.0,3,8,0.13
5530,1922,1.0782742466683434e-06,0.17230623177595444,0.0,3,8,0.13
3033,637,0.00011605105783469506,0.18743084753263997,0.0,4,8,0.13
4919,4810,6.224313903221779e-06,0.17334849346219444,0.0,4,8,0.13
5532,5036,4.919252499208791e-06,0.18118938961779807,0.0,4,8,0.13
83,11,0.0010424524284259413,0.18904374566015275,0.0,5,8,0.13
1907,321,0.0033907957527633177,0.1996229083195852,0.0,5,8,0.13
1909,3529,0.00020803953589617025,0.1883570952039732,0.0,5,8,0.13
2725,3211,0.0004824137632455376,0.18115494296577947,0.0,5,8,0.13
84,5240,0.00022363180313592345,0.1855241062084743,0.0,6,8,0.13
2920,6523,0.006135058381566977,0.20617190458159787,0.0,6,8,0.13
3034,7442,0.00020440546238673166,0.19419182269774551,0.0,6,8,0.13
4665,3327,0.0032908430977068226,0.20871207972839775,0.0,6,8,0.13
85,618,0.0008867633972637177,0.19233001135360162,0.0,7,8,0.13
3035,7270,0.00020544095947512786,0.22001269914569382,0.0,9,8,0.13
87,1325,0.0038618337589677414,0.20687689969604864,0.0,12,8,0.13
97,5385,3.7203955162794745e-06,0.17966908645234278,0.0,1,9,0.0401433691756272
114,620,3.7203955162794745e-06,0.17966908645234278,0.0,1,9,0.0401433691756272
572,83,9.71785026632893e-06,0.18688404020593283,0.0,1,9,0.0401433691756272
871,115,1.52924265648882e-06,0.19401389631213256,0.0,1,9,0.0401433691756272
1833,6829,2.4723018536243833e-12,0.10849237863455873,0.0,1,9,0.0401433691756272
2014,352,2.896022709445117e-07,0.16337333904843548,0.0,1,9,0.0401433691756272
2263,2677,4.473565905556853e-06,0.18953257086026853,0.0,1,9,0.0401433691756272
2665,2696,1.4307671818300068e-05,0.1960950764006791,0.0,1,9,0.0401433691756272
2717,3053,1.4307671818300068e-05,0.1960950764006791,0.0,1,9,0.0401433691756272
2835,561,6.897351511484156e-06,0.19086607075790582,0.0,1,9,0.0401433691756272
2843,565,9.4432271722524e-06,0.18584070796460178,0.0,1,9,0.0401433691756272
3472,1791,6.859733817765548e-07,0.1718130183916336,0.0,1,9,0.0401433691756272
3559,5438,1.72180582504915e-06,0.17385453964923483,0.0,1,9,0.0401433691756272
3566,5023,8.977925890122998e-07,0.1648038049940547,0.0,1,9,0.0401433691756272
4162,1081,2.1196875676077454e-06,0.17379508458346632,0.0,1,9,0.0401433691756272
4197,1097,3.4219338026382747e-06,0.17887647831800263,0.0,1,9,0.0401433691756272
4316,1151,9.71785026632893e-06,0.18688404020593283,0.0,1,9,0.0401433691756272
4387,1194,2.1196875676077454e-06,0.17379508458346632,0.0,1,9,0.0401433691756272
5031,1593,7.707337268899627e-07,0.1639954391928232,0.0,1,9,0.0401433691756272
5092,4134,2.059385369708368e-06,0.17435158501440923,0.0,1,9,0.0401433691756272
5432,6739,4.280742798274555e-06,0.18942895482331892,0.0,1,9,0.0401433691756272
5637,2009,8.685039031995673e-09,0.1374727236659393,0.0,1,9,0.0401433691756272
5887,4293,1.1220848204909673e-05,0.20015754233950375,0.0,1,9,0.0401433691756272
5888,5172,1.1220848204909673e-05,0.20015754233950375,0.0,1,9,0.0401433691756272
5995,2388,9.26336550669763e-06,0.19011397361398608,0.0,1,9,0.0401433691756272
6057,2454,3.570599921880342e-06,0.17954213575768996,0.0,1,9,0.0401433691756272
6182,7208,1.7808241068754597e-06,0.17530182821662643,0.0,1,9,0.0401433691756272
6214,6215,7.5891560881043655e-06,0.18849682253158923,0.0,1,9,0.0401433691756272
6215,6584,7.5891560881043655e-06,0.18849682253158923,0.0,1,9,0.0401433691756272
6216,3664,7.5891560881043655e-06,0.18849682253158923,0.0,1,9,0.0401433691756272
6217,7161,7.5891560881043655e-06,0.18849682253158923,0.0,1,9,0.0401433691756272
6244,2651,3.7231025391037444e-07,0.15846915017462165,0.0,1,9,0.0401433691756272
6329,5928,4.413540558328336e-06,0.18100439273418023,0.0,1,9,0.0401433691756272
6330,2934,4.413540558328336e-06,0.18100439273418023,0.0,1,9,0.0401433691756272
6428,2907,1.204471918236704e-07,0.15996894214425114,0.0,1,9,0.0401433691756272
6516,5824,1.0261199559528963e-05,0.1950763876449062,0.0,1,9,0.0401433691756272
6608,3209,4.93875629789032e-06,0.18144815766923736,0.0,1,9,0.0401433691756272
6705,5451,2.061582048180194e-06,0.17727494709425362,0.0,1,9,0.0401433691756272
6772,3490,1.5858355615560537e-06,0.17418824120832666,0.0,1,9,0.0401433691756272
7168,4418,1.1256405005846636e-05,0.1935852506475697,0.0,1,9,0.0401433691756272
7172,4435,4.2476807141810685e-07,0.15864063930741695,0.0,1,9,0.0401433691756272
7405,5145,4.22907139731787e-06,0.17957174153730182,0.0,1,9,0.0401433691756272
7444,5358,1.52924265648882e-06,0.19401389631213256,0.0,1,9,0.0401433691756272
7487,6875,1.3859994604101838e-05,0.19049880047980808,0.0,1,9,0.0401433691756272
7526,7239,1.4335911399590427e-06,0.17534618392602475,0.0,1,9,0.0401433691756272
109,2789,7.351421292198667e-06,0.18307356084440068,0.0,2,9,0.0401433691756272
535,77,7.171649805960818e-06,0.1821244266055046,0.0,2,9,0.0401433691756272
739,6410,1.1179019195208405e-05,0.19527127414314258,0.0,2,9,0.0401433691756272
782,3763,1.4438549731272083e-05,0.1955668436850612,0.0,2,9,0.0401433691756272
1831,305,9.543400862611525e-11,0.12169345955524337,0.0,2,9,0.0401433691756272
1832,6034,3.681402884058286e-09,0.13854710019810618,0.0,2,9,0.0401433691756272
2070,371,8.080679792740479e-07,0.1648358776975306,0.0,2,9,0.0401433691756272
2311,432,0.0016307702486566414,0.21048126570395118,0.0,2,9,0.0401433691756272
2655,2642,1.9168072505066147e-05,0.1961001209065418,0.0,2,9,0.0401433691756272
2657,4537,1.7587165624332286e-05,0.19616067522709144,0.0,2,9,0.0401433691756272
2659,4195,2.210148640919597e-05,0.19854147675478578,0.0,2,9,0.0401433691756272
2685,4389,1.5190296650186178e-05,0.1961001209065418,0.0,2,9,0.0401433691756272
2686,4391,1.6686079538105397e-05,0.19610516567194897,0.0,2,9,0.0401433691756272
2692,1360,1.5205464407310253e-05,0.19610516567194897,0.0,2,9,0.0401433691756272
2695,4964,1.859321135679135e-05,0.1973336784882216,0.0,2,9,0.0401433691756272
2703,7082,1.5112052257684572e-05,0.1963982068325862,0.0,2,9,0.0401433691756272
2708,1981,1.523109254261169e-05,0.1961001209065418,0.0,2,9,0.0401433691756272
3426,774,3.731587576838077e-06,0.18929254302103252,0.0,2,9,0.0401433691756272
3471,4203,5.289520951883228e-06,0.176258410599089,0.0,2,9,0.0401433691756272
4325,1156,1.5359039108819532e-05,0.1905321302706891,0.0,2,9,0.0401433691756272
4688,6029,5.127811838747313e-05,0.20819904954389032,0.0,2,9,0.0401433691756272
4698,1377,3.180106595942458e-05,0.20259926646467868,0.0,2,9,0.0401433691756272
4788,1432,5.205148265872331e-07,0.16518592355031636,0.0,2,9,0.0401433691756272
4789,5723,8.869299268564487e-08,0.15562224399804017,0.0,2,9,0.0401433691756272
4860,1480,9.768658958834388e-06,0.18660041124057575,0.0,2,9,0.0401433691756272
4912,7382,1.2932535909995201e-05,0.18958442139819442,0.0,2,9,0.0401433691756272
5093,2102,1.1322750876404913e-05,0.1909856190810242,0.0,2,9,0.0401433691756272
5545,7319,1.730571195465973e-05,0.19986890403775565,0.0,2,9,0.0401433691756272
5638,6815,3.352536488385486e-07,0.15938029229128772,0.0,2,9,0.0401433691756272
5704,2071,8.330942651443416e-06,0.19193292544754134,0.0,2,9,0.0401433691756272
6968,4292,1.4201144024575692e-07,0.16081260679703815,0.0,2,9,0.0401433691756272
6997,7139,5.040823855940952e-07,0.16307975355125792,0.0,2,9,0.0401433691756272
7085,5009,0.00017770284219265832,0.18321876652405902,0.0,2,9,0.0401433691756272
7217,4596,3.5921289879082058e-06,0.18010206492463263,0.0,2,9,0.0401433691756272
7326,4853,1.0940370058154772e-05,0.18598126280862692,0.0,2,9,0.0401433691756272
7377,6374,1.0760508392599351e-05,0.19121077582963353,0.0,2,9,0.0401433691756272
7408,7371,1.3946921663645497e-05,0.1869023684597656,0.0,2,9,0.0401433691756272
7470,5502,2.85764716814163e-06,0.19971704786606934,0.0,2,9,0.0401433691756272
7542,6184,8.253008299375675e-06,0.1857501401106265,0.0,2,9,0.0401433691756272
774,152,3.2291203190572264e-05,0.20245398773006135,0.0,3,9,0.0401433691756272
2262,5642,4.649416128612269e-06,0.1904274187504684,0.0,3,9,0.0401433691756272
2669,1186,2.8031641788827347e-05,0.20278790135936794,0.0,3,9,0.0401433691756272
2672,4784,1.7360904319227256e-05,0.19678352005782435,0.0,3,9,0.0401433691756272
2693,6993,2.8611299677323315e-05,0.19728771448536453,0.0,3,9,0.0401433691756272
2697,3448,2.5280400071429024e-05,0.20394895256441126,0.0,3,9,0.0401433691756272
2719,3069,1.949194610351666e-05,0.19640832732144697,0.0,3,9,0.0401433691756272
4719,7192,8.201728272249794e-07,0.16483944210184884,0.0,3,9,0.0401433691756272
4720,4439,8.201728272249794e-07,0.16483944210184884,0.0,3,9,0.0401433691756272
4861,5957,1.321018625463849e-05,0.1887815750371471,0.0,3,9,0.0401433691756272
5433,2154,4.784825183868582e-06,0.1911532385466035,0.0,3,9,0.0401433691756272
5782,3954,6.249073900121536e-07,0.16885964912280702,0.0,3,9,0.0401433691756272
6192,2587,1.0183965773325874e-05,0.1945685188493836,0.0,3,9,0.0401433691756272
6213,7454,1.0117775325300513e-05,0.1891891891891892,0.0,3,9,0.0401433691756272
6561,6161,1.1937874355564135e-05,0.1859858003757289,0.0,3,9,0.0401433691756272
6709,7033,7.801802231747382e-06,0.18695737479766517,0.0,3,9,0.0401433691756272
7001,3964,4.672626604658132e-07,0.15864724245577524,0.0,3,9,0.0401433691756272
7520,6076,1.772546625642768e-05,0.19089474870407933,0.0,3,9,0.0401433691756272
332,3562,4.003040157282049e-06,0.17882192873396044,0.0,4,9,0.0401433691756272
790,485,3.640300607934791e-05,0.20323664284952545,0.0,4,9,0.0401433691756272
793,4850,4.1746740002584e-05,0.21191482263983097,0.0,4,9,0.0401433691756272
1071,5712,1.0987908828229531e-05,0.1930264357338195,0.0,4,9,0.0401433691756272
2666,4749,3.6973005959060536e-05,0.20327457934455082,0.0,4,9,0.0401433691756272
2671,2732,2.693354210354936e-05,0.1961505802434192,0.0,4,9,0.0401433691756272
2674,7354,2.9612068896078113e-05,0.19854664791373652,0.0,4,9,0.0401433691756272
2675,7360,2.926554651886889e-05,0.19904433651887826,0.0,4,9,0.0401433691756272
2688,1417,3.2991607200704216e-05,0.19891968060122123,0.0,4,9,0.0401433691756272
2702,1448,2.7465920407789862e-05,0.2040636042402827,0.0,4,9,0.0401433691756272
3420,769,2.4018405542567185e-05,0.20514545601334805,0.0,4,9,0.0401433691756272
3427,794,2.647945258603837e-05,0.20745115114570292,0.0,4,9,0.0401433691756272
3556,7043,1.4538776435998962e-05,0.18756920351369308,0.0,4,9,0.0401433691756272
4321,1154,1.7782357620517438e-05,0.18745389268676535,0.0,4,9,0.0401433691756272
4815,5686,1.4227368674465422e-05,0.1969665650353987,0.0,4,9,0.0401433691756272
4883,4156,1.2236111338029175e-05,0.19860872283883071,0.0,4,9,0.0401433691756272
6082,2481,1.7512572153379702e-05,0.19228149829738933,0.0,4,9,0.0401433691756272
96,6152,3.147896000391288e-05,0.19731835477441564,0.0,5,9,0.0401433691756272
334,6287,1.7949418836493005e-05,0.1969004261913987,0.0,5,9,0.0401433691756272
794,1268,4.3258226222211975e-05,0.20793213496631296,0.0,5,9,0.0401433691756272
2071,1386,1.4795868186613916e-05,0.1961859172328598,0.0,5,9,0.0401433691756272
2660,4197,2.000384709284139e-05,0.1972928205393654,0.0,5,9,0.0401433691756272
2661,614,3.2527302619406166e-05,0.20066334991708126,0.0,5,9,0.0401433691756272
2667,6290,3.08596935708243e-05,0.20181616011860637,0.0,5,9,0.0401433691756272
2678,6866,2.8998515251737668e-05,0.21296865396435158,0.0,5,9,0.0401433691756272
2681,6423,2.89104097262547e-05,0.20028375502482856,0.0,5,9,0.0401433691756272
2684,4893,3.564522463405175e-05,0.19773293214359824,0.0,5,9,0.0401433691756272
2690,2884,4.704214409927304e-05,0.20422761613888443,0.0,5,9,0.0401433691756272
2698,2953,2.954713164732454e-05,0.1990183536537608,0.0,5,9,0.0401433691756272
2716,2538,2.549432908403089e-05,0.1974410111632003,0.0,5,9,0.0401433691756272
3640,4539,2.1767850057078337e-05,0.1896315828751959,0.0,5,9,0.0401433691756272
4302,2668,3.643134249071543e-05,0.20516201959306707,0.0,5,9,0.0401433691756272
5581,5879,1.6614935989918245e-05,0.18901562112571288,0.0,5,9,0.0401433691756272
6658,3877,5.478142380067863e-06,0.19159524467790987,0.0,5,9,0.0401433691756272
117,3316,3.834435642867915e-05,0.20403083346715914,0.0,6,9,0.0401433691756272
331,3591,2.2536239273794435e-05,0.20226597325408618,0.0,6,9,0.0401433691756272
764,7059,4.2763997763373134e-05,0.2092506176228383,0.0,6,9,0.0401433691756272
791,6380,4.4475454114865046e-05,0.21006365565322824,0.0,6,9,0.0401433691756272
2649,3308,2.0821435074271606e-05,0.19702765572499353,0.0,6,9,0.0401433691756272
2663,5756,3.40704508485709e-05,0.1961455331412104,0.0,6,9,0.0401433691756272
2683,7452,0.0002548794232247134,0.22866484686684466,0.0,6,9,0.0401433691756272
2696,7540,2.975131064821001e-05,0.19616067522709144,0.0,6,9,0.0401433691756272
2714,2130,6.0010765987279766e-05,0.210988098533075,0.0,6,9,0.0401433691756272
2715,7144,4.955939446857695e-05,0.2045289903678463,0.0,6,9,0.0401433691756272
3686,885,3.9748444891803986e-05,0.20745115114570292,0.0,6,9,0.0401433691756272
3979,4723,2.015970458158541e-05,0.21838652380679538,0.0,6,9,0.0401433691756272
5431,6086,2.8506011699702155e-05,0.20503510045993706,0.0,6,9,0.0401433691756272
5580,5584,1.4371653445486955e-05,0.18830591373943975,0.0,6,9,0.0401433691756272
328,41,1.997968842326787e-05,0.19692077187362766,0.0,7,9,0.0401433691756272
744,4640,4.109346541422871e-05,0.20771117166212533,0.0,7,9,0.0401433691756272
777,2976,4.3914407762888484e-05,0.20940006592682123,0.0,7,9,0.0401433691756272
1072,4315,3.130928242169126e-05,0.20409638554216866,0.0,7,9,0.0401433691756272
2652,3118,3.8504945598852654e-05,0.20232502587785653,0.0,7,9,0.0401433691756272
2658,7257,3.605399450474968e-05,0.2036819323464971,0.0,7,9,0.0401433691756272
2670,5795,3.105011691662169e-05,0.20042066517681084,0.0,7,9,0.0401433691756272
2687,6959,4.250463109766594e-05,0.20760369291102698,0.0,7,9,0.0401433691756272
2709,2499,5.798814625537252e-05,0.21963236141523568,0.0,7,9,0.0401433691756272
2718,3061,4.189850959116468e-05,0.2048918156161806,0.0,7,9,0.0401433691756272
94,3971,4.8520922190684726e-05,0.20541079464309772,0.0,8,9,0.0401433691756272
333,3950,5.786504103736169e-05,0.21417132582249318,0.0,8,9,0.0401433691756272
742,2577,6.874209518152422e-05,0.21255890472074282,0.0,8,9,0.0401433691756272
771,151,4.4024896728285516e-05,0.21246411549931715,0.0,8,9,0.0401433691756272
775,6810,6.488772287476483e-05,0.21248188203813134,0.0,8,9,0.0401433691756272
2682,3864,5.11381873424723e-05,0.20397623889542973,0.0,8,9,0.0401433691756272
2704,839,3.465594573258227e-05,0.19731835477441564,0.0,8,9,0.0401433691756272
2710,5575,4.707971915337941e-05,0.19891448999295464,0.0,8,9,0.0401433691756272
5094,6725,1.8833319391674347e-05,0.19484702093397746,0.0,8,9,0.0401433691756272
5206,6249,2.9576419675403705e-05,0.19926806953339432,0.0,8,9,0.0401433691756272
747,813,0.0002684169372765693,0.23187832699619773,0.0,9,9,0.0401433691756272
752,2826,5.9652871008548575e-05,0.20805698845492507,0.0,9,9,0.0401433691756272
754,2628,5.9477763478697404e-05,0.2098092643051771,0.0,9,9,0.0401433691756272
768,5761,5.853740637263605e-05,0.2113097713097713,0.0,9,9,0.0401433691756272
769,7560,6.185222659013839e-05,0.21265971098588407,0.0,9,9,0.0401433691756272
2650,2085,6.515990346664737e-05,0.21568017202354006,0.0,9,9,0.0401433691756272
2689,830,6.646391378727772e-05,0.21043478260869566,0.0,9,9,0.0401433691756272
740,4875,0.00026624661709846205,0.2358820435065136,0.0,10,9,0.0401433691756272
746,4396,6.785663592558804e-05,0.21411117040698818,0.0,10,9,0.0401433691756272
2651,1672,6.0821353576438045e-05,0.20541079464309772,0.0,10,9,0.0401433691756272
2656,5731,7.754439286369526e-05,0.21446657663740715,0.0,10,9,0.0401433691756272
2691,3213,5.7953531672212663e-05,0.20870065159064777,0.0,10,9,0.0401433691756272
3639,7406,6.670223791546864e-05,0.2127665513006587,0.0,10,9,0.0401433691756272
102,7315,7.575880027504976e-05,0.2154607122668174,0.0,11,9,0.0401433691756272
112,6565,7.606647644417193e-05,0.20590459726649019,0.0,11,9,0.0401433691756272
751,6455,6.121528717735815e-05,0.21092388146426497,0.0,11,9,0.0401433691756272
772,6546,8.05516563595239e-05,0.21136250207952087,0.0,11,9,0.0401433691756272
1073,1934,5.691484630312818e-05,0.21403301886792453,0.0,11,9,0.0401433691756272
1572,7064,7.52006425700051e-05,0.21233391827525697,0.0,11,9,0.0401433691756272
2677,6862,8.092494490168944e-05,0.2155094424968902,0.0,11,9,0.0401433691756272
3557,4230,7.426187353174947e-05,0.2136790469516468,0.0,11,9,0.0401433691756272
105,2266,9.085261543582619e-05,0.21790583997941856,0.0,12,9,0.0401433691756272
737,2308,6.744698221830893e-05,0.21126292159742815,0.0,12,9,0.0401433691756272
745,6442,5.7791636111468786e-05,0.2085236753562929,0.0,12,9,0.0401433691756272
761,4716,8.410164574198033e-05,0.21138008485150986,0.0,12,9,0.0401433691756272
2676,705,6.140114469345077e-05,0.20556034947686333,0.0,12,9,0.0401433691756272
2711,6092,7.801201462303771e-05,0.21478079567226419,0.0,12,9,0.0401433691756272
779,2982,9.415403873340442e-05,0.21562526518258704,0.0,13,9,0.0401433691756272
783,3766,7.226632459663566e-05,0.21175,0.0,13,9,0.0401433691756272
2706,3508,8.712632095235136e-05,0.20795482445371963,0.0,13,9,0.0401433691756272
738,5893,5.5338457186219686e-05,0.21262412138792816,0.0,14,9,0.0401433691756272
776,6812,0.0001288600596395621,0.22582651972982581,0.0,14,9,0.0401433691756272
872,5653,5.903072843754276e-05,0.24070857936783605,0.0,14,9,0.0401433691756272
2680,1320,0.0001053815181628753,0.21373895976447496,0.0,14,9,0.0401433691756272
3041,1699,5.698266628909736e-05,0.20694991176869826,0.0,14,9,0.0401433691756272
3558,6785,0.00020560953842531712,0.2209757370206105,0.0,14,9,0.0401433691756272
5306,5683,9.260435452198773e-05,0.2176942627866465,0.0,14,9,0.0401433691756272
100,4770,0.00011135679681424993,0.2142315150493213,0.0,15,9,0.0401433691756272
110,3559,9.438907627717927e-05,0.21859318097095173,0.0,15,9,0.0401433691756272
330,5414,1.6396592500457666e-05,0.18854810784071235,0.0,15,9,0.0401433691756272
784,2492,0.00011756461521097297,0.22119374401532077,0.0,15,9,0.0401433691756272
2673,6321,9.180958929301886e-05,0.20714673913043477,0.0,15,9,0.0401433691756272
2707,6073,0.00011131032427437804,0.2152113153214195,0.0,15,9,0.0401433691756272
3215,3336,9.537844155657786e-05,0.21444847666469743,0.0,15,9,0.0401433691756272
797,252,0.00012818226097946817,0.21764453961456104,0.0,16,9,0.0401433691756272
2694,4434,0.0001056983562536806,0.21244043140205668,0.0,16,9,0.0401433691756272
93,1794,8.182265950073055e-05,0.2103476821192053,0.0,17,9,0.0401433691756272
104,6298,9.533020889385815e-05,0.20711297071129708,0.0,17,9,0.0401433691756272
757,1876,0.00011082421136471979,0.21640265712825754,0.0,17,9,0.0401433691756272
760,1639,7.949491729886819e-05,0.2111634349030471,0.0,17,9,0.0401433691756272
2668,3694,0.00010730515575627789,0.21590007930214117,0.0,17,9,0.0401433691756272
2705,3390,7.957971190612408e-05,0.2154668023403714,0.0,17,9,0.0401433691756272
121,4606,0.00012403809396730953,0.21859944941500345,0.0,20,9,0.0401433691756272
536,6752,0.00012659266824331658,0.2203179190751445,0.0,20,9,0.0401433691756272
770,5612,0.00053501357299255,0.23532135580663086,0.0,20,9,0.0401433691756272
787,2267,8.654940916936678e-05,0.22070702683922522,0.0,20,9,0.0401433691756272
796,4180,0.00012611166268226487,0.21797437950360288,0.0,20,9,0.0401433691756272
2662,4728,0.00010260679284514876,0.21945532012897281,0.0,20,9,0.0401433691756272
2712,6616,0.00010908156974168481,0.21197964461499957,0.0,20,9,0.0401433691756272
576,4899,0.00013782973778119279,0.21882535308301757,0.0,21,9,0.0401433691756272
773,2199,0.00013209103485162588,0.21783734354460765,0.0,21,9,0.0401433691756272
2664,640,0.00011038583474718558,0.2188756173193982,0.0,21,9,0.0401433691756272
2713,2015,0.0003396406858563946,0.23675383564196534,0.0,21,9,0.0401433691756272
758,4666,0.0001376174820288331,0.2180304893744816,0.0,22,9,0.0401433691756272
781,3502,0.0003274711146889347,0.2372918287937743,0.0,22,9,0.0401433691756272
798,6001,0.00030085124205482186,0.22811059907834103,0.0,22,9,0.0401433691756272
2679,1776,0.0003638725819713646,0.22939424031777558,0.0,22,9,0.0401433691756272
537,7536,0.0001502422149249477,0.21937321937321938,0.0,23,9,0.0401433691756272
329,1958,0.00010019678589397865,0.21764453961456104,0.0,24,9,0.0401433691756272
765,2933,0.00017619178986869735,0.2223032282523111,0.0,25,9,0.0401433691756272
778,6818,0.00021672844098368638,0.2291804461547712,0.0,25,9,0.0401433691756272
795,2037,0.00016164479532978363,0.22069424741611418,0.0,25,9,0.0401433691756272
2261,418,0.00017268538318485763,0.2338487023743788,0.0,25,9,0.0401433691756272
2653,2614,0.0001401622532686726,0.21677188193141103,0.0,25,9,0.0401433691756272
750,5174,0.00016324758149981186,0.21886933302707515,0.0,26,9,0.0401433691756272
749,3377,0.0001723183734594624,0.2214958158995816,0.0,27,9,0.0401433691756272
762,7533,0.0001899966764839014,0.22235510311232973,0.0,27,9,0.0401433691756272
789,2790,0.00017036832777406194,0.2210013625953092,0.0,27,9,0.0401433691756272
103,1817,0.00016542732419329295,0.22387665198237885,0.0,28,9,0.0401433691756272
748,6958,0.00015833032924065374,0.2164641072239891,0.0,28,9,0.0401433691756272
92,13,0.00014361203990088248,0.21901396310980864,0.0,29,9,0.0401433691756272
106,3557,0.0001790332577625078,0.2196513470681458,0.0,29,9,0.0401433691756272
755,3399,0.00013628889612052328,0.22179226069246435,0.0,30,9,0.0401433691756272
767,1149,0.00020930187260381061,0.22297949512972767,0.0,30,9,0.0401433691756272
108,866,0.00020190644330372176,0.22597379498428885,0.0,31,9,0.0401433691756272
1097,1902,8.519199508781604e-05,0.2224459423969185,0.0,31,9,0.0401433691756272
113,5355,0.00019064232913136575,0.2216632742076185,0.0,32,9,0.0401433691756272
743,1560,0.0002294879509744801,0.22290125442264394,0.0,32,9,0.0401433691756272
786,2265,0.00043313913616817984,0.2502379936316187,0.0,32,9,0.0401433691756272
95,1223,0.00018761770201795863,0.21961970613656007,0.0,33,9,0.0401433691756272
119,1850,0.0001652421638670305,0.2336909871244635,0.0,33,9,0.0401433691756272
120,4860,0.00021449953971880426,0.2258599745192735,0.0,33,9,0.0401433691756272
780,1447,0.0002163624124364854,0.2266658737474354,0.0,35,9,0.0401433691756272
2699,1933,0.0002195342041158218,0.24281709880868957,0.0,35,9,0.0401433691756272
792,3056,0.0003960954673032645,0.24234620886981403,0.0,36,9,0.0401433691756272
2264,5047,0.000357577792722101,0.23473441108545035,0.0,36,9,0.0401433691756272
111,4904,0.0002347368748955927,0.22564603498801172,0.0,38,9,0.0401433691756272
788,7141,0.00043451167430087745,0.24004912457488348,0.0,41,9,0.0401433691756272
582,7001,0.0004552629704182575,0.25214169946746934,0.0,44,9,0.0401433691756272
756,6217,0.0003371608860537472,0.23047619047619047,0.0,51,9,0.0401433691756272
116,2835,0.0002715867633137705,0.22670631970260224,0.0,52,9,0.0401433691756272
98,1509,0.0004988772238952304,0.23389892915221994,0.0,54,9,0.0401433691756272
427,2615,0.00029295116128643517,0.23227398762911727,0.0,57,9,0.0401433691756272
118,6712,0.0004507263059897042,0.23520518358531317,0.0,64,9,0.0401433691756272
753,4931,0.00034940704398238315,0.2308810612714662,0.0,66,9,0.0401433691756272
759,5988,0.00036452068376076335,0.22825403479354434,0.0,69,9,0.0401433691756272
107,5857,0.0003751214875118285,0.2298299565846599,0.0,81,9,0.0401433691756272
115,110,0.0004312348804594439,0.24263161245146095,0.0,89,9,0.0401433691756272
101,1937,0.0005419110206240778,0.24962342000130985,0.0,106,9,0.0401433691756272
99,524,0.0005522944877949381,0.24392038909509792,0.0,172,9,0.0401433691756272
149,5088,1.612130706895364e-05,0.19020410200109786,0.0,1,10,0.0063491960706862
161,773,1.612130706895364e-05,0.19020410200109786,0.0,1,10,0.0063491960706862
229,4066,7.035066620472118e-07,0.16327885706941975,0.0,1,10,0.0063491960706862
289,5617,1.3460747478471975e-05,0.1864406779661017,0.0,1,10,0.0063491960706862
314,36,8.923161950305729e-07,0.16318448430877253,0.0,1,10,0.0063491960706862
319,3794,3.6835711233671534e-06,0.17510451601047458,0.0,1,10,0.0063491960706862
492,69,4.515737737801792e-05,0.21464170068984936,0.0,1,10,0.0063491960706862
533,76,2.2826727936577224e-06,0.17318702290076335,0.0,1,10,0.0063491960706862
575,4658,1.8070008403465278e-06,0.18293297497060307,0.0,1,10,0.0063491960706862
583,86,4.636766423131137e-06,0.18370002650794034,0.0,1,10,0.0063491960706862
601,93,5.556281747010252e-06,0.17038444345105053,0.0,1,10,0.0063491960706862
883,118,1.5785016382019318e-06,0.17510049385551854,0.0,1,10,0.0063491960706862
957,132,1.2490398974199931e-05,0.18618567276457515,0.0,1,10,0.0063491960706862
1040,2555,5.211701764584037e-06,0.1703425621773815,0.0,1,10,0.0063491960706862
1082,5792,3.297934230634742e-08,0.14102564102564102,0.0,1,10,0.0063491960706862
1094,7367,5.488667413542386e-06,0.17298658860371707,0.0,1,10,0.0063491960706862
1115,162,8.394706867294209e-05,0.19596904804750764,0.0,1,10,0.0063491960706862
1130,1143,1.6539153121045176e-05,0.17733680733261992,0.0,1,10,0.0063491960706862
1164,173,2.7211621016487844e-06,0.17312015988008994,0.0,1,10,0.0063491960706862
1182,176,7.707326907482584e-05,0.19220392829227706,0.0,1,10,0.0063491960706862
1212,182,5.9096631025869935e-06,0.18342597271349168,0.0,1,10,0.0063491960706862
1223,3142,1.2829096896140666e-05,0.18676957001102537,0.0,1,10,0.0063491960706862
1310,205,1.9479534473656248e-06,0.1727396329027872,0.0,1,10,0.0063491960706862
1362,834,2.3762274734071756e-05,0.19260213749715757,0.0,1,10,0.0063491960706862
1372,3815,2.3762274734071756e-05,0.19260213749715757,0.0,1,10,0.0063491960706862
1506,3376,2.4822863309220215e-09,0.13277943251293306,0.0,1,10,0.0063491960706862
1507,5524,2.4822863309220215e-09,0.13277943251293306,0.0,1,10,0.0063491960706862
1518,242,7.682215173998358e-08,0.1570878067879737,0.0,1,10,0.0063491960706862
1577,4263,6.067465033406057e-07,0.16087369420702755,0.0,1,10,0.0063491960706862
1617,262,4.16550503853146e-08,0.15303848547509585,0.0,1,10,0.0063491960706862
1623,265,3.6043164700842035e-07,0.16275246594645373,0.0,1,10,0.0063491960706862
1656,274,4.06680705211762e-07,0.15906435189049328,0.0,1,10,0.0063491960706862
1680,5329,9.735420433697189e-07,0.16780399753456018,0.0,1,10,0.0063491960706862
1684,6730,9.735420433697189e-07,0.16780399753456018,0.0,1,10,0.0063491960706862
1688,6571,5.2102066445274835e-06,0.1774523953629126,0.0,1,10,0.0063491960706862
1716,288,1.641750068084868e-05,0.1978406996963484,0.0,1,10,0.0063491960706862
1863,310,3.440736331566665e-08,0.1441947565543071,0.0,1,10,0.0063491960706862
2043,861,3.6509957661724493e-07,0.1729355716878403,0.0,1,10,0.0063491960706862
2195,401,6.049708000389152e-07,0.16000251873307728,0.0,1,10,0.0063491960706862
2285,425,2.737802568326564e-07,0.15721091381550456,0.0,1,10,0.0063491960706862
2364,4588,7.324307378226932e-07,0.16390728476821192,0.0,1,10,0.0063491960706862
2554,495,8.888406423397783e-06,0.19776371089088363,0.0,1,10,0.0063491960706862
2729,528,1.4758361719597194e-05,0.1906131226245249,0.0,1,10,0.0063491960706862
2811,551,2.7241107409226393e-07,0.1682484329478238,0.0,1,10,0.0063491960706862
2927,957,1.153161980200277e-05,0.1895985673780033,0.0,1,10,0.0063491960706862
2928,4954,1.153161980200277e-05,0.1895985673780033,0.0,1,10,0.0063491960706862
2974,1493,1.2133244995680478e-05,0.18950901180857677,0.0,1,10,0.0063491960706862
3000,624,1.4395873139862627e-05,0.18693903575457355,0.0,1,10,0.0063491960706862
3093,658,4.836048226714554e-07,0.16052138389942935,0.0,1,10,0.0063491960706862
3106,5025,5.556281747010252e-06,0.17038444345105053,0.0,1,10,0.0063491960706862
3187,693,6.575979439598973e-06,0.18121523320496363,0.0,1,10,0.0063491960706862
3213,2969,9.843644607824822e-05,0.1836248012718601,0.0,1,10,0.0063491960706862
3214,6394,9.843644607824822e-05,0.1836248012718601,0.0,1,10,0.0063491960706862
3234,3226,8.046681489848824e-07,0.16691847861788084,0.0,1,10,0.0063491960706862
3261,1797,6.136450144101602e-06,0.1735300143413235,0.0,1,10,0.0063491960706862
3262,1489,6.136450144101602e-06,0.1735300143413235,0.0,1,10,0.0063491960706862
3277,5571,6.013345319844127e-06,0.178562226230353,0.0,1,10,0.0063491960706862
3389,4586,3.200889401047464e-07,0.16060593291757963,0.0,1,10,0.0063491960706862
3391,761,1.0041541759174422e-07,0.15342041177772858,0.0,1,10,0.0063491960706862
3413,1392,1.1180510480124178e-05,0.20077433628318583,0.0,1,10,0.0063491960706862
3447,784,2.8619460743258253e-06,0.1811032975387247,0.0,1,10,0.0063491960706862
3475,796,3.003885014478701e-07,0.16326486903257587,0.0,1,10,0.0063491960706862
3543,826,5.583024324959357e-07,0.16325088339222615,0.0,1,10,0.0063491960706862
3677,2113,8.770559448777977e-07,0.1697470383895965,0.0,1,10,0.0063491960706862
3727,5276,9.058408538040812e-06,0.19183632382917684,0.0,1,10,0.0063491960706862
3798,931,1.2890612005420983e-06,0.17127258021029929,0.0,1,10,0.0063491960706862
3828,940,7.478996593655138e-07,0.16431004009139114,0.0,1,10,0.0063491960706862
3897,963,9.050688743072233e-07,0.1714922048997773,0.0,1,10,0.0063491960706862
3904,967,2.841280793629914e-05,0.1951762808203395,0.0,1,10,0.0063491960706862
3908,969,2.2778225176398727e-06,0.18676499411995295,0.0,1,10,0.0063491960706862
3960,993,2.6730721735252487e-08,0.1494500754798361,0.0,1,10,0.0063491960706862
4093,5354,3.049300118341647e-07,0.16263787843229288,0.0,1,10,0.0063491960706862
4143,1069,7.910330896452659e-07,0.1654763713721319,0.0,1,10,0.0063491960706862
4169,1085,2.6360193171154385e-07,0.16441635751876457,0.0,1,10,0.0063491960706862
4177,5882,5.210727560699176e-08,0.15656513791616175,0.0,1,10,0.0063491960706862
4178,3343,5.210727560699176e-08,0.15656513791616175,0.0,1,10,0.0063491960706862
4287,1138,6.479202998420633e-06,0.18532114552438372,0.0,1,10,0.0063491960706862
4314,2281,1.551308193818228e-05,0.1946480096008988,0.0,1,10,0.0063491960706862
4334,1160,2.841280793629914e-05,0.1951762808203395,0.0,1,10,0.0063491960706862
4419,1215,8.888406423397783e-06,0.19776371089088363,0.0,1,10,0.0063491960706862
4468,1996,1.0227680684798816e-06,0.16589049442896936,0.0,1,10,0.0063491960706862
4556,7428,9.123057140870992e-07,0.17336820559472368,0.0,1,10,0.0063491960706862
4557,2601,9.123057140870992e-07,0.17336820559472368,0.0,1,10,0.0063491960706862
4558,3034,9.123057140870992e-07,0.17336820559472368,0.0,1,10,0.0063491960706862
4562,1298,4.477462438219128e-09,0.13739095955590802,0.0,1,10,0.0063491960706862
4564,1299,1.7293778667440012e-07,0.1604099154076007,0.0,1,10,0.0063491960706862
4566,5344,8.394706867294209e-05,0.19596904804750764,0.0,1,10,0.0063491960706862
4572,1302,1.4758361719597194e-05,0.1906131226245249,0.0,1,10,0.0063491960706862
4596,1313,2.2778225176398727e-06,0.18676499411995295,0.0,1,10,0.0063491960706862
4610,1324,1.126621083864155e-07,0.15907430980154838,0.0,1,10,0.0063491960706862
4663,1358,7.667748770757395e-08,0.14679376083188908,0.0,1,10,0.0063491960706862
4801,1440,1.253903177368704e-05,0.18674211802748586,0.0,1,10,0.0063491960706862
4836,4803,1.5785016382019318e-06,0.17510049385551854,0.0,1,10,0.0063491960706862
4841,4201,1.5785016382019318e-06,0.17510049385551854,0.0,1,10,0.0063491960706862
4878,7137,3.4337433611592997e-06,0.18366461872063608,0.0,1,10,0.0063491960706862
4880,6533,3.4337433611592997e-06,0.18366461872063608,0.0,1,10,0.0063491960706862
4882,4172,3.4337433611592997e-06,0.18366461872063608,0.0,1,10,0.0063491960706862
4884,5818,3.4337433611592997e-06,0.18366461872063608,0.0,1,10,0.0063491960706862
4885,4282,3.4337433611592997e-06,0.18366461872063608,0.0,1,10,0.0063491960706862
4932,3746,3.440736331566665e-08,0.1441947565543071,0.0,1,10,0.0063491960706862
4960,5871,7.275477803222708e-08,0.15318918049917607,0.0,1,10,0.0063491960706862
4977,1561,1.6991043175162694e-06,0.17131877022653721,0.0,1,10,0.0063491960706862
5012,6433,2.8794182367321794e-07,0.16130943563916456,0.0,1,10,0.0063491960706862
5036,1597,9.529973811336685e-06,0.18535719496182462,0.0,1,10,0.0063491960706862
5104,2082,1.6655428953716192e-07,0.1504113967759121,0.0,1,10,0.0063491960706862
5159,5149,2.8653465967697483e-05,0.19369838648202262,0.0,1,10,0.0063491960706862
5161,2533,2.8653465967697483e-05,0.19369838648202262,0.0,1,10,0.0063491960706862
5207,1702,2.28425428724161e-06,0.18460756060349212,0.0,1,10,0.0063491960706862
5297,1765,4.515737737801792e-05,0.21464170068984936,0.0,1,10,0.0063491960706862
5311,1780,4.515737737801792e-05,0.21464170068984936,0.0,1,10,0.0063491960706862
5313,1782,6.292931786807481e-07,0.16294728741823777,0.0,1,10,0.0063491960706862
5351,7321,1.7305794413898767e-05,0.1946430395260954,0.0,1,10,0.0063491960706862
5356,5351,1.7305794413898767e-05,0.1946430395260954,0.0,1,10,0.0063491960706862
5381,1823,7.835716909780679e-07,0.16246803069053709,0.0,1,10,0.0063491960706862
5396,4037,2.2826727936577224e-06,0.17318702290076335,0.0,1,10,0.0063491960706862
5397,2927,2.2826727936577224e-06,0.17318702290076335,0.0,1,10,0.0063491960706862
5436,3326,7.839225626408451e-07,0.16843058839125918,0.0,1,10,0.0063491960706862
5470,5492,1.0644217527509534e-06,0.17246996538383222,0.0,1,10,0.0063491960706862
5553,6781,2.7241107409226393e-07,0.1682484329478238,0.0,1,10,0.0063491960706862
5554,6158,2.7241107409226393e-07,0.1682484329478238,0.0,1,10,0.0063491960706862
5619,7038,2.3337654500862603e-07,0.1479303720090819,0.0,1,10,0.0063491960706862
5628,2000,3.8044842502770696e-06,0.18033213474640425,0.0,1,10,0.0063491960706862
5694,6900,2.584412350205512e-06,0.1773656902208055,0.0,1,10,0.0063491960706862
5699,2064,2.6730721735252487e-08,0.1494500754798361,0.0,1,10,0.0063491960706862
5708,2076,7.28081179639422e-08,0.1585647425897036,0.0,1,10,0.0063491960706862
5748,6133,3.620623491531494e-07,0.15832762165867031,0.0,1,10,0.0063491960706862
5757,2139,3.997311967352008e-06,0.1844958613679268,0.0,1,10,0.0063491960706862
5774,2147,4.515737737801792e-05,0.21464170068984936,0.0,1,10,0.0063491960706862
5781,2153,8.888406423397783e-06,0.19776371089088363,0.0,1,10,0.0063491960706862
5784,4352,2.6360193171154385e-07,0.16441635751876457,0.0,1,10,0.0063491960706862
5810,2179,4.16550503853146e-08,0.15303848547509585,0.0,1,10,0.0063491960706862
5823,7267,5.912577345686232e-07,0.16027163971995037,0.0,1,10,0.0063491960706862
5866,2246,2.9578629992402137e-06,0.17203791469194313,0.0,1,10,0.0063491960706862
5880,3723,1.095118564917035e-08,0.13978179151003942,0.0,1,10,0.0063491960706862
5944,2331,8.888406423397783e-06,0.19776371089088363,0.0,1,10,0.0063491960706862
5975,2360,2.348235903752441e-07,0.1609688113689634,0.0,1,10,0.0063491960706862
6007,7619,3.825850283208558e-07,0.16010669579097705,0.0,1,10,0.0063491960706862
6029,6469,8.888406423397783e-06,0.19776371089088363,0.0,1,10,0.0063491960706862
6031,4644,8.888406423397783e-06,0.19776371089088363,0.0,1,10,0.0063491960706862
6040,2432,3.5616777739486466e-07,0.15055398653052357,0.0,1,10,0.0063491960706862
6056,6798,3.160272818905619e-06,0.17984711933185485,0.0,1,10,0.0063491960706862
6141,2525,9.365370489600981e-06,0.18506020586521654,0.0,1,10,0.0063491960706862
6202,5804,2.0211490333829404e-05,0.20933106326889278,0.0,1,10,0.0063491960706862
6203,3007,2.0211490333829404e-05,0.20933106326889278,0.0,1,10,0.0063491960706862
6233,3583,1.3466808874660943e-05,0.18736635123509893,0.0,1,10,0.0063491960706862
6288,2722,1.2604408937962894e-06,0.1833950825193668,0.0,1,10,0.0063491960706862
6295,2728,1.2490398974199931e-05,0.18618567276457515,0.0,1,10,0.0063491960706862
6302,6400,1.6380292983539555e-05,0.19140762316074925,0.0,1,10,0.0063491960706862
6304,5186,1.6380292983539555e-05,0.19140762316074925,0.0,1,10,0.0063491960706862
6344,2817,2.3320667397656425e-07,0.16371367824238128,0.0,1,10,0.0063491960706862
6358,2842,4.3973642925958226e-06,0.18093994778067884,0.0,1,10,0.0063491960706862
6362,2852,2.855640140842317e-06,0.16576423771935547,0.0,1,10,0.0063491960706862
6400,3310,1.126621083864155e-07,0.15907430980154838,0.0,1,10,0.0063491960706862
6410,2883,7.365529545550123e-07,0.16331383765023458,0.0,1,10,0.0063491960706862
6444,2945,2.395226235643564e-06,0.1753098912218568,0.0,1,10,0.0063491960706862
6445,2950,7.831346380988242e-06,0.18027669386307202,0.0,1,10,0.0063491960706862
6533,3076,4.377034163105431e-07,0.16538302996116547,0.0,1,10,0.0063491960706862
6546,6122,3.768199344142897e-08,0.15253321594365296,0.0,1,10,0.0063491960706862
6549,5037,1.351043635528312e-07,0.14555765595463138,0.0,1,10,0.0063491960706862
6574,4706,7.268723828108345e-07,0.1749397590361446,0.0,1,10,0.0063491960706862
6575,5177,7.268723828108345e-07,0.1749397590361446,0.0,1,10,0.0063491960706862
6579,3150,4.404269517765818e-07,0.16048083198248458,0.0,1,10,0.0063491960706862
6591,3179,7.365529545563133e-07,0.16331383765023458,0.0,1,10,0.0063491960706862
6634,5389,2.8338439547640037e-06,0.17990654205607476,0.0,1,10,0.0063491960706862
6671,6984,1.3093395926148279e-07,0.15337102388185825,0.0,1,10,0.0063491960706862
6681,3421,7.98567828714351e-07,0.1676969443650043,0.0,1,10,0.0063491960706862
6719,7183,1.4395873139862627e-05,0.18693903575457355,0.0,1,10,0.0063491960706862
6722,6075,1.003169668042649e-08,0.13721537215372154,0.0,1,10,0.0063491960706862
6758,5163,2.740524286930565e-06,0.1829593183727349,0.0,1,10,0.0063491960706862
6759,4628,2.740524286930565e-06,0.1829593183727349,0.0,1,10,0.0063491960706862
6768,3485,3.4354626446393543e-07,0.16849015317286653,0.0,1,10,0.0063491960706862
6787,3522,3.997311967352008e-06,0.1844958613679268,0.0,1,10,0.0063491960706862
6849,6723,1.202001581896609e-07,0.1552008469572653,0.0,1,10,0.0063491960706862
6855,3601,4.5942409917095535e-07,0.16286721504112808,0.0,1,10,0.0063491960706862
6862,5805,1.0957975154187815e-06,0.16493217075228803,0.0,1,10,0.0063491960706862
6872,6604,2.468606021067056e-06,0.16817419696434874,0.0,1,10,0.0063491960706862
6900,3719,5.800109600752641e-06,0.18400598628946607,0.0,1,10,0.0063491960706862
6940,6098,5.6425604315672666e-06,0.1830515800595524,0.0,1,10,0.0063491960706862
6964,3863,2.1582079532773696e-07,0.16392138310682952,0.0,1,10,0.0063491960706862
6975,3901,2.855640140842317e-06,0.16576423771935547,0.0,1,10,0.0063491960706862
6976,3902,1.2890612005420983e-06,0.17127258021029929,0.0,1,10,0.0063491960706862
6982,7164,3.231700304257107e-08,0.14450089092770216,0.0,1,10,0.0063491960706862
6996,4642,5.285644548986285e-07,0.16334533299048598,0.0,1,10,0.0063491960706862
7006,5017,1.3037609947894402e-07,0.1602110085958681,0.0,1,10,0.0063491960706862
7011,3978,4.515737737801792e-05,0.21464170068984936,0.0,1,10,0.0063491960706862
7013,7092,2.9554420524482393e-07,0.1628567766193813,0.0,1,10,0.0063491960706862
7039,4050,1.1706269863334679e-06,0.17672423785788802,0.0,1,10,0.0063491960706862
7064,4133,2.3649949369788483e-08,0.14776119402985075,0.0,1,10,0.0063491960706862
7076,6311,1.1006663731417884e-05,0.1883757135443695,0.0,1,10,0.0063491960706862
7083,4199,4.197714949039119e-08,0.15559365623660523,0.0,1,10,0.0063491960706862
7086,4207,2.841280793629914e-05,0.1951762808203395,0.0,1,10,0.0063491960706862
7093,7210,7.707326907482584e-05,0.19220392829227706,0.0,1,10,0.0063491960706862
7094,4654,7.707326907482584e-05,0.19220392829227706,0.0,1,10,0.0063491960706862
7098,5442,9.050688743072233e-07,0.1714922048997773,0.0,1,10,0.0063491960706862
7099,4552,9.050688743072233e-07,0.1714922048997773,0.0,1,10,0.0063491960706862
7121,4313,4.404269517765818e-07,0.16048083198248458,0.0,1,10,0.0063491960706862
7151,4372,2.009762921903431e-06,0.16540097205346294,0.0,1,10,0.0063491960706862
7166,6499,3.003885014478701e-07,0.16326486903257587,0.0,1,10,0.0063491960706862
7170,6517,1.4535971048362384e-06,0.17997450184153366,0.0,1,10,0.0063491960706862
7186,6151,6.292931786807481e-07,0.16294728741823777,0.0,1,10,0.0063491960706862
7212,4571,9.293900037379497e-06,0.18467017127352892,0.0,1,10,0.0063491960706862
7214,6247,4.1071385997757455e-08,0.14551319983965488,0.0,1,10,0.0063491960706862
7216,7077,6.637152111527532e-06,0.17343920640698945,0.0,1,10,0.0063491960706862
7228,7115,3.353187298681118e-07,0.15994880295432132,0.0,1,10,0.0063491960706862
7231,4639,4.8450282765136605e-08,0.15076241520479403,0.0,1,10,0.0063491960706862
7233,4643,5.338722853039247e-06,0.17630325176927703,0.0,1,10,0.0063491960706862
7257,4736,2.622442548416745e-06,0.18060557240333586,0.0,1,10,0.0063491960706862
7287,4791,9.153242311472004e-07,0.1666156670746634,0.0,1,10,0.0063491960706862
7289,4802,7.762927383317956e-06,0.1766628041714948,0.0,1,10,0.0063491960706862
7321,5806,2.1515830302426714e-07,0.1581863457148786,0.0,1,10,0.0063491960706862
7325,6464,3.0432114056891113e-07,0.15621541866469937,0.0,1,10,0.0063491960706862
7331,4861,8.701078609498991e-09,0.13707226727563698,0.0,1,10,0.0063491960706862
7368,5002,8.389948702311617e-06,0.17473124441286358,0.0,1,10,0.0063491960706862
7375,5027,1.1023033273186321e-05,0.1920102768192237,0.0,1,10,0.0063491960706862
7380,5059,1.9360255898736337e-06,0.1770484949832776,0.0,1,10,0.0063491960706862
7406,5155,7.96981962932283e-07,0.16342237276508167,0.0,1,10,0.0063491960706862
7419,5237,4.515737737801792e-05,0.21464170068984936,0.0,1,10,0.0063491960706862
7451,5374,6.134220644685795e-06,0.1719680563075257,0.0,1,10,0.0063491960706862
7452,5382,3.853491151296975e-08,0.15151153777353765,0.0,1,10,0.0063491960706862
7457,5699,4.082534712172491e-08,0.1452442649188324,0.0,1,10,0.0063491960706862
7458,5452,7.027800474805907e-08,0.1506194305585742,0.0,1,10,0.0063491960706862
7461,5460,2.656903777605051e-06,0.18943836978131212,0.0,1,10,0.0063491960706862
7479,5552,5.96320448240709e-06,0.17328150572831424,0.0,1,10,0.0063491960706862
7488,5622,5.642317397511518e-07,0.16124119550732915,0.0,1,10,0.0063491960706862
7489,5627,5.9096631025869935e-06,0.18342597271349168,0.0,1,10,0.0063491960706862
7525,5886,2.972052362904575e-07,0.15954040308909398,0.0,1,10,0.0063491960706862
7531,5932,4.369379817698774e-06,0.17110727031940923,0.0,1,10,0.0063491960706862
7532,6426,4.477462438219128e-09,0.13739095955590802,0.0,1,10,0.0063491960706862
7544,6435,5.921534569919514e-08,0.1558481385316787,0.0,1,10,0.0063491960706862
7548,6055,5.9096631025869935e-06,0.18342597271349168,0.0,1,10,0.0063491960706862
7550,6850,4.515737737801792e-05,0.21464170068984936,0.0,1,10,0.0063491960706862
7554,6210,7.104335710524413e-08,0.15467180683778026,0.0,1,10,0.0063491960706862
7561,6532,8.148372069486585e-09,0.137860566054797,0.0,1,10,0.0063491960706862
7567,6926,1.2490398974199931e-05,0.18618567276457515,0.0,1,10,0.0063491960706862
7573,7384,1.1739302740522647e-05,0.18512312399825148,0.0,1,10,0.0063491960706862
7601,7324,7.512960048186998e-08,0.15931034482758621,0.0,1,10,0.0063491960706862
7606,7530,2.7457238995679456e-06,0.1738347167746055,0.0,1,10,0.0063491960706862
7609,7124,1.7017915970244628e-07,0.15917395752855443,0.0,1,10,0.0063491960706862
285,3740,2.1139690626877476e-05,0.18677872246588098,0.0,2,10,0.0063491960706862
323,39,4.054566735999773e-05,0.19786124016923196,0.0,2,10,0.0063491960706862
414,5195,1.1000976966636491e-05,0.18715474699860057,0.0,2,10,0.0063491960706862
469,64,1.6226693750546356e-05,0.18462097360135626,0.0,2,10,0.0063491960706862
551,79,1.970985977370795e-05,0.18845022372747275,0.0,2,10,0.0063491960706862
578,5998,4.084823357986699e-06,0.19262647192601204,0.0,2,10,0.0063491960706862
1039,3098,5.2152017613027766e-06,0.17035017542291447,0.0,2,10,0.0063491960706862
1041,6511,8.761410369287479e-06,0.18943366218533336,0.0,2,10,0.0063491960706862
1057,3590,4.639880313372145e-06,0.18370888058802265,0.0,2,10,0.0063491960706862
1061,2627,6.3672050487154475e-06,0.18387283515847364,0.0,2,10,0.0063491960706862
1131,2811,1.7603574873796336e-05,0.1848089604344453,0.0,2,10,0.0063491960706862
1153,2735,1.0494736455139123e-07,0.15846915017462165,0.0,2,10,0.0063491960706862
1224,914,1.3961182012966162e-05,0.18753690218460933,0.0,2,10,0.0063491960706862
1274,1549,2.8084277706496254e-06,0.1808970099667774,0.0,2,10,0.0063491960706862
1363,4630,3.752418013651658e-05,0.21060338158912587,0.0,2,10,0.0063491960706862
1519,6044,2.9654336138852548e-06,0.18635863586358636,0.0,2,10,0.0063491960706862
1574,7440,1.0304943965523823e-06,0.1608804845619737,0.0,2,10,0.0063491960706862
1579,254,4.934145660574498e-07,0.16324389147054413,0.0,2,10,0.0063491960706862
1621,264,3.210939174675466e-05,0.19511633264224834,0.0,2,10,0.0063491960706862
1628,648,1.7670792747897202e-05,0.19984270546598507,0.0,2,10,0.0063491960706862
1752,1244,0.0036678152743247873,0.20503510045993706,0.0,2,10,0.0063491960706862
1942,333,1.2085451766492327e-06,0.16610738255033558,0.0,2,10,0.0063491960706862
2011,351,2.5549997621477685e-07,0.1598314253365203,0.0,2,10,0.0063491960706862
2045,431,9.854297248708112e-07,0.17989805069146175,0.0,2,10,0.0063491960706862
2148,382,1.7539472541107194e-06,0.17182463653781133,0.0,2,10,0.0063491960706862
2204,405,4.094284848560427e-06,0.19397440138425914,0.0,2,10,0.0063491960706862
2239,411,1.6993295368533594e-06,0.1749518039107684,0.0,2,10,0.0063491960706862
2424,467,9.375785522171976e-06,0.18484481086323956,0.0,2,10,0.0063491960706862
2481,475,2.4885639988133776e-06,0.17901930393123855,0.0,2,10,0.0063491960706862
2731,530,6.917168715645113e-06,0.17351421482712312,0.0,2,10,0.0063491960706862
2777,6440,1.0112438626661141e-05,0.2007426133670406,0.0,2,10,0.0063491960706862
2795,549,1.5287677890844317e-05,0.1916289592760181,0.0,2,10,0.0063491960706862
2926,3238,1.1727829131769706e-05,0.1903655978423734,0.0,2,10,0.0063491960706862
3058,4698,0.00012336230934748165,0.19869672878926103,0.0,2,10,0.0063491960706862
3065,7234,2.626090937258784e-05,0.1926070038910506,0.0,2,10,0.0063491960706862
3166,1270,8.242543792785876e-05,0.17250899545135667,0.0,2,10,0.0063491960706862
3212,1820,0.0001000006256905937,0.19643869504715766,0.0,2,10,0.0063491960706862
3266,4497,6.682654417634171e-06,0.1793098581610331,0.0,2,10,0.0063491960706862
3374,2924,1.6896360337343539e-06,0.18336420272773193,0.0,2,10,0.0063491960706862
3410,3735,3.53612947843107e-05,0.2049083382613838,0.0,2,10,0.0063491960706862
3533,819,1.0084737398229366e-06,0.17255194893385847,0.0,2,10,0.0063491960706862
3613,857,2.9692264687932155e-05,0.1961354397159471,0.0,2,10,0.0063491960706862
3680,6796,4.310799306036994e-06,0.18842693296420804,0.0,2,10,0.0063491960706862
3701,890,2.1496460064265365e-06,0.17836585708268987,0.0,2,10,0.0063491960706862
3728,6670,9.064491848558574e-06,0.19184597961494904,0.0,2,10,0.0063491960706862
3826,6263,3.14537615611273e-07,0.15990183122522184,0.0,2,10,0.0063491960706862
3943,5448,9.770897407538728e-05,0.21322480490056223,0.0,2,10,0.0063491960706862
3983,6113,1.4785961427810775e-05,0.188618087343808,0.0,2,10,0.0063491960706862
4046,1023,1.7111218399666545e-06,0.16756424065240808,0.0,2,10,0.0063491960706862
4048,5659,7.712004908564096e-07,0.1749598347486803,0.0,2,10,0.0063491960706862
4105,1443,6.380133256153838e-06,0.1882919599851797,0.0,2,10,0.0063491960706862
4107,6159,2.9705630083049247e-05,0.22754544640458493,0.0,2,10,0.0063491960706862
4148,1072,4.845134960793237e-07,0.161053832502324,0.0,2,10,0.0063491960706862
4165,5652,4.230909699098498e-06,0.18193317422434369,0.0,2,10,0.0063491960706862
4166,7326,1.9354706000417973e-05,0.19515629400168966,0.0,2,10,0.0063491960706862
4222,1105,0.00045273525586116527,0.1996333638863428,0.0,2,10,0.0063491960706862
4442,1227,3.554536141891367e-05,0.19557186104982296,0.0,2,10,0.0063491960706862
4492,1252,4.782323306746499e-07,0.16663752022034714,0.0,2,10,0.0063491960706862
4520,6124,2.4356915714817786e-06,0.1681148553281581,0.0,2,10,0.0063491960706862
4552,1290,2.4955544138885185e-06,0.17306513496946443,0.0,2,10,0.0063491960706862
4555,5618,9.129183867134783e-07,0.17337609170305676,0.0,2,10,0.0063491960706862
4647,4492,1.895711846864998e-05,0.18996237135238855,0.0,2,10,0.0063491960706862
4664,3733,2.9598493966318087e-06,0.17204568023833167,0.0,2,10,0.0063491960706862
4666,1361,2.5391740258025136e-06,0.17692932575142162,0.0,2,10,0.0063491960706862
4795,1437,1.7587952761735069e-06,0.18003400878560294,0.0,2,10,0.0063491960706862
4805,1449,1.4942497110268548e-05,0.19097126537565448,0.0,2,10,0.0063491960706862
4834,4022,2.1988317864556253e-06,0.1794871794871795,0.0,2,10,0.0063491960706862
4838,5135,9.932062233835771e-06,0.18697113144146574,0.0,2,10,0.0063491960706862
4856,1477,1.4372032577997933e-06,0.16363636363636364,0.0,2,10,0.0063491960706862
4894,3301,1.0399559367361392e-05,0.1771719425463673,0.0,2,10,0.0063491960706862
4944,1537,2.1039448422977715e-05,0.18470149253731344,0.0,2,10,0.0063491960706862
5229,1714,5.0731877144618465e-06,0.18841296126943324,0.0,2,10,0.0063491960706862
5230,5229,1.220938718737235e-05,0.17223615535823222,0.0,2,10,0.0063491960706862
5253,7481,4.690494124692431e-05,0.21467192340185864,0.0,2,10,0.0063491960706862
5352,3761,1.8221118645046164e-05,0.19489683736864982,0.0,2,10,0.0063491960706862
5393,1829,7.27696788014366e-08,0.1539160457932037,0.0,2,10,0.0063491960706862
5394,6042,7.287575449954497e-07,0.17508038585209004,0.0,2,10,0.0063491960706862
5407,1836,1.634286453684738e-06,0.17943648047454275,0.0,2,10,0.0063491960706862
5408,6068,1.6342864536834913e-06,0.17943648047454275,0.0,2,10,0.0063491960706862
5441,1858,5.684733866014529e-08,0.15254847811730804,0.0,2,10,0.0063491960706862
5442,6344,1.1413478842114463e-07,0.1603525526409895,0.0,2,10,0.0063491960706862
5460,4727,1.7664141258210718e-05,0.1988262910798122,0.0,2,10,0.0063491960706862
5491,2309,1.7847209270641685e-06,0.17164279924344772,0.0,2,10,0.0063491960706862
5506,4668,4.083685351953568e-06,0.1910478434124458,0.0,2,10,0.0063491960706862
5519,1915,8.069466200723847e-07,0.1714844892358221,0.0,2,10,0.0063491960706862
5537,3193,1.6132450737213527e-06,0.18851080666699638,0.0,2,10,0.0063491960706862
5564,1949,1.278762799894928e-06,0.16855721393034825,0.0,2,10,0.0063491960706862
5574,5689,3.4892010934719504e-05,0.19901315789473684,0.0,2,10,0.0063491960706862
5641,2012,3.492235580964847e-07,0.1589018823087987,0.0,2,10,0.0063491960706862
5647,2016,2.0634752280684552e-06,0.1882268697992543,0.0,2,10,0.0063491960706862
5695,7176,1.36074456233913e-05,0.19637796898346127,0.0,2,10,0.0063491960706862
5727,2103,4.231533119815825e-07,0.17397357190131685,0.0,2,10,0.0063491960706862
5737,3101,2.867748503590249e-06,0.18104308174606945,0.0,2,10,0.0063491960706862
5776,4090,1.2750146482153858e-05,0.18152593227603944,0.0,2,10,0.0063491960706862
5777,4826,1.230718204856128e-05,0.17884710133026768,0.0,2,10,0.0063491960706862
5818,2187,2.8513223353890365e-05,0.19529128452118666,0.0,2,10,0.0063491960706862
5879,2255,4.2272981556542704e-07,0.16249227293074414,0.0,2,10,0.0063491960706862
5920,2302,1.5184298112226818e-05,0.19088040865384615,0.0,2,10,0.0063491960706862
5922,2307,4.5269644458725326e-06,0.1786208027743281,0.0,2,10,0.0063491960706862
5980,3166,5.448942368792625e-06,0.17657277865283053,0.0,2,10,0.0063491960706862
6006,2402,1.4768272919416587e-05,0.19062265566391598,0.0,2,10,0.0063491960706862
6043,2438,3.7589847540776114e-06,0.1802639046538025,0.0,2,10,0.0063491960706862
6143,6188,1.3955581106694429e-05,0.18794378698224853,0.0,2,10,0.0063491960706862
6158,6107,2.689773951595121e-06,0.17967332123411978,0.0,2,10,0.0063491960706862
6167,4182,4.5404732112271056e-05,0.21493825071899847,0.0,2,10,0.0063491960706862
6201,3730,2.440810955395023e-05,0.21352343071622643,0.0,2,10,0.0063491960706862
6212,2709,9.8669786057447e-06,0.19445932501721894,0.0,2,10,0.0063491960706862
6231,2636,1.6058346627311649e-06,0.18067834372259486,0.0,2,10,0.0063491960706862
6240,7283,4.782323306746499e-07,0.16663752022034714,0.0,2,10,0.0063491960706862
6260,2686,2.375254267052376e-06,0.17302978027964408,0.0,2,10,0.0063491960706862
6266,3673,4.627749556198269e-06,0.17536635303319606,0.0,2,10,0.0063491960706862
6303,6732,1.8011540645152302e-05,0.19141242937853106,0.0,2,10,0.0063491960706862
6411,6971,2.8431888984875926e-05,0.19518627576494688,0.0,2,10,0.0063491960706862
6432,6880,1.4499683474911704e-06,0.18302081582675087,0.0,2,10,0.0063491960706862
6433,5415,1.987757921466967e-06,0.18451372416130124,0.0,2,10,0.0063491960706862
6438,2931,1.4826402621505397e-05,0.19076099196716798,0.0,2,10,0.0063491960706862
6451,3378,7.223654569305869e-06,0.1933839011644131,0.0,2,10,0.0063491960706862
6545,3088,1.454573289838239e-06,0.17998300042498938,0.0,2,10,0.0063491960706862
6553,5974,4.270910753629262e-06,0.18914694059848147,0.0,2,10,0.0063491960706862
6557,3106,1.4018498161138064e-06,0.1721622476173269,0.0,2,10,0.0063491960706862
6592,5376,2.84318889848756e-05,0.19518627576494688,0.0,2,10,0.0063491960706862
6629,3246,1.8472304309027837e-06,0.17200685951532108,0.0,2,10,0.0063491960706862
6642,4958,7.828428742925673e-07,0.1841704718417047,0.0,2,10,0.0063491960706862
6661,6060,1.3947973273300791e-06,0.17535021737630252,0.0,2,10,0.0063491960706862
6685,6773,2.9667368078684588e-06,0.1790403269370787,0.0,2,10,0.0063491960706862
6721,3422,3.872363617608531e-07,0.15903448563620054,0.0,2,10,0.0063491960706862
6734,7114,0.00012915118731928016,0.20593240943350352,0.0,2,10,0.0063491960706862
6757,6854,2.7423647272402933e-06,0.18296810119290496,0.0,2,10,0.0063491960706862
6823,6030,1.4785278928349897e-06,0.16556622214499805,0.0,2,10,0.0063491960706862
6830,3787,9.930633067702098e-07,0.16943765281173595,0.0,2,10,0.0063491960706862
6896,3712,6.310779068762556e-06,0.176258410599089,0.0,2,10,0.0063491960706862
6897,7485,6.310779068762038e-06,0.176258410599089,0.0,2,10,0.0063491960706862
6924,3784,1.0097090730899539e-06,0.16347143592382912,0.0,2,10,0.0063491960706862
6938,3806,4.849924308017508e-06,0.1851051430236511,0.0,2,10,0.0063491960706862
6977,7467,3.6382551101802615e-07,0.16806296573923013,0.0,2,10,0.0063491960706862
6978,5621,4.537319817334543e-05,0.215065594583157,0.0,2,10,0.0063491960706862
6981,3915,1.2474777775948868e-06,0.16890454666312152,0.0,2,10,0.0063491960706862
7040,7062,4.5187703494089445e-05,0.21465378875341423,0.0,2,10,0.0063491960706862
7075,4265,1.5437625946730475e-05,0.18974958928660327,0.0,2,10,0.0063491960706862
7146,6011,2.28578831257012e-06,0.18461650238550772,0.0,2,10,0.0063491960706862
7161,6497,2.585198706146521e-05,0.19160006032272658,0.0,2,10,0.0063491960706862
7162,6516,1.7464113580679018e-06,0.18057562477792255,0.0,2,10,0.0063491960706862
7171,4601,1.5354825896286905e-06,0.18038760973993706,0.0,2,10,0.0063491960706862
7183,4489,9.065371067300158e-06,0.1869023684597656,0.0,2,10,0.0063491960706862
7288,7372,1.538491257806189e-05,0.19063218965689707,0.0,2,10,0.0063491960706862
7322,5183,6.410946956538361e-07,0.1654117391776066,0.0,2,10,0.0063491960706862
7324,4849,1.1747186445870263e-05,0.1851321157956091,0.0,2,10,0.0063491960706862
7330,4859,1.2899385312471053e-05,0.18775862068965518,0.0,2,10,0.0063491960706862
7332,7330,3.35872797103639e-07,0.158842282928049,0.0,2,10,0.0063491960706862
7364,6117,1.5822879654139983e-06,0.16908062548519462,0.0,2,10,0.0063491960706862
7484,6715,3.196441904159221e-05,0.19552671403288274,0.0,2,10,0.0063491960706862
7486,5603,4.544594149062387e-05,0.2149443112928239,0.0,2,10,0.0063491960706862
7490,5645,2.07572730976427e-06,0.1760589403667606,0.0,2,10,0.0063491960706862
7549,7399,5.112058186042532e-05,0.21477474431578059,0.0,2,10,0.0063491960706862
7560,6669,1.323465028489085e-06,0.18358942247483262,0.0,2,10,0.0063491960706862
7599,7609,2.4328124541049684e-06,0.17321063394683026,0.0,2,10,0.0063491960706862
318,6288,2.178006901899963e-05,0.19223300970873786,0.0,3,10,0.0063491960706862
447,3302,5.0801852576183525e-05,0.19935144747509087,0.0,3,10,0.0063491960706862
486,2882,3.445682339961143e-05,0.20491935483870968,0.0,3,10,0.0063491960706862
490,6718,7.370268437805212e-06,0.18548347851476957,0.0,3,10,0.0063491960706862
948,4371,1.3748533142427857e-05,0.1772337309060473,0.0,3,10,0.0063491960706862
950,5732,1.7253410053685074e-05,0.18934896544871954,0.0,3,10,0.0063491960706862
1015,2675,5.022720248926655e-06,0.18236842105263157,0.0,3,10,0.0063491960706862
1053,148,3.141987907274274e-05,0.19788178490771746,0.0,3,10,0.0063491960706862
1081,6192,4.000332240737107e-06,0.1815864697474988,0.0,3,10,0.0063491960706862
1151,6178,5.964581953429196e-06,0.18789282985383648,0.0,3,10,0.0063491960706862
1154,3772,3.2133243607551685e-05,0.2051399354144241,0.0,3,10,0.0063491960706862
1243,4116,1.2168684673892214e-05,0.18562801344177665,0.0,3,10,0.0063491960706862
1369,2518,5.572479127507458e-05,0.20194447387941084,0.0,3,10,0.0063491960706862
1374,4349,3.9790800213755004e-05,0.19381165463236041,0.0,3,10,0.0063491960706862
1505,239,9.581943696912085e-08,0.1531061077748097,0.0,3,10,0.0063491960706862
1575,6164,3.906577895710444e-06,0.18082835183603757,0.0,3,10,0.0063491960706862
1625,6176,1.4874970216149258e-06,0.178562226230353,0.0,3,10,0.0063491960706862
1629,4521,1.866960768200521e-05,0.20745679684310792,0.0,3,10,0.0063491960706862
1657,7191,1.569839696028259e-05,0.18914694059848147,0.0,3,10,0.0063491960706862
1864,1529,1.3281683658889792e-06,0.16848642913977543,0.0,3,10,0.0063491960706862
1890,2885,1.7790172655089608e-05,0.20003148862473433,0.0,3,10,0.0063491960706862
1896,316,6.910151886434987e-06,0.17960135708227312,0.0,3,10,0.0063491960706862
2161,387,4.618533360621891e-06,0.19511633264224834,0.0,3,10,0.0063491960706862
2334,439,3.022708600918888e-05,0.19397440138425914,0.0,3,10,0.0063491960706862
2362,2184,0.00020275182468651448,0.20911285455642728,0.0,3,10,0.0063491960706862
2797,7186,1.8550240179910723e-05,0.18911878535278356,0.0,3,10,0.0063491960706862
2799,2208,1.6357212312957677e-05,0.1904416908164285,0.0,3,10,0.0063491960706862
2803,6462,1.568552056320846e-05,0.1882640586797066,0.0,3,10,0.0063491960706862
2808,6479,2.6130526582246573e-05,0.1907037250143847,0.0,3,10,0.0063491960706862
2833,5397,2.6217526885555777e-05,0.1870307669659944,0.0,3,10,0.0063491960706862
2869,572,3.575959861542199e-05,0.22931143398610235,0.0,3,10,0.0063491960706862
2915,595,2.565201427246918e-06,0.1832804385458742,0.0,3,10,0.0063491960706862
2949,606,3.2029536697853537e-06,0.17192539299488035,0.0,3,10,0.0063491960706862
2973,2487,3.634488436020854e-05,0.1937476172321769,0.0,3,10,0.0063491960706862
3062,7275,0.0001662135898422873,0.20255619918159112,0.0,3,10,0.0063491960706862
3232,6835,1.1778647683963624e-06,0.17211560171596296,0.0,3,10,0.0063491960706862
3233,4700,1.7497461699427546e-05,0.19894563770650103,0.0,3,10,0.0063491960706862
3267,6015,1.550910748086305e-05,0.20006298716636486,0.0,3,10,0.0063491960706862
3269,4687,4.172799577984632e-06,0.1731673519456623,0.0,3,10,0.0063491960706862
3375,5899,2.6264661047523538e-06,0.17789964994165694,0.0,3,10,0.0063491960706862
3517,7346,1.6635661788687275e-05,0.1967073516889015,0.0,3,10,0.0063491960706862
3521,1029,1.4076345593622854e-05,0.2033016855131214,0.0,3,10,0.0063491960706862
3554,829,2.731382459233836e-05,0.2166794576618061,0.0,3,10,0.0063491960706862
3560,831,0.00022254595648173956,0.20999421503539847,0.0,3,10,0.0063491960706862
3563,837,1.2456604935716795e-05,0.20954396767365788,0.0,3,10,0.0063491960706862
3679,4635,1.294373316025428e-05,0.19039888103504257,0.0,3,10,0.0063491960706862
3705,6191,3.2751469884142084e-06,0.19972228044435128,0.0,3,10,0.0063491960706862
3742,902,1.8739116796133835e-05,0.18933015423589897,0.0,3,10,0.0063491960706862
3829,5231,2.88698863475013e-05,0.19661095636026,0.0,3,10,0.0063491960706862
4006,2411,5.129563871312928e-05,0.2045235028976175,0.0,3,10,0.0063491960706862
4070,1035,4.7313389674486295e-05,0.21522954429950872,0.0,3,10,0.0063491960706862
4103,1080,2.4567932750880213e-05,0.19512632144776923,0.0,3,10,0.0063491960706862
4149,4253,1.701797169645845e-06,0.16831530139103554,0.0,3,10,0.0063491960706862
4159,1078,1.5565679595880616e-05,0.1906369570110286,0.0,3,10,0.0063491960706862
4160,5692,1.556567959588067e-05,0.1906369570110286,0.0,3,10,0.0063491960706862
4187,1092,8.881475924937694e-06,0.19500652324064363,0.0,3,10,0.0063491960706862
4312,6763,0.0001377437283910268,0.2183177248904545,0.0,3,10,0.0063491960706862
4355,1176,1.5653443731997805e-05,0.1935852506475697,0.0,3,10,0.0063491960706862
4427,3804,3.3875133766084896e-05,0.1935606733869944,0.0,3,10,0.0063491960706862
4553,6434,7.793120136612541e-06,0.1860039528585023,0.0,3,10,0.0063491960706862
4563,5936,1.7283579430932105e-07,0.1592704024069199,0.0,3,10,0.0063491960706862
4565,2962,9.011174419083053e-05,0.19695129828187571,0.0,3,10,0.0063491960706862
4676,1370,4.247148456537727e-05,0.19328093306288033,0.0,3,10,0.0063491960706862
4733,4491,2.142152194117681e-05,0.18928314255208203,0.0,3,10,0.0063491960706862
4806,4869,7.107862311026413e-06,0.18341714588195665,0.0,3,10,0.0063491960706862
4840,5109,2.3370078583833245e-06,0.17855386128873585,0.0,3,10,0.0063491960706862
4995,2528,5.979562055821823e-06,0.1768677494199536,0.0,3,10,0.0063491960706862
4996,3441,7.021389850820501e-06,0.18594950603732163,0.0,3,10,0.0063491960706862
4997,1649,1.12510297198921e-06,0.16989079563182527,0.0,3,10,0.0063491960706862
5084,1630,3.909772615280881e-06,0.1842416918429003,0.0,3,10,0.0063491960706862
5152,7516,6.8894424463532564e-06,0.18606297290700513,0.0,3,10,0.0063491960706862
5272,1747,3.6189669299561107e-06,0.18041749502982107,0.0,3,10,0.0063491960706862
5273,2371,1.0583630813926175e-06,0.16359422280404318,0.0,3,10,0.0063491960706862
5354,7240,9.517178473641966e-05,0.20827868852459017,0.0,3,10,0.0063491960706862
5360,3835,3.542850073988168e-05,0.20014177693761814,0.0,3,10,0.0063491960706862
5365,4594,6.75603840606007e-06,0.1788806758183738,0.0,3,10,0.0063491960706862
5391,1828,1.1930814234877185e-06,0.16920447482908638,0.0,3,10,0.0063491960706862
5410,1840,4.909508416801351e-07,0.16664116296863046,0.0,3,10,0.0063491960706862
5411,2453,4.909508416816902e-07,0.16664116296863046,0.0,3,10,0.0063491960706862
5446,1860,3.516997884862209e-05,0.1954966275998256,0.0,3,10,0.0063491960706862
5490,6392,9.351745656101463e-07,0.1739775424502465,0.0,3,10,0.0063491960706862
5598,6831,1.609557579613886e-05,0.18958442139819442,0.0,3,10,0.0063491960706862
5618,1991,9.00863404090185e-06,0.17360905509121136,0.0,3,10,0.0063491960706862
5771,3944,0.0001177958032629671,0.21013314221131846,0.0,3,10,0.0063491960706862
5808,5432,8.931368060806765e-06,0.18465227817745802,0.0,3,10,0.0063491960706862
5855,3270,7.7492161216655e-05,0.21656865251853746,0.0,3,10,0.0063491960706862
6032,3690,1.9233363488954112e-05,0.2028796508223772,0.0,3,10,0.0063491960706862
6046,3805,2.552722123637357e-07,0.16921198668146503,0.0,3,10,0.0063491960706862
6058,5373,1.3526958601013655e-06,0.1715192151921519,0.0,3,10,0.0063491960706862
6144,2534,6.019403882122266e-05,0.1963172804532578,0.0,3,10,0.0063491960706862
6166,2561,9.548210078684546e-06,0.1914460796624642,0.0,3,10,0.0063491960706862
6189,2584,6.475833133820809e-06,0.18406374501992032,0.0,3,10,0.0063491960706862
6269,4743,6.525810742771201e-05,0.21711763030475648,0.0,3,10,0.0063491960706862
6278,2917,5.55291287538679e-06,0.19146050483486124,0.0,3,10,0.0063491960706862
6308,2752,1.2570639085449259e-06,0.16501785907565755,0.0,3,10,0.0063491960706862
6554,7231,0.00023834410758166155,0.20861498043293833,0.0,3,10,0.0063491960706862
6630,4223,2.1332689132573097e-05,0.1950564212788823,0.0,3,10,0.0063491960706862
6641,7085,3.853922854379443e-05,0.20435353724901484,0.0,3,10,0.0063491960706862
6682,6743,2.9000989639123978e-06,0.18949487918862484,0.0,3,10,0.0063491960706862
6704,7288,6.100923714213989e-06,0.1831835439996155,0.0,3,10,0.0063491960706862
6717,3545,1.6377089907130005e-05,0.1879808640757546,0.0,3,10,0.0063491960706862
6816,4477,0.003943420583400674,0.21904542972903077,0.0,3,10,0.0063491960706862
6952,5429,1.575910774570007e-06,0.16992109134679684,0.0,3,10,0.0063491960706862
6956,6067,2.8215951904618084e-05,0.191186797752809,0.0,3,10,0.0063491960706862
7047,7512,3.3809942826104386e-06,0.18160810005955927,0.0,3,10,0.0063491960706862
7080,5970,3.0523117353978407e-06,0.17551979001174275,0.0,3,10,0.0063491960706862
7309,4942,3.191636792092413e-05,0.19021359417107495,0.0,3,10,0.0063491960706862
7343,4909,1.4984273596803037e-05,0.19220392829227706,0.0,3,10,0.0063491960706862
7422,6701,1.5205012409603331e-05,0.19063218965689707,0.0,3,10,0.0063491960706862
160,3699,7.05192430396625e-05,0.19640832732144697,0.0,4,10,0.0063491960706862
292,4308,1.4937788660825427e-05,0.18909532905018234,0.0,4,10,0.0063491960706862
417,4973,2.0262932155862698e-05,0.19331034132981692,0.0,4,10,0.0063491960706862
429,1469,2.611759699128624e-05,0.197098976109215,0.0,4,10,0.0063491960706862
430,2303,1.195922690752407e-05,0.18909532905018234,0.0,4,10,0.0063491960706862
488,168,4.025941809984972e-05,0.1980926147289642,0.0,4,10,0.0063491960706862
514,4091,6.434685390771997e-05,0.19396946564885495,0.0,4,10,0.0063491960706862
602,662,0.0002144796037035791,0.2053720566840886,0.0,4,10,0.0063491960706862
1038,144,0.0002011783743131473,0.20531121225995852,0.0,4,10,0.0063491960706862
1079,155,1.2730449228842357e-06,0.16417556857339766,0.0,4,10,0.0063491960706862
1080,5624,1.559782615349249e-05,0.1906560288122452,0.0,4,10,0.0063491960706862
1227,4998,1.9287200235671892e-05,0.19123475992172997,0.0,4,10,0.0063491960706862
1239,2519,3.7117563255040506e-05,0.19358033469615785,0.0,4,10,0.0063491960706862
1508,3663,3.6937886230366173e-06,0.18076403215479833,0.0,4,10,0.0063491960706862
1618,7357,1.607938385000807e-06,0.18068690890990544,0.0,4,10,0.0063491960706862
1687,4680,2.5947190244307267e-05,0.21230435024786945,0.0,4,10,0.0063491960706862
1690,2804,7.534567749781282e-06,0.18884704949710152,0.0,4,10,0.0063491960706862
1691,3268,2.967338888029474e-05,0.19769190871369294,0.0,4,10,0.0063491960706862
1886,6501,9.098285930505901e-05,0.19779449922158795,0.0,4,10,0.0063491960706862
1943,1784,2.951456401416963e-06,0.18173365755971965,0.0,4,10,0.0063491960706862
2060,3689,3.424788796198963e-05,0.19714995086122175,0.0,4,10,0.0063491960706862
2196,6199,2.33526490111272e-05,0.19047500062467204,0.0,4,10,0.0063491960706862
2223,5916,3.520987869762753e-05,0.19309977961851205,0.0,4,10,0.0063491960706862
2335,3356,3.024687253207723e-05,0.19397933737085857,0.0,4,10,0.0063491960706862
2336,4046,3.049687989921853e-05,0.19099518941671678,0.0,4,10,0.0063491960706862
2425,6304,3.160884765585018e-06,0.17524540794041243,0.0,4,10,0.0063491960706862
2560,5930,1.097538509432704e-06,0.17525346575625905,0.0,4,10,0.0063491960706862
2562,3711,2.180645129137311e-05,0.20786409620156518,0.0,4,10,0.0063491960706862
2701,2970,1.4762445749389414e-05,0.1994662061386294,0.0,4,10,0.0063491960706862
2733,6908,1.0809000158008815e-05,0.17899408284023668,0.0,4,10,0.0063491960706862
2760,5383,6.761729323476378e-06,0.19954975000654432,0.0,4,10,0.0063491960706862
2791,547,1.2403360085506192e-05,0.18817575907183412,0.0,4,10,0.0063491960706862
2796,2797,3.7024082790668225e-05,0.1913691821057388,0.0,4,10,0.0063491960706862
2951,7586,4.295940995873532e-06,0.18527610344157106,0.0,4,10,0.0063491960706862
3052,1542,0.00015485430612784923,0.1991795568561873,0.0,4,10,0.0063491960706862
3055,2359,0.0001318848800424469,0.1993775173928964,0.0,4,10,0.0063491960706862
3056,6839,0.00015921404494371362,0.2023948598130841,0.0,4,10,0.0063491960706862
3191,3823,2.350712379206866e-05,0.1920392996599068,0.0,4,10,0.0063491960706862
3264,1646,6.429209252117845e-06,0.17703615968787012,0.0,4,10,0.0063491960706862
3295,4993,1.423210175610195e-05,0.19906512769624485,0.0,4,10,0.0063491960706862
3301,1855,1.4916578783047274e-05,0.1903323262839879,0.0,4,10,0.0063491960706862
3376,1948,5.114473934917005e-06,0.17855386128873585,0.0,4,10,0.0063491960706862
3414,3682,1.7765028205253956e-05,0.20344818383196775,0.0,4,10,0.0063491960706862
3425,772,7.644689634625326e-05,0.19576773928452196,0.0,4,10,0.0063491960706862
3678,5574,0.00014552333961400754,0.22169550676166933,0.0,4,10,0.0063491960706862
3706,4082,2.584962643368773e-05,0.21943636834681482,0.0,4,10,0.0063491960706862
3961,7362,1.0318401523530507e-06,0.17570588913218854,0.0,4,10,0.0063491960706862
3992,1289,5.631710366661137e-05,0.20261542141774977,0.0,4,10,0.0063491960706862
3993,7131,0.0002751522877825838,0.2093138197094923,0.0,4,10,0.0063491960706862
4033,7297,0.00010339287390367748,0.20667498102158116,0.0,4,10,0.0063491960706862
4176,1088,2.0114076879089696e-06,0.185623493315801,0.0,4,10,0.0063491960706862
4250,6976,4.359201119263862e-05,0.19699710564399422,0.0,4,10,0.0063491960706862
4357,5602,1.754644169543322e-05,0.19194259096059424,0.0,4,10,0.0063491960706862
4392,1198,3.5888793036768604e-05,0.19626168224299065,0.0,4,10,0.0063491960706862
4644,6823,5.8608506706371325e-05,0.19745123941254178,0.0,4,10,0.0063491960706862
4796,4110,6.4404867367264965e-06,0.18911409362673348,0.0,4,10,0.0063491960706862
4831,5667,2.18208851208289e-06,0.17566135127661536,0.0,4,10,0.0063491960706862
4837,2769,1.741379081034062e-06,0.17925925925925926,0.0,4,10,0.0063491960706862
4843,2440,8.952234354477823e-06,0.19252430862482636,0.0,4,10,0.0063491960706862
4853,4272,2.311047031542412e-05,0.19644375724777735,0.0,4,10,0.0063491960706862
4881,3841,3.66475695875954e-05,0.20305798993100876,0.0,4,10,0.0063491960706862
4888,1494,4.1422170312948195e-06,0.1853797329831473,0.0,4,10,0.0063491960706862
4914,1510,2.708142792149281e-05,0.2005894271504881,0.0,4,10,0.0063491960706862
5002,3258,4.928540183231994e-05,0.22438406970241073,0.0,4,10,0.0063491960706862
5082,7470,1.6441691198110287e-05,0.19404352806414663,0.0,4,10,0.0063491960706862
5091,1638,8.564714686720577e-06,0.19187978252114377,0.0,4,10,0.0063491960706862
5150,1673,2.089344700803016e-05,0.1880550621669627,0.0,4,10,0.0063491960706862
5162,2295,5.704374138577839e-05,0.20899246058944482,0.0,4,10,0.0063491960706862
5173,5616,5.5497313018906735e-05,0.196671826625387,0.0,4,10,0.0063491960706862
5357,5613,1.9295991728629022e-05,0.1962970592779523,0.0,4,10,0.0063491960706862
5366,4472,3.672581506417737e-05,0.19187978252114377,0.0,4,10,0.0063491960706862
5399,3384,1.8214550000406013e-05,0.200294279933787,0.0,4,10,0.0063491960706862
5423,3980,1.1408385482217295e-05,0.1945337620578778,0.0,4,10,0.0063491960706862
5461,6671,1.873070489170848e-05,0.19893006263048016,0.0,4,10,0.0063491960706862
5463,4840,8.305386527770207e-06,0.18790672451193058,0.0,4,10,0.0063491960706862
5471,5989,1.1138944951470912e-05,0.19936708860759494,0.0,4,10,0.0063491960706862
5520,3881,2.28182152027106e-05,0.198862598805207,0.0,4,10,0.0063491960706862
5547,4071,1.014900135847743e-06,0.1683524734982332,0.0,4,10,0.0063491960706862
5654,5482,3.606343246345531e-05,0.19804629653685277,0.0,4,10,0.0063491960706862
5709,2918,2.8104867604416136e-06,0.1884409067312684,0.0,4,10,0.0063491960706862
5722,3214,4.943342361537079e-06,0.1938708036622584,0.0,4,10,0.0063491960706862
5853,2733,4.6645482868673795e-05,0.20302013422818793,0.0,4,10,0.0063491960706862
5864,4548,7.25941151540223e-06,0.1855602346583579,0.0,4,10,0.0063491960706862
5915,2700,5.933237748480186e-05,0.21583894897785832,0.0,4,10,0.0063491960706862
5919,6663,4.7554236433211785e-06,0.18141792998405484,0.0,4,10,0.0063491960706862
5927,4210,3.8010849366477e-06,0.17559256443922328,0.0,4,10,0.0063491960706862
5996,2389,2.7170249072185368e-05,0.22870600942065944,0.0,4,10,0.0063491960706862
6159,5197,3.076452623387631e-05,0.19534132841328414,0.0,4,10,0.0063491960706862
6294,2727,9.898429551487388e-06,0.18958442139819442,0.0,4,10,0.0063491960706862
6309,6242,1.588454385695125e-06,0.16324389147054413,0.0,4,10,0.0063491960706862
6396,4291,1.5522484176553506e-06,0.1767324322444532,0.0,4,10,0.0063491960706862
6412,5553,5.574177937014837e-05,0.2156984805183781,0.0,4,10,0.0063491960706862
6539,5445,3.247891957618175e-05,0.196875,0.0,4,10,0.0063491960706862
6582,3160,2.6925322913181014e-05,0.20432067329598758,0.0,4,10,0.0063491960706862
6640,4631,1.1554200034278165e-05,0.19342806394316164,0.0,4,10,0.0063491960706862
6718,6754,3.195938552006386e-05,0.19051308324794441,0.0,4,10,0.0063491960706862
6822,3595,3.27771026816891e-05,0.19514630212733278,0.0,4,10,0.0063491960706862
6848,6425,2.712821144377175e-06,0.17732443183139873,0.0,4,10,0.0063491960706862
7005,3967,5.032684702084894e-06,0.1907705398032984,0.0,4,10,0.0063491960706862
7315,4951,1.710636044462699e-05,0.19139320595545958,0.0,4,10,0.0063491960706862
7316,5256,1.565283526595352e-05,0.19109573588027376,0.0,4,10,0.0063491960706862
146,4184,3.1380452759053726e-05,0.19481216457960643,0.0,5,10,0.0063491960706862
151,2530,7.32494322487272e-05,0.21669177634384149,0.0,5,10,0.0063491960706862
216,23,9.102588948479503e-05,0.20563243505705267,0.0,5,10,0.0063491960706862
234,6396,1.37514463945367e-05,0.1826174448410512,0.0,5,10,0.0063491960706862
293,3452,6.296825249969431e-05,0.21053939845886155,0.0,5,10,0.0063491960706862
513,6968,5.404900806227173e-05,0.20078491281673075,0.0,5,10,0.0063491960706862
785,3024,9.679552729425185e-05,0.22118732590529247,0.0,5,10,0.0063491960706862
1013,7274,1.5007399937778706e-05,0.19569235508548544,0.0,5,10,0.0063491960706862
1054,4778,3.177747393122163e-06,0.18858075847908368,0.0,5,10,0.0063491960706862
1059,2377,5.132889188639817e-05,0.2169878454925849,0.0,5,10,0.0063491960706862
1150,4305,2.717560772963695e-05,0.20579897950919251,0.0,5,10,0.0063491960706862
1361,259,3.211745310640961e-05,0.20469924812030074,0.0,5,10,0.0063491960706862
1578,7303,2.094986458862769e-05,0.196875,0.0,5,10,0.0063491960706862
1580,6179,1.147250341156593e-05,0.18982046365696356,0.0,5,10,0.0063491960706862
2286,2340,1.0568269152152005e-05,0.18653192062054957,0.0,5,10,0.0063491960706862
2361,444,2.827276613053664e-05,0.196034562567505,0.0,5,10,0.0063491960706862
2557,7364,5.17029070554236e-06,0.1863495245312538,0.0,5,10,0.0063491960706862
2561,6720,2.441980025982316e-05,0.20683760683760682,0.0,5,10,0.0063491960706862
2798,5533,2.7187945528102878e-05,0.19721115537848605,0.0,5,10,0.0063491960706862
2804,7184,0.0001776022178748142,0.20325289961338489,0.0,5,10,0.0063491960706862
2810,5544,3.387416134364664e-05,0.20611615833874108,0.0,5,10,0.0063491960706862
3054,4014,0.00015326855297125082,0.20703984355903202,0.0,5,10,0.0063491960706862
3061,2911,0.00020715985528046592,0.20568791991581448,0.0,5,10,0.0063491960706862
3066,845,5.120018813142771e-05,0.20259926646467868,0.0,5,10,0.0063491960706862
3279,1787,0.00014248555608083592,0.2202860858257477,0.0,5,10,0.0063491960706862
3352,746,1.5874476606791198e-05,0.19516129032258064,0.0,5,10,0.0063491960706862
3387,759,1.2355843736767135e-05,0.1913307564881281,0.0,5,10,0.0063491960706862
3388,816,1.849092199651225e-05,0.19971181556195966,0.0,5,10,0.0063491960706862
3411,4649,1.3261326550876323e-05,0.2026261928178411,0.0,5,10,0.0063491960706862
3412,5938,6.885602543830288e-05,0.210988098533075,0.0,5,10,0.0063491960706862
3416,4927,7.652616277375956e-05,0.20712422562764918,0.0,5,10,0.0063491960706862
3660,874,1.5843442006703767e-06,0.17028168070230304,0.0,5,10,0.0063491960706862
3823,938,1.2133407117332736e-05,0.19032282226050484,0.0,5,10,0.0063491960706862
4170,2159,1.0175372744453211e-05,0.196763202725724,0.0,5,10,0.0063491960706862
4307,2698,2.938700320408778e-05,0.20107620479544194,0.0,5,10,0.0063491960706862
4356,3561,1.7004872302512542e-05,0.19945054945054946,0.0,5,10,0.0063491960706862
4377,2080,6.54880596381613e-05,0.21612043547289636,0.0,5,10,0.0063491960706862
4451,1231,5.6348804908352645e-06,0.19623642073829994,0.0,5,10,0.0063491960706862
4493,6727,5.151032072325831e-07,0.16664844894300768,0.0,5,10,0.0063491960706862
4786,1430,2.4490281602680516e-05,0.2008536874555371,0.0,5,10,0.0063491960706862
4844,1554,1.869270651137817e-05,0.2026908452763966,0.0,5,10,0.0063491960706862
4886,7358,1.1615681368644123e-05,0.2019605245727911,0.0,5,10,0.0063491960706862
4906,3554,2.4295970815816372e-05,0.19534132841328414,0.0,5,10,0.0063491960706862
4907,5112,3.323333461542268e-05,0.19498657117278426,0.0,5,10,0.0063491960706862
5160,5080,8.99741068556151e-05,0.196671826625387,0.0,5,10,0.0063491960706862
5395,7223,2.0802454145055103e-06,0.17315948481475593,0.0,5,10,0.0063491960706862
5421,2370,4.9849974819441114e-05,0.20758107997712605,0.0,5,10,0.0063491960706862
5434,7612,3.741479501242762e-05,0.2050461306721898,0.0,5,10,0.0063491960706862
5466,4936,3.287395321919627e-05,0.19713465566733043,0.0,5,10,0.0063491960706862
5552,2588,4.6811209430858285e-05,0.21724137931034482,0.0,5,10,0.0063491960706862
5571,5381,0.0003947736049202199,0.2102896551724138,0.0,5,10,0.0063491960706862
5576,7491,8.84819481947386e-06,0.1925,0.0,5,10,0.0063491960706862
5642,4109,6.812880348691583e-06,0.18135319027453967,0.0,5,10,0.0063491960706862
5713,2081,1.7816025239685887e-05,0.19278235799908958,0.0,5,10,0.0063491960706862
5728,7060,1.3431112237492762e-05,0.2089065497396547,0.0,5,10,0.0063491960706862
5741,4806,4.35378525994686e-06,0.18627666593358258,0.0,5,10,0.0063491960706862
5745,5629,6.552310975406287e-06,0.19452879781560212,0.0,5,10,0.0063491960706862
5801,3427,2.8025412007405173e-05,0.19463806970509384,0.0,5,10,0.0063491960706862
5807,2315,2.965237938613526e-05,0.19755870004664905,0.0,5,10,0.0063491960706862
5918,7002,8.342818451622347e-06,0.19994229659549914,0.0,5,10,0.0063491960706862
6136,5232,2.1434927701279344e-05,0.2005630393601347,0.0,5,10,0.0063491960706862
6190,3318,1.5858433305773674e-05,0.19296291608657132,0.0,5,10,0.0063491960706862
6193,4097,2.165168921198609e-05,0.19361475160012193,0.0,5,10,0.0063491960706862
6395,4465,8.252263407810408e-07,0.17767160004661461,0.0,5,10,0.0063491960706862
6452,7556,1.547683853204051e-05,0.20582676314936818,0.0,5,10,0.0063491960706862
6829,3567,8.834580503773755e-06,0.18579541300056057,0.0,5,10,0.0063491960706862
6933,4793,2.41856669517992e-05,0.1920441376530458,0.0,5,10,0.0063491960706862
220,646,0.0004440130962621696,0.20001049510665653,0.0,6,10,0.0063491960706862
315,719,3.4444549899094905e-05,0.19500153484088817,0.0,6,10,0.0063491960706862
322,3023,0.003968470146139427,0.2252792718245759,0.0,6,10,0.0063491960706862
423,3300,2.155119015205867e-05,0.19509635809894302,0.0,6,10,0.0063491960706862
577,3444,7.379746208372176e-06,0.20029954280309,0.0,6,10,0.0063491960706862
1010,3315,3.240603854802817e-05,0.2076772189832725,0.0,6,10,0.0063491960706862
1052,6767,4.4518123440499036e-05,0.20265851389073508,0.0,6,10,0.0063491960706862
1062,7126,3.5332689610694395e-05,0.1999213217938631,0.0,6,10,0.0063491960706862
1066,1254,6.451629938492095e-05,0.20170401926282644,0.0,6,10,0.0063491960706862
1148,3661,1.1937542668753468e-05,0.20159733425012563,0.0,6,10,0.0063491960706862
1149,169,2.430731087148328e-06,0.18829661100681752,0.0,6,10,0.0063491960706862
1152,7583,1.6203718237310667e-06,0.184259505450678,0.0,6,10,0.0063491960706862
1255,3259,1.3913123979755333e-05,0.19438494492044064,0.0,6,10,0.0063491960706862
1432,5425,0.00011439271976050632,0.22902208201892746,0.0,6,10,0.0063491960706862
1679,282,3.757997185129476e-05,0.20163466116489445,0.0,6,10,0.0063491960706862
1683,6483,0.00017104082608432645,0.19077531407978376,0.0,6,10,0.0063491960706862
1879,3293,4.627820357875385e-05,0.20220159151193634,0.0,6,10,0.0063491960706862
1975,3585,1.0785223997365426e-05,0.21715474020054695,0.0,6,10,0.0063491960706862
2012,2241,5.9864629240735775e-06,0.1848,0.0,6,10,0.0063491960706862
2013,4485,3.876163944062496e-06,0.18121954118625935,0.0,6,10,0.0063491960706862
2041,361,1.409331205123301e-05,0.2090899116791925,0.0,6,10,0.0063491960706862
2205,3249,0.00010939001225098889,0.21936690647482016,0.0,6,10,0.0063491960706862
2363,3859,5.1652750788691525e-05,0.22241349127618604,0.0,6,10,0.0063491960706862
2726,527,6.274694183797882e-05,0.20210509571027097,0.0,6,10,0.0063491960706862
2727,2192,2.2823307091148156e-05,0.19085651335720188,0.0,6,10,0.0063491960706862
2792,6104,1.1942075826108872e-05,0.18946191127128123,0.0,6,10,0.0063491960706862
2793,6377,2.978731282661468e-05,0.1982935775043571,0.0,6,10,0.0063491960706862
2809,5906,0.00020065310131104985,0.20466077804923888,0.0,6,10,0.0063491960706862
2916,2960,7.5795034105558504e-06,0.18723289286240605,0.0,6,10,0.0063491960706862
3002,4780,6.245983161088112e-05,0.22035613112100363,0.0,6,10,0.0063491960706862
3040,4131,6.503600683478715e-05,0.2030633990410229,0.0,6,10,0.0063491960706862
3053,3858,0.0002107928441937266,0.2071917808219178,0.0,6,10,0.0063491960706862
3086,5881,4.502938693465288e-06,0.19128274616079494,0.0,6,10,0.0063491960706862
3190,1239,3.948015957364964e-05,0.19887816331854943,0.0,6,10,0.0063491960706862
3611,4399,8.03125291216636e-05,0.22013341419041843,0.0,6,10,0.0063491960706862
3795,4174,2.1563258342441345e-05,0.19174464231814065,0.0,6,10,0.0063491960706862
3825,6220,1.8702430726153062e-06,0.17752264735334528,0.0,6,10,0.0063491960706862
3994,5783,9.601500729305174e-05,0.20335049483821058,0.0,6,10,0.0063491960706862
4001,6111,7.75794271519704e-05,0.19817501169864296,0.0,6,10,0.0063491960706862
4106,5068,2.0091916315360033e-05,0.1990599294947121,0.0,6,10,0.0063491960706862
4223,5364,5.209198047490859e-05,0.20743986067268966,0.0,6,10,0.0063491960706862
4370,1185,3.126884604646247e-05,0.19196192490745637,0.0,6,10,0.0063491960706862
4648,3414,6.85050169796687e-05,0.20166666666666666,0.0,6,10,0.0063491960706862
4730,1394,7.307880768279668e-06,0.18538874972640385,0.0,6,10,0.0063491960706862
4799,1498,6.6627284701445545e-06,0.1894195408011132,0.0,6,10,0.0063491960706862
4829,2444,2.5820914988967395e-06,0.19010449138382504,0.0,6,10,0.0063491960706862
4830,2455,2.3524908931912696e-06,0.18432633716993907,0.0,6,10,0.0063491960706862
4832,4907,2.251642628897261e-05,0.198,0.0,6,10,0.0063491960706862
4865,4599,2.428800799804483e-06,0.17354581673306774,0.0,6,10,0.0063491960706862
4911,7106,2.3451754789246143e-05,0.20416197975253092,0.0,6,10,0.0063491960706862
4994,1574,2.0554942672465413e-05,0.19509635809894302,0.0,6,10,0.0063491960706862
5151,6924,3.724128415544947e-05,0.19369838648202262,0.0,6,10,0.0063491960706862
5274,7355,5.854753048673373e-06,0.18256059009483666,0.0,6,10,0.0063491960706862
5314,4503,2.4291524030372625e-05,0.19466292134831462,0.0,6,10,0.0063491960706862
5358,2544,7.831537403890576e-05,0.20543847356222714,0.0,6,10,0.0063491960706862
5359,1906,2.0929369113836324e-05,0.196190966413589,0.0,6,10,0.0063491960706862
5464,2630,1.739022233059346e-05,0.19676828166541907,0.0,6,10,0.0063491960706862
5504,4903,4.835263109371871e-05,0.2196070523162019,0.0,6,10,0.0063491960706862
5747,2124,1.3976071174599376e-05,0.18810610734114744,0.0,6,10,0.0063491960706862
5775,2149,0.0004662248213938811,0.20805698845492507,0.0,6,10,0.0063491960706862
5806,5955,7.473307153645134e-05,0.21513235875148162,0.0,6,10,0.0063491960706862
6232,6238,2.9201465564791024e-05,0.19506141248720574,0.0,6,10,0.0063491960706862
6399,6893,6.569133890923975e-06,0.18930194442375028,0.0,6,10,0.0063491960706862
6883,4579,1.5854081908516458e-06,0.17028928850664582,0.0,6,10,0.0063491960706862
153,38,0.00014219057109165305,0.2122688794831811,0.0,7,10,0.0063491960706862
228,27,2.7156259698309206e-05,0.19513631127607833,0.0,7,10,0.0063491960706862
232,1896,4.104074256351528e-06,0.18184203621096826,0.0,7,10,0.0063491960706862
448,2551,5.454037421131671e-05,0.21642723297938787,0.0,7,10,0.0063491960706862
450,7411,2.357724686798519e-05,0.1996333638863428,0.0,7,10,0.0063491960706862
885,7260,4.795398673686575e-05,0.2219472427648052,0.0,7,10,0.0063491960706862
955,5929,0.00010718057948066819,0.2023679949029706,0.0,7,10,0.0063491960706862
1127,3588,2.1084185695138452e-05,0.19626673532440783,0.0,7,10,0.0063491960706862
1129,2516,0.00023406724642291112,0.2055215550942277,0.0,7,10,0.0063491960706862
1242,723,4.8059735004450446e-05,0.20964193388702493,0.0,7,10,0.0063491960706862
1252,6069,0.00023018734333949954,0.209595820731372,0.0,7,10,0.0063491960706862
1271,192,0.00010833616015923958,0.22082850521436848,0.0,7,10,0.0063491960706862
1692,3741,1.1065049377858561e-05,0.19452383382668165,0.0,7,10,0.0063491960706862
1897,7327,9.002076801179218e-06,0.19575768470249866,0.0,7,10,0.0063491960706862
2007,4394,0.00013227769071767496,0.21823022530130828,0.0,7,10,0.0063491960706862
2241,5711,3.5441987180332144e-05,0.197379663913415,0.0,7,10,0.0063491960706862
2482,3110,3.512957465743042e-05,0.20406906705929595,0.0,7,10,0.0063491960706862
3057,7244,0.0002158174994488367,0.20443026093486014,0.0,7,10,0.0063491960706862
3168,3339,5.054218805398925e-06,0.1811506380551793,0.0,7,10,0.0063491960706862
3235,1852,4.89080979983971e-05,0.20193377483443709,0.0,7,10,0.0063491960706862
3272,721,0.00023212284399132477,0.21737146767800622,0.0,7,10,0.0063491960706862
3357,3907,8.330959580632037e-06,0.19605472969497453,0.0,7,10,0.0063491960706862
3372,4978,2.98915636212562e-06,0.18087554870091352,0.0,7,10,0.0063491960706862
3415,6269,3.2519730648171466e-05,0.21741486509611546,0.0,7,10,0.0063491960706862
3525,2757,1.6306962024021303e-05,0.19400402107245565,0.0,7,10,0.0063491960706862
3592,4825,1.773435963268351e-05,0.19454865630503024,0.0,7,10,0.0063491960706862
3661,6765,3.1630202411160843e-06,0.17981742268770787,0.0,7,10,0.0063491960706862
3662,3671,1.9515501825499315e-06,0.17225172296915603,0.0,7,10,0.0063491960706862
3769,920,0.00011829976736379454,0.21848667239896818,0.0,7,10,0.0063491960706862
3796,5360,1.6747252838384795e-05,0.18761075014766687,0.0,7,10,0.0063491960706862
3995,5828,0.0001175930424942668,0.20068448071607214,0.0,7,10,0.0063491960706862
3996,3995,0.00012574478181940856,0.21821148451365432,0.0,7,10,0.0063491960706862
3998,6056,0.00013807053108884465,0.19824716529699365,0.0,7,10,0.0063491960706862
4000,1161,0.00011591235048826113,0.20085897976391232,0.0,7,10,0.0063491960706862
4035,4952,0.00011148658734283298,0.21037670760314614,0.0,7,10,0.0063491960706862
4144,1083,3.053489209309663e-05,0.1982832618025751,0.0,7,10,0.0063491960706862
4303,5505,7.382212513408166e-05,0.2047047450253766,0.0,7,10,0.0063491960706862
4371,7331,3.451621785425769e-05,0.19848977997656556,0.0,7,10,0.0063491960706862
4569,1738,0.00010567213795823331,0.1986863711001642,0.0,7,10,0.0063491960706862
4732,6886,9.243576526901839e-06,0.1902753163767067,0.0,7,10,0.0063491960706862
4857,7427,2.596786006639912e-05,0.19209737167048863,0.0,7,10,0.0063491960706862
4969,7219,0.00022389167166982267,0.22549251612139856,0.0,7,10,0.0063491960706862
5013,3492,2.2718598945202535e-05,0.20682077160996257,0.0,7,10,0.0063491960706862
5014,5630,7.652524546991359e-06,0.1863130881094953,0.0,7,10,0.0063491960706862
5211,1839,0.0002874405860703566,0.2237583656216978,0.0,7,10,0.0063491960706862
5353,4127,5.264838576187222e-05,0.2082445500737584,0.0,7,10,0.0063491960706862
5572,3349,3.082574268759171e-05,0.20148011100832564,0.0,7,10,0.0063491960706862
5575,7158,2.9498937159037305e-05,0.20365472469343593,0.0,7,10,0.0063491960706862
5744,5233,2.2317184466689814e-05,0.20642872616984403,0.0,7,10,0.0063491960706862
5800,2952,4.928835108702395e-05,0.1985776805251641,0.0,7,10,0.0063491960706862
219,1854,3.0260416628425327e-05,0.2025400536705901,0.0,8,10,0.0063491960706862
299,4408,6.45105704515293e-05,0.21872489383679558,0.0,8,10,0.0063491960706862
470,5162,0.00025384124282875183,0.22131575891301825,0.0,8,10,0.0063491960706862
1083,2974,2.951002950253556e-05,0.19486196319018406,0.0,8,10,0.0063491960706862
1213,6524,0.00022812057738911125,0.22462209387983617,0.0,8,10,0.0063491960706862
1241,7122,1.1023379374000508e-05,0.1887301626599985,0.0,8,10,0.0063491960706862
1250,5745,3.2018026196306596e-05,0.21535114978247358,0.0,8,10,0.0063491960706862
1258,5758,2.6146508130495034e-05,0.21360121049092132,0.0,8,10,0.0063491960706862
1364,4517,0.00011351317614654425,0.2207134171057965,0.0,8,10,0.0063491960706862
1885,314,2.8641246721694323e-05,0.20319330419021217,0.0,8,10,0.0063491960706862
2062,6491,0.00018362216708845504,0.23213252535095466,0.0,8,10,0.0063491960706862
2240,686,3.0154313047254192e-05,0.20843814940391556,0.0,8,10,0.0063491960706862
2918,709,3.106122287620759e-05,0.20035745262438562,0.0,8,10,0.0063491960706862
2925,7397,0.00013431208584364297,0.21499280819020222,0.0,8,10,0.0063491960706862
3188,694,7.73549563671484e-05,0.20522277560909946,0.0,8,10,0.0063491960706862
3211,704,0.0037997731047765527,0.22492033518234392,0.0,8,10,0.0063491960706862
3275,4228,0.0002957766584485619,0.22544583444237423,0.0,8,10,0.0063491960706862
3298,2921,2.8075370358164883e-05,0.19330543933054392,0.0,8,10,0.0063491960706862
3676,881,3.385548466555102e-05,0.204446709220619,0.0,8,10,0.0063491960706862
4002,6983,0.00012641607542495344,0.20626674243039209,0.0,8,10,0.0063491960706862
4023,2552,3.2914142077530984e-05,0.21261819094636433,0.0,8,10,0.0063491960706862
4047,6776,6.528029776555224e-05,0.19839163023110556,0.0,8,10,0.0063491960706862
4087,3780,2.0463895754345176e-05,0.19524626693645467,0.0,8,10,0.0063491960706862
4150,5006,1.7001045371417254e-05,0.1911532385466035,0.0,8,10,0.0063491960706862
4305,1731,6.745820732567512e-05,0.19837614177531424,0.0,8,10,0.0063491960706862
4306,2693,0.0001492500667009676,0.20946335833814195,0.0,8,10,0.0063491960706862
4313,1189,0.00024804633695002276,0.21119268596758553,0.0,8,10,0.0063491960706862
4453,6802,3.8735226681969115e-05,0.1977893671674321,0.0,8,10,0.0063491960706862
4643,2719,5.42590747682573e-05,0.2114856429463171,0.0,8,10,0.0063491960706862
4863,2354,9.518134800670014e-06,0.19200060448832582,0.0,8,10,0.0063491960706862
4905,6882,5.350628294805347e-05,0.22064953108718305,0.0,8,10,0.0063491960706862
5350,5908,4.5826397539443196e-05,0.20395986622073578,0.0,8,10,0.0063491960706862
5355,3016,4.574275000344713e-05,0.2055714362763605,0.0,8,10,0.0063491960706862
5392,6641,1.2956419787813302e-05,0.18882366054841346,0.0,8,10,0.0063491960706862
5469,3811,0.0002178100716161977,0.2240609017694433,0.0,8,10,0.0063491960706862
5723,6877,1.5050210290942222e-05,0.1977842353795859,0.0,8,10,0.0063491960706862
6171,2564,5.812585020247505e-05,0.20021537006881338,0.0,8,10,0.0063491960706862
574,85,6.975255067620012e-05,0.22388322711386532,0.0,9,10,0.0063491960706862
953,1833,0.00011000705109952917,0.1961354397159471,0.0,9,10,0.0063491960706862
1019,7029,3.0156173964514378e-05,0.2076489335621476,0.0,9,10,0.0063491960706862
1067,2669,4.574913159107677e-05,0.2009595866396014,0.0,9,10,0.0063491960706862
1573,253,2.342119343661251e-05,0.19171088700550765,0.0,9,10,0.0063491960706862
1581,1439,7.573931850046496e-06,0.1874032008260196,0.0,9,10,0.0063491960706862
2044,6206,2.20469053464291e-05,0.20192307692307693,0.0,9,10,0.0063491960706862
2555,496,1.7406522822670572e-05,0.1988262910798122,0.0,9,10,0.0063491960706862
2800,6317,4.450610891732246e-05,0.19235427706283117,0.0,9,10,0.0063491960706862
3059,2127,0.00038234920381580715,0.21311154598825832,0.0,9,10,0.0063491960706862
3064,5615,0.0002772275909244739,0.20449058425881217,0.0,9,10,0.0063491960706862
3094,2782,1.8667766581754278e-05,0.19121077582963353,0.0,9,10,0.0063491960706862
3169,7233,5.274636903337405e-06,0.18587242758217107,0.0,9,10,0.0063491960706862
3189,3636,9.52913594389771e-05,0.20216941600806237,0.0,9,10,0.0063491960706862
3268,5267,2.903148477158318e-06,0.1807983302895904,0.0,9,10,0.0063491960706862
3273,4786,0.00023729338921466367,0.2139609296059279,0.0,9,10,0.0063491960706862
3725,897,0.00034966619078834405,0.23736571695469408,0.0,9,10,0.0063491960706862
3898,4259,3.493681967987752e-05,0.2069836270330446,0.0,9,10,0.0063491960706862
3909,970,1.045319693693692e-05,0.19546655042436986,0.0,9,10,0.0063491960706862
3912,1718,1.759433444912519e-05,0.19564213119802895,0.0,9,10,0.0063491960706862
3999,6062,0.00011023137299645045,0.19869672878926103,0.0,9,10,0.0063491960706862
4092,1050,1.177068965780073e-05,0.1942215088282504,0.0,9,10,0.0063491960706862
4102,1771,2.0421801071439986e-05,0.19547657512116318,0.0,9,10,0.0063491960706862
4304,1986,0.00023480860165211336,0.2256727552621451,0.0,9,10,0.0063491960706862
4611,2868,4.348901920294316e-06,0.18916102136529442,0.0,9,10,0.0063491960706862
4862,1481,4.9046668593591574e-05,0.20285265706910774,0.0,9,10,0.0063491960706862
4864,3112,1.8702211207905814e-05,0.19548158785516465,0.0,9,10,0.0063491960706862
5208,4357,8.817514600470101e-05,0.2263966024175106,0.0,9,10,0.0063491960706862
5233,3953,2.040326606533304e-05,0.19523126568662602,0.0,9,10,0.0063491960706862
5743,7522,5.706159766975077e-05,0.2076545900299646,0.0,9,10,0.0063491960706862
5884,4274,4.997277535044943e-05,0.20546615994178055,0.0,9,10,0.0063491960706862
5973,2356,5.791292512726365e-05,0.21333221391990598,0.0,9,10,0.0063491960706862
5974,4443,7.400129774318043e-06,0.18493449781659388,0.0,9,10,0.0063491960706862
6397,4662,7.368511053496945e-06,0.19167232405521611,0.0,9,10,0.0063491960706862
164,3324,0.00011047479011891834,0.22114882506527414,0.0,10,10,0.0063491960706862
280,4814,0.00029641705700373175,0.2246353322528363,0.0,10,10,0.0063491960706862
443,58,9.970794463090547e-05,0.20448509884921806,0.0,10,10,0.0063491960706862
446,3726,7.42936235212637e-05,0.20808538516132555,0.0,10,10,0.0063491960706862
484,68,9.510047884181012e-05,0.22075176647747016,0.0,10,10,0.0063491960706862
952,4710,4.820599515161567e-05,0.1991639451338994,0.0,10,10,0.0063491960706862
956,2451,0.00012199058518919546,0.219278564031757,0.0,10,10,0.0063491960706862
1016,2645,1.794527829102464e-05,0.19994754098360656,0.0,10,10,0.0063491960706862
1064,1054,2.0432283280787655e-05,0.19459832027161567,0.0,10,10,0.0063491960706862
1065,1043,2.5191487673084237e-05,0.2038235294117647,0.0,10,10,0.0063491960706862
1092,159,0.00021186960368787627,0.20916449444368226,0.0,10,10,0.0063491960706862
1456,1055,0.000226189412577326,0.2291804461547712,0.0,10,10,0.0063491960706862
1624,266,4.837868166242318e-05,0.21442434811960281,0.0,10,10,0.0063491960706862
1626,1011,0.00023915299032132485,0.24123417721518986,0.0,10,10,0.0063491960706862
1627,1292,3.521617097966214e-05,0.20972268075272368,0.0,10,10,0.0063491960706862
1686,1627,4.915328464107949e-05,0.20695553021664767,0.0,10,10,0.0063491960706862
1875,4328,2.4415360320477783e-05,0.20755282073622305,0.0,10,10,0.0063491960706862
2059,539,7.513767784961222e-05,0.2184365866238753,0.0,10,10,0.0063491960706862
2556,4432,5.611071309652263e-05,0.21946795646916567,0.0,10,10,0.0063491960706862
2812,1942,1.0515416941798736e-05,0.202276707530648,0.0,10,10,0.0063491960706862
2952,5972,6.667597019966119e-06,0.18472387137422153,0.0,10,10,0.0063491960706862
3263,5396,4.3756300186644625e-05,0.20225524011674184,0.0,10,10,0.0063491960706862
3299,4756,0.0002293131640368978,0.21393691064211945,0.0,10,10,0.0063491960706862
3371,757,2.72739549919853e-05,0.20205152671755724,0.0,10,10,0.0063491960706862
3771,6509,0.00010122964675477882,0.22040710113918927,0.0,10,10,0.0063491960706862
3793,3970,1.4739911737765884e-05,0.19067510442982566,0.0,10,10,0.0063491960706862
3910,3616,4.229918991652779e-05,0.1975023965593181,0.0,10,10,0.0063491960706862
3997,7068,0.00018944433053177224,0.21485343855693348,0.0,10,10,0.0063491960706862
4005,7013,9.258621680545027e-05,0.20570457121269362,0.0,10,10,0.0063491960706862
4034,6383,0.0001560444241392565,0.2139609296059279,0.0,10,10,0.0063491960706862
4104,1929,3.5442743590867154e-05,0.21773778920308484,0.0,10,10,0.0063491960706862
4310,7235,0.00011397749321788179,0.21690140845070421,0.0,10,10,0.0063491960706862
4332,4846,0.002741647234339665,0.24058702856241124,0.0,10,10,0.0063491960706862
4568,1467,0.00013802594223271875,0.20860356292586815,0.0,10,10,0.0063491960706862
4645,7476,8.467291841945163e-05,0.2113566418055286,0.0,10,10,0.0063491960706862
4646,5440,7.885294902532784e-05,0.20845524898137768,0.0,10,10,0.0063491960706862
4731,1584,1.1114923800351117e-05,0.19233001135360162,0.0,10,10,0.0063491960706862
4835,5951,1.6895913408337116e-05,0.19814925528320032,0.0,10,10,0.0063491960706862
5422,2183,0.0001636244646447298,0.21921550583769484,0.0,10,10,0.0063491960706862
6401,2973,6.202350533792183e-06,0.1916337766158023,0.0,10,10,0.0063491960706862
156,4968,0.00013444764710826841,0.21867469879518073,0.0,11,10,0.0063491960706862
485,4032,0.00016414782432207554,0.2082445500737584,0.0,11,10,0.0063491960706862
741,4624,0.0002058311784331281,0.2198794311921313,0.0,11,10,0.0063491960706862
1155,4031,2.6830585920271752e-05,0.21979701285969666,0.0,11,10,0.0063491960706862
1247,999,5.092098091972107e-05,0.21094139133322265,0.0,11,10,0.0063491960706862
1248,5359,8.819721140745938e-05,0.2195438050803525,0.0,11,10,0.0063491960706862
1367,5192,0.0001231075434277235,0.21748309606002683,0.0,11,10,0.0063491960706862
1770,4800,0.00017214062346367203,0.2098959193788204,0.0,11,10,0.0063491960706862
2805,2899,0.00012725007004995732,0.2095094132197334,0.0,11,10,0.0063491960706862
3042,5848,4.6853505340557926e-05,0.21169707573106725,0.0,11,10,0.0063491960706862
3060,6622,0.00024383548572854433,0.22048997772828507,0.0,11,10,0.0063491960706862
3276,1878,0.0001637996452299988,0.2206112172252127,0.0,11,10,0.0063491960706862
3294,6273,0.00024229946312825755,0.21784979423868311,0.0,11,10,0.0063491960706862
3297,2058,9.976163231401142e-05,0.21560087111463078,0.0,11,10,0.0063491960706862
3373,3798,1.63925731537076e-05,0.1969920148848748,0.0,11,10,0.0063491960706862
3407,1413,0.0001529260046050618,0.21764453961456104,0.0,11,10,0.0063491960706862
3614,4460,4.938867205461966e-05,0.20736650254345637,0.0,11,10,0.0063491960706862
4022,3454,4.987240979775405e-05,0.20907844212835985,0.0,11,10,0.0063491960706862
4212,7216,1.058728296086429e-05,0.19731324739866438,0.0,11,10,0.0063491960706862
4443,3722,0.00027532571492954984,0.2202097235462345,0.0,11,10,0.0063491960706862
4567,4969,0.00017514332216884648,0.20299310308097887,0.0,11,10,0.0063491960706862
4978,6012,6.558760647226159e-05,0.20673102999403373,0.0,11,10,0.0063491960706862
5329,2889,0.0002616292524115714,0.22586666666666666,0.0,11,10,0.0063491960706862
5465,2399,2.3355455272254537e-05,0.21596124426313107,0.0,11,10,0.0063491960706862
5505,6842,1.0626657945226202e-05,0.1918749528052556,0.0,11,10,0.0063491960706862
6157,4947,5.351789634644009e-05,0.21123365107514963,0.0,11,10,0.0063491960706862
142,5072,0.00024171804022535547,0.22147007553747822,0.0,12,10,0.0063491960706862
416,3911,0.0002958031258279234,0.21526601152151814,0.0,12,10,0.0063491960706862
471,4355,0.00037252995350385554,0.21139767054908487,0.0,12,10,0.0063491960706862
487,1219,0.0001555262045614821,0.2079661710544264,0.0,12,10,0.0063491960706862
1009,139,8.853376925770864e-05,0.20968806733784454,0.0,12,10,0.0063491960706862
1012,5449,4.034335652999972e-05,0.20763196600751757,0.0,12,10,0.0063491960706862
1147,3714,0.000302300017302644,0.2199174912731154,0.0,12,10,0.0063491960706862
1240,2891,0.00025722508698496587,0.22467505673612545,0.0,12,10,0.0063491960706862
1245,3678,3.470510192573553e-05,0.20228744294660864,0.0,12,10,0.0063491960706862
1249,7088,0.00011579635805248351,0.22289473684210526,0.0,12,10,0.0063491960706862
1256,1468,5.0579524877997204e-05,0.21375694016039481,0.0,12,10,0.0063491960706862
1944,6129,4.369993788490804e-05,0.1972775031702078,0.0,12,10,0.0063491960706862
2759,5540,3.794816357918995e-05,0.220375242115001,0.0,12,10,0.0063491960706862
2806,2396,0.0002731056447614495,0.2221153846153846,0.0,12,10,0.0063491960706862
2950,5561,0.0001126745827734794,0.20122482379959347,0.0,12,10,0.0063491960706862
2971,3620,0.00011417730647441475,0.20777911033580462,0.0,12,10,0.0063491960706862
3323,3137,2.8058206496119427e-05,0.21202681278335606,0.0,12,10,0.0063491960706862
3797,3359,6.100195052538146e-05,0.2037527062785663,0.0,12,10,0.0063491960706862
4378,6734,8.853848183795384e-05,0.20884359332621025,0.0,12,10,0.0063491960706862
162,1016,0.00040514427466179957,0.2459190915542938,0.0,13,10,0.0063491960706862
1126,3842,0.00032745722050378506,0.20543293718166383,0.0,13,10,0.0063491960706862
1165,4882,0.00010504034815884877,0.2093598088489742,0.0,13,10,0.0063491960706862
1226,3680,3.9431841232839657e-05,0.2051841085271318,0.0,13,10,0.0063491960706862
1229,368,0.00015204737316928103,0.22122584015323002,0.0,13,10,0.0063491960706862
1230,6586,0.00011356871074185909,0.20621652329167342,0.0,13,10,0.0063491960706862
1273,5604,0.0001543013701741397,0.22622863247863248,0.0,13,10,0.0063491960706862
1371,2781,0.00020913872101434018,0.21209760440722294,0.0,13,10,0.0063491960706862
1576,2117,0.00010642786057887905,0.2204963554321416,0.0,13,10,0.0063491960706862
1682,599,0.0004451353185112699,0.23394917751043456,0.0,13,10,0.0063491960706862
1888,4985,4.812192562721097e-05,0.20321497120921306,0.0,13,10,0.0063491960706862
2008,2164,0.00019817283327145258,0.19994754098360656,0.0,13,10,0.0063491960706862
2061,1705,0.00034012676085746753,0.22661196825113708,0.0,13,10,0.0063491960706862
2801,3898,0.0002114506589677737,0.2300657934447999,0.0,13,10,0.0063491960706862
2917,5514,6.037933975499924e-05,0.2204963554321416,0.0,13,10,0.0063491960706862
2972,3817,0.00039074463881204173,0.21667329884600078,0.0,13,10,0.0063491960706862
3293,729,4.901292820652592e-05,0.20638401559454192,0.0,13,10,0.0063491960706862
4086,2401,3.4100666380569874e-05,0.20751891980181847,0.0,13,10,0.0063491960706862
4308,5207,0.00029965895621647396,0.21456316145012386,0.0,13,10,0.0063491960706862
4311,5468,0.0003402798922781955,0.2152538544078613,0.0,13,10,0.0063491960706862
4452,3672,2.1877758223771533e-05,0.2114504452026296,0.0,13,10,0.0063491960706862
4798,7553,5.0189994221582615e-05,0.20046810077315522,0.0,13,10,0.0063491960706862
508,73,0.0002232750807706889,0.19980080203391606,0.0,14,10,0.0063491960706862
954,5867,0.00019176147659827764,0.20292825768667644,0.0,14,10,0.0063491960706862
1014,6800,7.519350213819211e-05,0.20880354990686972,0.0,14,10,0.0063491960706862
1069,2300,9.623286911112779e-05,0.21814279582200602,0.0,14,10,0.0063491960706862
1238,4480,3.131329819016314e-05,0.2091358024691358,0.0,14,10,0.0063491960706862
1251,2996,2.4053666067387065e-05,0.20596579395314907,0.0,14,10,0.0063491960706862
1685,283,0.00020112066076078148,0.21572900158478606,0.0,14,10,0.0063491960706862
2700,3470,0.00010578775335096793,0.22392268601474605,0.0,14,10,0.0063491960706862
2728,1119,0.00036263440120026666,0.2308111545099464,0.0,14,10,0.0063491960706862
2732,4595,0.00025620258644493235,0.20982658959537573,0.0,14,10,0.0063491960706862
3409,930,0.0002508560785036656,0.221979557962785,0.0,14,10,0.0063491960706862
3794,7173,9.245880558118801e-05,0.2125707593207105,0.0,14,10,0.0063491960706862
5573,5532,1.7324455848823514e-05,0.2081478852087486,0.0,14,10,0.0063491960706862
5597,4376,0.00015594267689575064,0.22206362153344208,0.0,14,10,0.0063491960706862
143,4008,0.0003195833201197193,0.21690758024129297,0.0,15,10,0.0063491960706862
419,2843,0.0001476059352034655,0.21177941380747325,0.0,15,10,0.0063491960706862
424,4141,0.0003574282235609179,0.23787680209698558,0.0,15,10,0.0063491960706862
489,6972,0.00018336363047503993,0.21005207902785814,0.0,15,10,0.0063491960706862
516,2205,0.00034032117677099816,0.20617190458159787,0.0,15,10,0.0063491960706862
517,4981,0.0003519176332743511,0.2088893760447209,0.0,15,10,0.0063491960706862
2807,6367,0.00045315214637885865,0.22717248778161878,0.0,15,10,0.0063491960706862
3231,3905,6.6756204311443515e-06,0.19105263157894736,0.0,15,10,0.0063491960706862
3799,4124,4.9759416104273876e-05,0.20666377487393592,0.0,15,10,0.0063491960706862
4315,3813,0.00014685797291232708,0.22,0.0,15,10,0.0063491960706862
133,7296,0.00013709674509982357,0.21226296884136664,0.0,16,10,0.0063491960706862
231,1558,6.679715096304734e-05,0.20319872051179527,0.0,16,10,0.0063491960706862
491,3279,0.00031421513642216655,0.22863741339491916,0.0,16,10,0.0063491960706862
534,1830,8.811409832345551e-05,0.2094576029015772,0.0,16,10,0.0063491960706862
766,5242,0.00011002751460536519,0.2161878562718017,0.0,16,10,0.0063491960706862
1063,3223,0.00010112389990879031,0.21667329884600078,0.0,16,10,0.0063491960706862
1228,3497,0.00016974390316396175,0.22090529732236003,0.0,16,10,0.0063491960706862
1257,3389,0.0001452454851456515,0.22356805584068978,0.0,16,10,0.0063491960706862
1366,1474,0.0001680011144780985,0.20718051856280914,0.0,16,10,0.0063491960706862
1990,3350,2.39455395569482e-05,0.20502407143433474,0.0,16,10,0.0063491960706862
2005,349,0.0002322406381682069,0.19871226734789635,0.0,16,10,0.0063491960706862
2654,3647,0.00026045448869135146,0.22547250732053595,0.0,16,10,0.0063491960706862
2758,1685,0.00016170436088730301,0.22363364332443453,0.0,16,10,0.0063491960706862
3911,2021,8.548646319712611e-05,0.2139609296059279,0.0,16,10,0.0063491960706862
4004,6110,0.00020153335352035036,0.21499280819020222,0.0,16,10,0.0063491960706862
413,2368,9.766158322294775e-05,0.20772249168892037,0.0,17,10,0.0063491960706862
444,2177,0.00018544639969187668,0.2213928903345725,0.0,17,10,0.0063491960706862
1096,5466,7.554090724901985e-05,0.20890082486092462,0.0,17,10,0.0063491960706862
1602,2260,9.205884668648284e-05,0.22420588235294117,0.0,17,10,0.0063491960706862
3300,7383,0.00020608155128544985,0.21403301886792453,0.0,17,10,0.0063491960706862
3476,4414,1.159538153045256e-05,0.19511633264224834,0.0,17,10,0.0063491960706862
217,4248,0.0029751270651820544,0.23792877430631418,0.0,18,10,0.0063491960706862
581,5643,8.792687144664476e-05,0.22964993673555462,0.0,18,10,0.0063491960706862
1018,2617,6.145126731851932e-05,0.21866215363432964,0.0,18,10,0.0063491960706862
1095,7403,2.9935742928867755e-05,0.2030958597538232,0.0,18,10,0.0063491960706862
1254,6047,6.821664129272406e-05,0.2249601605382754,0.0,18,10,0.0063491960706862
1373,6002,0.0004187609272439137,0.2285140441859768,0.0,18,10,0.0063491960706862
2970,7225,0.00019857950387531072,0.22268637532133675,0.0,18,10,0.0063491960706862
3063,5485,0.0003238627835482014,0.2117205943618942,0.0,18,10,0.0063491960706862
4877,1488,0.00013254689896124563,0.2249800785054452,0.0,18,10,0.0063491960706862
425,4147,0.00037367281407627224,0.22223841870499403,0.0,19,10,0.0063491960706862
951,166,0.0006384325288945816,0.2155581947743468,0.0,19,10,0.0063491960706862
1058,5640,0.00023678878660360765,0.2076772189832725,0.0,19,10,0.0063491960706862
1370,985,0.0005312272039679154,0.2561405866738349,0.0,19,10,0.0063491960706862
1887,4023,2.5362851580046834e-05,0.20079020150138285,0.0,19,10,0.0063491960706862
4188,2961,0.00026407988800190716,0.23580178173719377,0.0,19,10,0.0063491960706862
287,7074,0.0007295141396281311,0.23051800780186882,0.0,20,10,0.0063491960706862
1889,7098,2.400467629907939e-05,0.200911918190923,0.0,20,10,0.0063491960706862
4309,6672,0.00016866366653106978,0.20642313628855372,0.0,20,10,0.0063491960706862
163,2751,0.0002540831293445862,0.2265782903340863,0.0,21,10,0.0063491960706862
4094,1882,4.1088045224891205e-05,0.20840965634141673,0.0,21,10,0.0063491960706862
279,6859,0.00010598846506939985,0.21040574109853713,0.0,22,10,0.0063491960706862
420,4572,0.00014530423542221963,0.22026062584876765,0.0,22,10,0.0063491960706862
421,5600,0.00035875646477976974,0.22649077457883948,0.0,22,10,0.0063491960706862
1060,1804,0.00015326774446925218,0.2111809845693548,0.0,22,10,0.0063491960706862
1244,6074,9.974363460746227e-05,0.22170195439739412,0.0,22,10,0.0063491960706862
159,1905,0.00041623864657004195,0.23750623130608176,0.0,23,10,0.0063491960706862
290,2420,0.00048402271304794975,0.22961534985993554,0.0,23,10,0.0063491960706862
445,5108,0.00048811635233689764,0.22939424031777558,0.0,23,10,0.0063491960706862
552,718,0.00023687484814135048,0.2099595119398463,0.0,23,10,0.0063491960706862
1056,5443,6.478844318380722e-05,0.20696676802780192,0.0,23,10,0.0063491960706862
1222,184,0.0004952195989051969,0.2296568553610701,0.0,23,10,0.0063491960706862
1225,3932,0.0003678692153184156,0.22752507163323782,0.0,23,10,0.0063491960706862
1365,2864,0.0003541364459016295,0.21357727221786393,0.0,23,10,0.0063491960706862
2006,2524,0.0006896457650698364,0.21713618366707493,0.0,23,10,0.0063491960706862
2206,6252,4.865463554632104e-05,0.22457577185953334,0.0,23,10,0.0063491960706862
155,6567,0.0004876375490020212,0.23100700021212764,0.0,24,10,0.0063491960706862
275,33,0.0005196021217408053,0.22915977754396513,0.0,24,10,0.0063491960706862
276,2566,0.00035772032574748076,0.2378396929892983,0.0,24,10,0.0063491960706862
320,7565,0.00010255989441245239,0.23370531608314427,0.0,24,10,0.0063491960706862
1368,4280,0.0004262922864721783,0.22213480199318122,0.0,24,10,0.0063491960706862
233,4329,0.0001583067048637526,0.21680887372013652,0.0,25,10,0.0063491960706862
426,2422,0.0003431038910638923,0.24650756693830034,0.0,25,10,0.0063491960706862
1272,612,0.00046835882282462375,0.23381283930926602,0.0,25,10,0.0063491960706862
1874,2096,0.00013522456984533493,0.22818570958182416,0.0,25,10,0.0063491960706862
3770,4162,0.0004248713407097219,0.2320901202618359,0.0,25,10,0.0063491960706862
135,131,0.000521520269294728,0.21510807607652802,0.0,26,10,0.0063491960706862
584,149,0.00017898513253661143,0.22503321033210333,0.0,26,10,0.0063491960706862
947,5457,0.0005791246029086954,0.2297399113950755,0.0,26,10,0.0063491960706862
1246,6175,7.492271423740602e-05,0.21230435024786945,0.0,26,10,0.0063491960706862
3555,2600,0.0007801894566255266,0.2647426547197333,0.0,26,10,0.0063491960706862
1780,5658,0.000361515315926408,0.22707774798927613,0.0,27,10,0.0063491960706862
412,54,0.00040310063414134955,0.22990620381819826,0.0,28,10,0.0063491960706862
512,2676,0.0004875901091935989,0.21004629119365148,0.0,28,10,0.0063491960706862
1068,6200,9.571296193215822e-05,0.21587562301767105,0.0,28,10,0.0063491960706862
134,2626,0.0004402147152401044,0.22089889594018952,0.0,29,10,0.0063491960706862
509,3852,0.0006400090776076368,0.2186307970287091,0.0,29,10,0.0063491960706862
1128,4691,0.00013702330613622247,0.22689525850522368,0.0,29,10,0.0063491960706862
235,3565,0.00032245815594742145,0.22589343922242636,0.0,30,10,0.0063491960706862
510,6424,0.0005783142720452524,0.21430981163902166,0.0,30,10,0.0063491960706862
1253,1848,0.00013278365021389142,0.22005715770329956,0.0,30,10,0.0063491960706862
158,6126,0.0005278746190744706,0.22732830346226104,0.0,32,10,0.0063491960706862
165,766,0.0004315820482414149,0.25120279443748766,0.0,32,10,0.0063491960706862
515,5308,0.00048327151102675505,0.21441228588304784,0.0,32,10,0.0063491960706862
946,4994,0.0006979838034037203,0.23448169793909565,0.0,32,10,0.0063491960706862
2802,2122,7.24434985421374e-05,0.22312961011591148,0.0,32,10,0.0063491960706862
140,7435,0.0004493258335680621,0.22670631970260224,0.0,33,10,0.0063491960706862
321,2637,0.0005198360994100357,0.2305598403048725,0.0,33,10,0.0063491960706862
1055,1879,0.00011289905630743272,0.22013341419041843,0.0,33,10,0.0063491960706862
132,16,0.0006223031352204366,0.2348718264727631,0.0,34,10,0.0063491960706862
291,1973,0.00035429828847566156,0.22719957081545064,0.0,34,10,0.0063491960706862
1601,1506,0.00022629342592638463,0.22610114192495923,0.0,34,10,0.0063491960706862
278,2745,0.0006323003237818395,0.2367097254999379,0.0,35,10,0.0063491960706862
282,1300,0.0032404645482092334,0.24372542123605206,0.0,35,10,0.0063491960706862
1017,5463,0.00042550322602278613,0.23763209576358366,0.0,35,10,0.0063491960706862
1360,6016,0.0004654539023738693,0.2311050477489768,0.0,35,10,0.0063491960706862
3296,4455,0.00016199488582642731,0.23306224776813012,0.0,35,10,0.0063491960706862
144,3410,0.0005556991719626573,0.2299131378935939,0.0,36,10,0.0063491960706862
281,1875,0.0006337365886325612,0.24662719596234106,0.0,36,10,0.0063491960706862
1093,7416,0.0004574999961019995,0.23012830188679245,0.0,36,10,0.0063491960706862
422,187,0.00023174497184277448,0.2215473145780051,0.0,37,10,0.0063491960706862
286,2170,0.0006122677285356715,0.23766173031956353,0.0,38,10,0.0063491960706862
230,6339,0.0004821454245957723,0.22877464661924912,0.0,39,10,0.0063491960706862
295,1150,0.0005988248648680429,0.24168542531942552,0.0,41,10,0.0063491960706862
150,6544,0.0006170788971221647,0.2239753195240194,0.0,42,10,0.0063491960706862
154,550,0.0005239510253112226,0.23164580041327337,0.0,44,10,0.0063491960706862
428,1464,6.0932188327109514e-05,0.21226296884136664,0.0,44,10,0.0063491960706862
152,1956,0.00025010554804287885,0.22747075674385295,0.0,46,10,0.0063491960706862
296,213,0.0009172542898497813,0.23853928716713083,0.0,47,10,0.0063491960706862
449,3080,0.0006067110093020766,0.24318116566178583,0.0,51,10,0.0063491960706862
136,6323,0.0006697720190441766,0.23704095276594422,0.0,52,10,0.0063491960706862
137,1799,0.0006680258663387056,0.24167776298268975,0.0,53,10,0.0063491960706862
148,1349,0.000666980650186122,0.23128033980582524,0.0,55,10,0.0063491960706862
147,5725,0.000716581590076426,0.2415628862059131,0.0,58,10,0.0063491960706862
415,645,0.004731682988247038,0.2471870034696326,0.0,60,10,0.0063491960706862
511,5455,0.0009334092961708711,0.23481394775751602,0.0,60,10,0.0063491960706862
1622,7100,0.0005696916961844921,0.2354958294717331,0.0,61,10,0.0063491960706862
288,5095,0.0008981341267865403,0.24186179326099372,0.0,66,10,0.0063491960706862
1275,2229,0.000823292798425838,0.24365530908393532,0.0,69,10,0.0063491960706862
141,1677,0.0011060605464783058,0.24022311158730658,0.0,78,10,0.0063491960706862
138,3103,0.0077465550304968,0.25760340632603407,0.0,79,10,0.0063491960706862
145,6446,0.001144727149482591,0.23929558011049723,0.0,80,10,0.0063491960706862
157,1005,0.0012897344117591238,0.23953619909502263,0.0,84,10,0.0063491960706862
139,5578,0.001096770837721146,0.24250039764593606,0.0,108,10,0.0063491960706862
166,6101,0.0017431327001265133,0.27329437493277886,0.0,119,10,0.0063491960706862
2597,509,1.2976566495744385e-09,0.1300475971134654,0.0,1,11,0.2363636363636363
5158,1676,4.473074122636265e-08,0.14929202326628935,0.0,1,11,0.2363636363636363
6300,2739,1.4570591351129627e-07,0.15720767168488348,0.0,1,11,0.2363636363636363
200,2625,6.233189217435651e-08,0.15006791739669664,0.0,2,11,0.2363636363636363
5270,6825,2.9094653058947443e-06,0.1751970766013192,0.0,2,11,0.2363636363636363
201,2692,5.00912114542656e-08,0.14948524365133836,0.0,3,11,0.2363636363636363
202,1501,2.200467633609433e-06,0.1747833264548081,0.0,3,11,0.2363636363636363
5269,1742,0.0001066846582301822,0.20616632860040568,0.0,3,11,0.2363636363636363
199,19,2.0562337122886355e-07,0.1605416675441737,0.0,4,11,0.2363636363636363
4839,3795,1.7266639973414746e-06,0.17548746518105848,0.0,4,11,0.2363636363636363
203,6703,5.6244351906217915e-06,0.1865273563668396,0.0,7,11,0.2363636363636363
943,129,5.199627051470211e-07,0.16500714316637083,0.0,1,12,0.0438228438228438
1314,207,1.1400749271314365e-06,0.17087713792562373,0.0,1,12,0.0438228438228438
2390,455,2.49085821595322e-07,0.16290898211270916,0.0,1,12,0.0438228438228438
2563,497,3.5963581253782876e-08,0.15146337101869697,0.0,1,12,0.0438228438228438
2907,592,8.799907798087232e-09,0.14456666034515456,0.0,1,12,0.0438228438228438
4026,1013,7.4928625284597e-07,0.17565730350024195,0.0,1,12,0.0438228438228438
4923,1518,1.1400749271314365e-06,0.17087713792562373,0.0,1,12,0.0438228438228438
5218,1709,1.1400749271314365e-06,0.17087713792562373,0.0,1,12,0.0438228438228438
5309,4794,5.7034927008994e-06,0.17780835976861356,0.0,1,12,0.0438228438228438
5367,1805,7.4928625284597e-07,0.17565730350024195,0.0,1,12,0.0438228438228438
5819,2657,2.2913023803918082e-08,0.15301391035548687,0.0,1,12,0.0438228438228438
6290,4976,7.720443829410357e-08,0.14481933204149094,0.0,1,12,0.0438228438228438
6291,6444,7.720443829410357e-08,0.14481933204149094,0.0,1,12,0.0438228438228438
6338,5541,8.604022929912152e-07,0.1806398104265403,0.0,1,12,0.0438228438228438
6572,3132,8.799907798087232e-09,0.14456666034515456,0.0,1,12,0.0438228438228438
6646,4354,2.171324035942942e-07,0.15394091156929662,0.0,1,12,0.0438228438228438
6662,5812,1.7740766655078294e-07,0.1554698972099853,0.0,1,12,0.0438228438228438
7108,4768,7.4928625284597e-07,0.17565730350024195,0.0,1,12,0.0438228438228438
7109,5649,7.4928625284597e-07,0.17565730350024195,0.0,1,12,0.0438228438228438
7110,4526,7.4928625284597e-07,0.17565730350024195,0.0,1,12,0.0438228438228438
7180,4473,1.594961112681804e-08,0.14365671641791045,0.0,1,12,0.0438228438228438
468,4166,1.2168942348033803e-06,0.15552064631956913,0.0,2,12,0.0438228438228438
1307,2650,5.578734130107098e-05,0.21191482263983097,0.0,2,12,0.0438228438228438
2079,4326,1.685606254071216e-06,0.17990654205607476,0.0,2,12,0.0438228438228438
2370,449,1.5056958071144822e-05,0.19983222796025898,0.0,2,12,0.0438228438228438
3510,3477,8.83878532503348e-07,0.18064409109220597,0.0,2,12,0.0438228438228438
4551,6602,9.725005595628604e-07,0.1809356530820536,0.0,2,12,0.0438228438228438
5242,1723,2.241237734780003e-05,0.190517844646606,0.0,2,12,0.0438228438228438
6292,4822,5.02675840102921e-07,0.1590444398080534,0.0,2,12,0.0438228438228438
6345,3002,5.713239626854337e-06,0.17815326368926593,0.0,2,12,0.0438228438228438
6736,3447,1.3412078647287872e-05,0.18066121578386066,0.0,2,12,0.0438228438228438
7312,7456,1.642374195587643e-05,0.1869069510849577,0.0,2,12,0.0438228438228438
207,5941,0.00021915013885525747,0.21097641979408835,0.0,3,12,0.0438228438228438
467,6221,4.5017841216512457e-05,0.16585440146207736,0.0,3,12,0.0438228438228438
836,6782,8.365801635021603e-05,0.2235025068167825,0.0,3,12,0.0438228438228438
2086,1700,5.568988017211201e-06,0.19320255474452555,0.0,3,12,0.0438228438228438
2605,5331,6.156754515685305e-07,0.16775229963469918,0.0,3,12,0.0438228438228438
3508,807,9.062129633403787e-07,0.18065265303220607,0.0,3,12,0.0438228438228438
3509,2188,8.844721144279649e-07,0.18065265303220607,0.0,3,12,0.0438228438228438
4625,1332,2.3063594673777278e-05,0.19746658377370221,0.0,3,12,0.0438228438228438
4755,6745,8.133310399166173e-06,0.180097809908569,0.0,3,12,0.0438228438228438
5308,3320,6.848163528817719e-06,0.184085969572567,0.0,3,12,0.0438228438228438
6024,2871,0.0017345736936180878,0.18775862068965518,0.0,3,12,0.0438228438228438
464,63,1.955837425706456e-06,0.178562226230353,0.0,4,12,0.0438228438228438
465,4616,3.396877305787857e-07,0.16899441340782123,0.0,4,12,0.0438228438228438
2078,2820,1.3882403747918983e-06,0.17849532863465006,0.0,4,12,0.0438228438228438
2085,7160,4.162898880815021e-06,0.19164823008849557,0.0,4,12,0.0438228438228438
4757,4420,1.891953953536009e-05,0.1833553818400481,0.0,4,12,0.0438228438228438
2077,2913,9.615032270939285e-06,0.1946082561078349,0.0,5,12,0.0438228438228438
2604,513,1.0337834034952016e-05,0.1954364825022433,0.0,5,12,0.0438228438228438
4754,1410,0.00028665508692248773,0.2193858462601088,0.0,5,12,0.0438228438228438
4756,3267,8.38158934240726e-06,0.18194620139866816,0.0,5,12,0.0438228438228438
6289,2723,2.9801903653399477e-06,0.16933979029678337,0.0,5,12,0.0438228438228438
944,1126,2.0071227489646805e-05,0.19760991289921195,0.0,6,12,0.0438228438228438
1306,5513,2.0973962337264578e-05,0.20569902048085487,0.0,6,12,0.0438228438228438
1315,5884,4.400835481305876e-05,0.2060882965205872,0.0,6,12,0.0438228438228438
2080,1287,4.3271369028217175e-06,0.19534132841328414,0.0,7,12,0.0438228438228438
2081,1778,0.000220162135383683,0.21625531914893617,0.0,7,12,0.0438228438228438
2082,5911,5.184469702698472e-06,0.18949958982772763,0.0,7,12,0.0438228438228438
1308,4183,4.574800199472987e-05,0.21375694016039481,0.0,8,12,0.0438228438228438
4263,6165,9.149336285319602e-05,0.19993705248249272,0.0,8,12,0.0438228438228438
1304,204,0.00017691943660849872,0.22811059907834103,0.0,9,12,0.0438228438228438
4264,3942,2.2888723880166826e-05,0.19985842378480415,0.0,10,12,0.0438228438228438
466,4284,2.8923410634775912e-05,0.2130817610062893,0.0,11,12,0.0438228438228438
1159,374,4.2654186558495034e-05,0.21585117227319062,0.0,16,12,0.0438228438228438
2084,2805,3.32126323373699e-05,0.2204580947423217,0.0,17,12,0.0438228438228438
3633,7471,2.2041294940752664e-10,0.1264242002089656,0.0,1,13,0.117063492063492
3922,975,4.3024184734166503e-07,0.15899136528594668,0.0,1,13,0.117063492063492
4623,1331,4.37296125821662e-10,0.12067055024377889,0.0,1,13,0.117063492063492
4909,4645,1.1278602751734561e-08,0.13422428820453225,0.0,1,13,0.117063492063492
5118,3067,2.617516816061666e-07,0.15498942745608327,0.0,1,13,0.117063492063492
5799,2169,4.496626567233848e-08,0.13727961965819663,0.0,1,13,0.117063492063492
5913,2294,1.0662291892501876e-08,0.1371956157874845,0.0,1,13,0.117063492063492
6566,4370,4.006355704696047e-07,0.15899136528594668,0.0,1,13,0.117063492063492
211,21,4.284060461862289e-07,0.15503040409997762,0.0,2,13,0.117063492063492
472,65,7.926381789353217e-07,0.16323340471092077,0.0,2,13,0.117063492063492
1397,7084,7.325257705511797e-06,0.1914364640883978,0.0,2,13,0.117063492063492
3044,6038,5.826996360493247e-06,0.18292858514110194,0.0,2,13,0.117063492063492
3045,2182,2.394245920126345e-07,0.14787584869059167,0.0,2,13,0.117063492063492
3046,4829,5.76638085012522e-06,0.16713440035080027,0.0,2,13,0.117063492063492
3519,811,8.573113148311136e-07,0.15507140241669717,0.0,2,13,0.117063492063492
4282,1134,6.21918978336557e-06,0.18092706429639474,0.0,2,13,0.117063492063492
5939,4209,6.310782320790689e-07,0.15897147147147148,0.0,2,13,0.117063492063492
6490,3963,6.44882997415121e-07,0.15908094910160897,0.0,2,13,0.117063492063492
212,3026,5.118416981084599e-07,0.1571169462879756,0.0,3,13,0.117063492063492
473,2916,4.9824078420895676e-08,0.1505510131532172,0.0,3,13,0.117063492063492
3630,863,0.00010185548038654668,0.20732702349869453,0.0,3,13,0.117063492063492
3631,5105,8.481529632635763e-06,0.18843159065628476,0.0,3,13,0.117063492063492
3632,864,8.508222646062015e-09,0.14471760797342192,0.0,3,13,0.117063492063492
3684,883,1.1221269458359693e-06,0.1722011385199241,0.0,3,13,0.117063492063492
4599,6626,1.1279500185080707e-06,0.1590909090909091,0.0,3,13,0.117063492063492
4624,1675,1.6880191467821668e-08,0.13722772277227724,0.0,3,13,0.117063492063492
4908,1507,4.353685357689309e-07,0.15503040409997762,0.0,3,13,0.117063492063492
5157,5152,4.117351584877137e-07,0.15901458103005903,0.0,3,13,0.117063492063492
5914,3412,4.1157814590717793e-07,0.15900794726851755,0.0,3,13,0.117063492063492
3043,5089,7.693241255774731e-07,0.15903116785580174,0.0,4,13,0.117063492063492
4781,1427,1.2744305912560682e-06,0.15511557870747192,0.0,4,13,0.117063492063492
5676,2211,1.6929433699201747e-06,0.15909422936449963,0.0,4,13,0.117063492063492
3567,1315,1.6570147670750165e-06,0.15507140241669717,0.0,5,13,0.117063492063492
1176,7118,0.003676758776893981,0.24661921708185053,0.0,6,13,0.117063492063492
1400,3893,7.98307123132134e-06,0.18134456180416786,0.0,6,13,0.117063492063492
2280,7076,0.00021570431886643949,0.22064953108718305,0.0,6,13,0.117063492063492
5046,2989,1.7357555431008983e-06,0.15912079654330266,0.0,6,13,0.117063492063492
5119,3358,2.1634680433118787e-06,0.1591141539168006,0.0,6,13,0.117063492063492
1388,918,2.3658443925312446e-06,0.16098580841358337,0.0,7,13,0.117063492063492
4782,3345,7.986218604898665e-06,0.18320115356885364,0.0,7,13,0.117063492063492
1382,1602,2.750478813499996e-06,0.1610062096058801,0.0,8,13,0.117063492063492
1398,6768,3.446162797266589e-06,0.1610096103073186,0.0,8,13,0.117063492063492
2281,5755,0.000213364482401325,0.20043120448031973,0.0,9,13,0.117063492063492
1393,3810,1.491365172707842e-05,0.18340390722740835,0.0,10,13,0.117063492063492
1395,422,1.9897877832303443e-05,0.18892661528166746,0.0,10,13,0.117063492063492
1384,5508,4.011132174793952e-06,0.16101981327362597,0.0,11,13,0.117063492063492
3568,5106,1.5079305198655945e-05,0.18317914213624895,0.0,11,13,0.117063492063492
1387,6416,1.5648386747879104e-05,0.183430386447856,0.0,13,13,0.117063492063492
1389,2328,9.002902243695223e-06,0.17349841818968068,0.0,13,13,0.117063492063492
1390,6811,1.559148293306068e-05,0.18342155919153033,0.0,13,13,0.117063492063492
1381,641,9.225216223003107e-06,0.17351421482712312,0.0,14,13,0.117063492063492
1385,840,1.587661467781218e-05,0.18343921455385503,0.0,14,13,0.117063492063492
1402,1657,1.0103950716686762e-05,0.1834127327847553,0.0,14,13,0.117063492063492
1383,2051,1.6453196471176415e-05,0.18348336783324506,0.0,15,13,0.117063492063492
1391,4318,1.5357527137977822e-05,0.18897345001115545,0.0,15,13,0.117063492063492
1396,1963,0.00022442031761747802,0.2208604954367666,0.0,15,13,0.117063492063492
1392,4447,0.00022547131631014527,0.2207837344686767,0.0,16,13,0.117063492063492
1403,6911,1.0906368847062328e-05,0.18340831989991097,0.0,16,13,0.117063492063492
1386,3127,1.5465047003814698e-05,0.18904374566015275,0.0,20,13,0.117063492063492
213,5764,1.6025181295656127e-05,0.1834568733153639,0.0,21,13,0.117063492063492
1399,4019,1.7501833681934126e-05,0.18351428777775103,0.0,22,13,0.117063492063492
1401,2039,1.6607887273600765e-05,0.18904374566015275,0.0,22,13,0.117063492063492
1380,216,1.8684457155747444e-05,0.18638141809290953,0.0,25,13,0.117063492063492
1394,5851,2.43814693359151e-05,0.18915632754342432,0.0,29,13,0.117063492063492
222,24,1.1512105644883829e-07,0.14766387726638772,0.0,1,14,0.6282051282051282
2942,603,1.7391597050959326e-07,0.1497348261638185,0.0,5,14,0.6282051282051282
4701,1587,1.0622628044825529e-07,0.14551319983965488,0.0,5,14,0.6282051282051282
2943,3423,4.84467502601834e-07,0.15629549135792345,0.0,7,14,0.6282051282051282
2946,6439,3.2377272242808375e-07,0.1509325624678256,0.0,7,14,0.6282051282051282
4700,5714,6.541890816982722e-06,0.18142656543779898,0.0,7,14,0.6282051282051282
4699,1380,4.914925658388059e-07,0.1562986959730993,0.0,8,14,0.6282051282051282
2945,3526,3.3886614370892073e-07,0.15093853952162206,0.0,9,14,0.6282051282051282
4426,7598,4.271327880487087e-06,0.1727396329027872,0.0,9,14,0.6282051282051282
4702,5708,5.119020113294389e-07,0.1563051055977035,0.0,10,14,0.6282051282051282
4703,6461,1.6357572411307822e-06,0.16272119879608085,0.0,11,14,0.6282051282051282
223,3643,4.443820470125956e-06,0.1732421253579383,0.0,12,14,0.6282051282051282
2944,5253,1.1224527431811327e-06,0.1679259830377795,0.0,12,14,0.6282051282051282
5215,1707,2.6484592695609934e-06,0.1525240601052442,0.0,1,15,0.5
7393,5116,2.6484592695609934e-06,0.1525240601052442,0.0,1,15,0.5
5216,5117,0.0001022339255683457,0.17997025285076848,0.0,3,15,0.5
6814,7566,0.00394106376642023,0.21943636834681482,0.0,3,15,0.5
4331,4634,1.9691133834129653e-06,0.16672134374384884,0.0,1,16,0.1365853658536585
6352,4322,1.5442972477365e-07,0.15069088896356772,0.0,1,16,0.1365853658536585
7025,5393,3.478847240207719e-07,0.1558863826915605,0.0,1,16,0.1365853658536585
7418,5228,1.6221609781558649e-09,0.1239109232769831,0.0,1,16,0.1365853658536585
1778,823,2.420799094843532e-06,0.16475037821482602,0.0,2,16,0.1365853658536585
2224,3710,8.783285667444013e-07,0.15875296763713606,0.0,2,16,0.1365853658536585
4478,1248,5.800611553855921e-07,0.15445869552002917,0.0,2,16,0.1365853658536585
6343,6173,6.261749484804183e-08,0.1414338194367138,0.0,2,16,0.1365853658536585
7169,4430,2.7812570019813374e-06,0.1739061002874481,0.0,2,16,0.1365853658536585
1781,2813,2.415493473438476e-06,0.1647218980941268,0.0,3,16,0.1365853658536585
4317,1152,4.844230937018249e-06,0.1772831926323868,0.0,3,16,0.1365853658536585
4330,6710,4.8692670077542544e-06,0.17728731568910183,0.0,3,16,0.1365853658536585
4637,1347,2.063090550570962e-05,0.18393494836405752,0.0,3,16,0.1365853658536585
5231,1716,8.900942742332349e-07,0.1586868728922936,0.0,3,16,0.1365853658536585
5276,3553,9.506483596909647e-06,0.179563281746873,0.0,3,16,0.1365853658536585
5277,2165,7.682450239162566e-06,0.1819983287573117,0.0,3,16,0.1365853658536585
4318,4285,4.994761047601186e-06,0.1772914389376003,0.0,4,16,0.1365853658536585
1775,6952,3.183917847733817e-06,0.1677892234548336,0.0,5,16,0.1365853658536585
2069,2404,1.2095524438532142e-06,0.16338734567901234,0.0,5,16,0.1365853658536585
1771,7568,3.2152523618302666e-06,0.16779291673086658,0.0,6,16,0.1365853658536585
2222,7450,1.3716233392740257e-06,0.1618780658724597,0.0,6,16,0.1365853658536585
2589,2979,0.0002158399763768207,0.20516754138070245,0.0,6,16,0.1365853658536585
2590,3770,2.074440574776407e-05,0.18275316455696203,0.0,6,16,0.1365853658536585
1773,3139,3.6496963057189527e-06,0.16784463967236937,0.0,7,16,0.1365853658536585
4329,2834,5.961185497383646e-06,0.1774234842313511,0.0,7,16,0.1365853658536585
1777,2772,3.7551509507447014e-06,0.16895695731193758,0.0,8,16,0.1365853658536585
2218,505,0.0002173680917650558,0.20552709625235913,0.0,8,16,0.1365853658536585
1772,370,1.8140838841840644e-05,0.19150860444667755,0.0,9,16,0.1365853658536585
1774,7143,7.82879437764223e-06,0.17841177709644956,0.0,9,16,0.1365853658536585
1779,1940,3.3822750178955706e-06,0.1681333950903196,0.0,9,16,0.1365853658536585
277,4040,2.858569866475129e-05,0.1907037250143847,0.0,10,16,0.1365853658536585
2220,5895,2.1019481431052867e-05,0.1825868263473054,0.0,10,16,0.1365853658536585
2221,4012,1.342879665572063e-05,0.18467017127352892,0.0,10,16,0.1365853658536585
2775,5346,2.0520141436474508e-05,0.20249163257716624,0.0,10,16,0.1365853658536585
4319,1158,7.601030281610955e-05,0.20007348888480617,0.0,10,16,0.1365853658536585
284,407,3.0254913196634338e-05,0.1882873091933014,0.0,11,16,0.1365853658536585
294,765,7.100017194347983e-05,0.20189633710305374,0.0,13,16,0.1365853658536585
2225,3774,1.4790398646112427e-05,0.18539776734683952,0.0,13,16,0.1365853658536585
1776,2162,1.819675892031717e-05,0.18751844927678835,0.0,14,16,0.1365853658536585
1769,291,8.979625444857911e-05,0.19710916895071626,0.0,16,16,0.1365853658536585
2219,1749,0.0002550128123386865,0.2124522727906134,0.0,17,16,0.1365853658536585
1800,298,7.332802451382459e-08,0.150044286979628,0.0,1,17,0.0805626598465473
1928,327,4.050798376228371e-06,0.1935606733869944,0.0,1,17,0.0805626598465473
2265,419,4.050798376228371e-06,0.1935606733869944,0.0,1,17,0.0805626598465473
3358,5262,3.1505580593066664e-07,0.168389662027833,0.0,1,17,0.0805626598465473
4180,3488,7.955629180483396e-09,0.141130077387344,0.0,1,17,0.0805626598465473
4181,4834,7.955629180483396e-09,0.141130077387344,0.0,1,17,0.0805626598465473
4182,7509,7.955629180483396e-09,0.141130077387344,0.0,1,17,0.0805626598465473
5018,1586,4.050798376228371e-06,0.1935606733869944,0.0,1,17,0.0805626598465473
5892,2270,3.2481294183297625e-08,0.1505034550839092,0.0,1,17,0.0805626598465473
6015,2410,2.065919352233655e-06,0.17586397822175057,0.0,1,17,0.0805626598465473
6514,3054,2.7222027210023134e-09,0.1395617070357555,0.0,1,17,0.0805626598465473
7157,4972,1.9397529779631764e-08,0.14524149757073448,0.0,1,17,0.0805626598465473
7200,4547,4.342634853210307e-08,0.14993804213135067,0.0,1,17,0.0805626598465473
2558,4817,3.4412376721519607e-06,0.1806697793472851,0.0,2,17,0.0805626598465473
3681,7567,8.858541486988583e-07,0.17012587038028923,0.0,2,17,0.0805626598465473
4183,5148,7.382000694122298e-08,0.1526095573662189,0.0,2,17,0.0805626598465473
4580,1307,2.9615228539050314e-07,0.1643419208795947,0.0,2,17,0.0805626598465473
4816,1453,2.845380466904303e-06,0.17959289450124866,0.0,2,17,0.0805626598465473
5539,1931,3.7899789603540852e-06,0.1807211777814656,0.0,2,17,0.0805626598465473
6050,2449,4.053520578949261e-06,0.19358033469615785,0.0,2,17,0.0805626598465473
6051,3091,1.0508051740153129e-07,0.1621949403178791,0.0,2,17,0.0805626598465473
6138,5757,3.409861656492775e-08,0.15054506675092819,0.0,2,17,0.0805626598465473
7126,5810,3.36588880855885e-07,0.1524569508609828,0.0,2,17,0.0805626598465473
7156,4395,7.487695349795698e-07,0.16991730379154316,0.0,2,17,0.0805626598465473
7211,7095,4.3342233450585334e-07,0.1719060075771243,0.0,2,17,0.0805626598465473
3356,4441,3.3962195492279566e-07,0.16949039487726789,0.0,3,17,0.0805626598465473
3598,849,1.2230254835554562e-06,0.17883870967741936,0.0,3,17,0.0805626598465473
5385,1826,5.926077088748575e-08,0.15089372315366495,0.0,3,17,0.0805626598465473
6139,3473,7.82365641567736e-07,0.17047207996958652,0.0,3,17,0.0805626598465473
6184,4534,2.6470297467887147e-06,0.17470721701464487,0.0,3,17,0.0805626598465473
6480,3001,8.440815501245436e-07,0.1694489519194434,0.0,3,17,0.0805626598465473
7050,5456,1.1295031281572738e-06,0.17774202574146614,0.0,3,17,0.0805626598465473
1801,3435,2.830555820259953e-06,0.1765278002917815,0.0,4,17,0.0805626598465473
4071,1583,2.9123115148514385e-06,0.17971144325522184,0.0,4,17,0.0805626598465473
4581,2505,2.2176373268072506e-06,0.17365651411258173,0.0,4,17,0.0805626598465473
5386,4798,8.057527102139593e-08,0.15360899528472977,0.0,4,17,0.0805626598465473
5387,4695,5.306537461886515e-07,0.16211560546127346,0.0,4,17,0.0805626598465473
6137,2520,6.243071880240263e-08,0.1541463611914343,0.0,4,17,0.0805626598465473
3355,748,1.216155830051959e-05,0.20248087547811305,0.0,5,17,0.0805626598465473
4179,1089,3.070974928043812e-07,0.16431712364200723,0.0,6,17,0.0805626598465473
4209,3303,6.9834682809630064e-06,0.19532631255284802,0.0,6,17,0.0805626598465473
6183,6827,5.173765008757309e-06,0.17842848114598694,0.0,6,17,0.0805626598465473
3085,654,1.3955964501149894e-05,0.21212711487088157,0.0,7,17,0.0805626598465473
3599,2334,6.152532380464084e-06,0.20038378634141213,0.0,7,17,0.0805626598465473
4216,3962,5.598580609828847e-06,0.1781907433380084,0.0,7,17,0.0805626598465473
4833,7605,1.6763127659143894e-06,0.17638075846271317,0.0,7,17,0.0805626598465473
3265,3792,9.21422082914964e-06,0.19509635809894302,0.0,8,17,0.0805626598465473
4215,1113,7.548256085093955e-06,0.19479225226146063,0.0,8,17,0.0805626598465473
5893,4570,1.2538196264204818e-06,0.1771637073533513,0.0,8,17,0.0805626598465473
3743,5390,2.542449480353948e-06,0.18007228403373254,0.0,9,17,0.0805626598465473
4206,7584,8.473907261899014e-06,0.19556182657773216,0.0,9,17,0.0805626598465473
4208,3413,1.0056972639671859e-05,0.19515629400168966,0.0,9,17,0.0805626598465473
5011,6078,5.3272816568950565e-06,0.17847025495750707,0.0,9,17,0.0805626598465473
3088,5292,1.3420494624354807e-05,0.19872262773722627,0.0,10,17,0.0805626598465473
4210,4327,7.665480960982358e-06,0.1798343909976645,0.0,11,17,0.0805626598465473
2162,6813,4.240045474869383e-05,0.20793213496631296,0.0,12,17,0.0805626598465473
3729,7359,0.00011542966615750506,0.21719186278420421,0.0,13,17,0.0805626598465473
4207,1729,1.3303245279138622e-05,0.19718564887865697,0.0,13,17,0.0805626598465473
4214,2357,1.4120528412533243e-05,0.19677844033144892,0.0,13,17,0.0805626598465473
3087,3850,1.2026512811539536e-05,0.19878481276728904,0.0,14,17,0.0805626598465473
3600,4078,1.2173753197125224e-05,0.20479273567417994,0.0,14,17,0.0805626598465473
283,3221,2.4115338952360918e-05,0.20314998401023346,0.0,16,17,0.0805626598465473
1125,7024,2.8884067132400858e-05,0.20468275917622103,0.0,16,17,0.0805626598465473
4211,4589,3.086838395468659e-05,0.20762631077216395,0.0,16,17,0.0805626598465473
4213,2580,3.566295045427989e-05,0.20654058740652434,0.0,17,17,0.0805626598465473
4205,1102,2.9934341969897395e-05,0.20666937779585198,0.0,18,17,0.0805626598465473
4003,6990,7.974713740694607e-05,0.21338595901914678,0.0,19,17,0.0805626598465473
2559,7080,5.928460357766174e-05,0.21005207902785814,0.0,24,17,0.0805626598465473
1929,3571,0.00015636601417559363,0.24001133465570984,0.0,36,17,0.0805626598465473
589,89,1.1167427599019565e-06,0.1699438202247191,0.0,1,18,0.0548344370860927
2310,430,2.663281420684649e-07,0.17133802342046706,0.0,1,18,0.0548344370860927
4286,7039,1.6105903489614525e-06,0.17949563210812594,0.0,1,18,0.0548344370860927
4481,3713,3.1903426949848965e-05,0.20222304753820033,0.0,1,18,0.0548344370860927
4483,3148,3.1903426949848965e-05,0.20222304753820033,0.0,1,18,0.0548344370860927
4484,3729,3.1903426949848965e-05,0.20222304753820033,0.0,1,18,0.0548344370860927
4485,3925,3.1903426949848965e-05,0.20222304753820033,0.0,1,18,0.0548344370860927
4489,6708,3.1903426949848965e-05,0.20222304753820033,0.0,1,18,0.0548344370860927
5041,4185,3.610430377801088e-08,0.15443053360884892,0.0,1,18,0.0548344370860927
5123,1660,9.407177120120931e-07,0.17400136955033096,0.0,1,18,0.0548344370860927
5458,1874,6.49571112284693e-08,0.15020393686823905,0.0,1,18,0.0548344370860927
5500,3629,2.125776379201125e-08,0.15253016387538268,0.0,1,18,0.0548344370860927
5752,2136,3.4896196805483735e-07,0.16304836053301391,0.0,1,18,0.0548344370860927
5797,2166,4.59580528861307e-08,0.15172564786433662,0.0,1,18,0.0548344370860927
6172,2567,1.7368178118573238e-08,0.14219362059317292,0.0,1,18,0.0548344370860927
6229,2633,3.053829762735909e-07,0.16074478628513592,0.0,1,18,0.0548344370860927
6245,2652,1.5260546882927875e-07,0.15244170699516058,0.0,1,18,0.0548344370860927
6483,3362,1.9999481736741545e-07,0.15513136205457986,0.0,1,18,0.0548344370860927
6563,5765,3.5485332959576945e-07,0.1592704024069199,0.0,1,18,0.0548344370860927
6600,3191,2.663281420684649e-07,0.17133802342046706,0.0,1,18,0.0548344370860927
6683,3354,4.697223584475951e-08,0.1500147594214307,0.0,1,18,0.0548344370860927
6780,3512,5.637435761709776e-07,0.1668928978019091,0.0,1,18,0.0548344370860927
6909,6804,7.995533114958149e-08,0.1506194305585742,0.0,1,18,0.0548344370860927
6930,3778,1.1167427599019565e-06,0.1699438202247191,0.0,1,18,0.0548344370860927
6955,3849,2.973020895543601e-07,0.15748698454673168,0.0,1,18,0.0548344370860927
6985,4984,3.4896196805483735e-07,0.16304836053301391,0.0,1,18,0.0548344370860927
7106,4278,2.1104660237722907e-07,0.16002603073305904,0.0,1,18,0.0548344370860927
7198,6545,2.973020895543601e-07,0.15748698454673168,0.0,1,18,0.0548344370860927
7388,5086,4.264307392809646e-07,0.16465429725468173,0.0,1,18,0.0548344370860927
7467,5924,2.2001275834321274e-07,0.1567550894509562,0.0,1,18,0.0548344370860927
1600,672,9.585713081099287e-07,0.17349052094949816,0.0,2,18,0.0548344370860927
2136,1881,5.68532391053035e-06,0.17172399810772454,0.0,2,18,0.0548344370860927
2146,6587,6.059099227749287e-06,0.1739537218748574,0.0,2,18,0.0548344370860927
3702,2465,1.943855231097374e-05,0.20821610991232142,0.0,2,18,0.0548344370860927
3972,7047,1.5894613680472151e-06,0.18397934063812327,0.0,2,18,0.0548344370860927
4285,3831,1.6193974025124156e-06,0.18026816752193345,0.0,2,18,0.0548344370860927
4353,1173,9.01068064523522e-07,0.1686541737649063,0.0,2,18,0.0548344370860927
4444,1735,1.3492400284244824e-06,0.16996276560165882,0.0,2,18,0.0548344370860927
4487,2812,3.607719098133347e-05,0.2070004887850975,0.0,2,18,0.0548344370860927
4488,1459,3.225238891790394e-05,0.20409092126047496,0.0,2,18,0.0548344370860927
4539,1279,6.280097425725388e-07,0.1678889990089197,0.0,2,18,0.0548344370860927
4748,1403,2.662130750758897e-07,0.16517876489707475,0.0,2,18,0.0548344370860927
5785,6406,4.611054919929413e-07,0.16788160415794923,0.0,2,18,0.0548344370860927
6388,2860,4.394054194176958e-07,0.16091444493698942,0.0,2,18,0.0548344370860927
6478,6271,4.899299571818209e-07,0.16230890431375888,0.0,2,18,0.0548344370860927
6513,3051,1.174184483350128e-06,0.17133032162362619,0.0,2,18,0.0548344370860927
7234,4646,6.522333147888915e-07,0.1747512722937967,0.0,2,18,0.0548344370860927
2929,1344,1.321148627890031e-06,0.1806654974640944,0.0,3,18,0.0548344370860927
4284,1136,6.217085372965074e-05,0.21875627744138662,0.0,3,18,0.0548344370860927
4486,6878,9.275758802608175e-05,0.2151627198058088,0.0,3,18,0.0548344370860927
4490,7361,3.631291054990532e-05,0.21064993920636677,0.0,3,18,0.0548344370860927
4749,3578,7.667665702187346e-06,0.19076576576576576,0.0,3,18,0.0548344370860927
4750,4734,2.6085005260089422e-06,0.18119369637042143,0.0,3,18,0.0548344370860927
5499,6828,3.3996356581546106e-07,0.16925707180603047,0.0,3,18,0.0548344370860927
5577,1957,6.33942963966119e-08,0.15580991313234543,0.0,3,18,0.0548344370860927
5579,7121,6.339429639621633e-08,0.15580991313234543,0.0,3,18,0.0548344370860927
5693,2057,1.4608672848184394e-06,0.1705750727232043,0.0,3,18,0.0548344370860927
5791,6612,9.994471886565509e-07,0.17262228260869567,0.0,3,18,0.0548344370860927
6083,2483,5.443337347849299e-07,0.165375854214123,0.0,3,18,0.0548344370860927
6311,6814,3.7827548729036444e-07,0.16307277628032346,0.0,3,18,0.0548344370860927
6775,4924,0.0002151333483365214,0.2214765100671141,0.0,3,18,0.0548344370860927
6884,3674,4.904970012138943e-06,0.18572751193840756,0.0,3,18,0.0548344370860927
6908,4065,6.429502170251221e-06,0.18407707910750506,0.0,3,18,0.0548344370860927
2127,6916,5.8907668774720265e-06,0.17985560588901472,0.0,4,18,0.0548344370860927
2145,1910,5.985345901040144e-06,0.18066121578386066,0.0,4,18,0.0548344370860927
2164,389,1.8442161795589655e-06,0.182669957585488,0.0,4,18,0.0548344370860927
2180,396,2.613998580325682e-07,0.1611389434967341,0.0,4,18,0.0548344370860927
2573,501,8.070827935879219e-06,0.20937705998681608,0.0,4,18,0.0548344370860927
2593,7156,1.0683055429889697e-05,0.19859320046893317,0.0,4,18,0.0548344370860927
3980,2101,2.3761634869018916e-06,0.18462544503378625,0.0,4,18,0.0548344370860927
3982,1745,2.2985181211632322e-06,0.18418382139750653,0.0,4,18,0.0548344370860927
5788,3865,1.1928588589183085e-06,0.1760264166628181,0.0,4,18,0.0548344370860927
6443,3347,1.3004510851430636e-06,0.170255058739447,0.0,4,18,0.0548344370860927
6617,3230,7.003891783430659e-06,0.18452712352642153,0.0,4,18,0.0548344370860927
7410,6510,9.027632747332131e-07,0.17358928815411942,0.0,4,18,0.0548344370860927
297,34,2.0050891277844085e-06,0.1827312606371503,0.0,5,18,0.0548344370860927
301,4717,2.025335545485184e-06,0.19089474870407933,0.0,5,18,0.0548344370860927
2930,5188,4.065600165917244e-06,0.19656025991439327,0.0,5,18,0.0548344370860927
3973,3857,1.6824909605350252e-06,0.18397934063812327,0.0,5,18,0.0548344370860927
5578,2134,7.012159137999079e-07,0.164218009478673,0.0,5,18,0.0548344370860927
5787,5654,1.364717251545272e-06,0.17085032946344525,0.0,5,18,0.0548344370860927
5792,6500,1.2298685878602604e-05,0.20331795268450112,0.0,5,18,0.0548344370860927
2184,4431,1.8431070659276555e-06,0.17661777994022382,0.0,6,18,0.0548344370860927
3703,2212,2.457625597456478e-06,0.19749727965179542,0.0,6,18,0.0548344370860927
3974,6255,5.877310767338449e-05,0.221540875933622,0.0,6,18,0.0548344370860927
4958,1899,8.205769543989327e-07,0.1799787510329359,0.0,6,18,0.0548344370860927
6173,2758,6.704339573833897e-07,0.16576063320866313,0.0,6,18,0.0548344370860927
2479,7477,2.662686391105651e-06,0.18042176516532152,0.0,7,18,0.0548344370860927
2480,4381,1.7740398019213954e-06,0.1788596902862506,0.0,7,18,0.0548344370860927
3962,994,2.3343498878569327e-06,0.17663005699986098,0.0,7,18,0.0548344370860927
3963,6942,1.8131885652765158e-06,0.17648693075266825,0.0,7,18,0.0548344370860927
4108,6270,2.39312399909228e-06,0.17667918231122237,0.0,7,18,0.0548344370860927
5613,1987,1.5942913124234144e-06,0.16891203190782184,0.0,7,18,0.0548344370860927
5790,7230,2.2173242182350727e-06,0.17876322022371785,0.0,7,18,0.0548344370860927
6312,6623,1.1843231529957505e-06,0.17632364166261882,0.0,7,18,0.0548344370860927
300,5875,1.1900275342785955e-06,0.17507636480558553,0.0,8,18,0.0548344370860927
302,3927,1.1443841740926516e-06,0.1770526071304146,0.0,8,18,0.0548344370860927
2181,1600,1.3936724447619943e-06,0.18263057019645423,0.0,8,18,0.0548344370860927
2474,7410,3.415817435959951e-06,0.1986604816011675,0.0,8,18,0.0548344370860927
2574,3521,3.5294735947301394e-06,0.1941423659747867,0.0,8,18,0.0548344370860927
2575,6233,2.511957261467586e-06,0.1908708498172167,0.0,8,18,0.0548344370860927
2183,6799,1.6473865721159005e-06,0.17439945092656142,0.0,9,18,0.0548344370860927
5614,6155,1.8074060744167623e-06,0.17512060647829084,0.0,9,18,0.0548344370860927
5789,3500,8.67509157649974e-06,0.18929254302103252,0.0,9,18,0.0548344370860927
2144,5491,8.492774730940527e-06,0.18589055793991416,0.0,10,18,0.0548344370860927
3977,2663,2.992781296678389e-06,0.18342597271349168,0.0,10,18,0.0548344370860927
4243,1117,3.6204433350466743e-06,0.18161675362733185,0.0,10,18,0.0548344370860927
2129,1228,8.974692840521273e-06,0.18460756060349212,0.0,11,18,0.0548344370860927
2134,3926,0.00022333942867595224,0.22270589266411522,0.0,11,18,0.0548344370860927
2137,7227,8.317834641193568e-06,0.1869665456685961,0.0,11,18,0.0548344370860927
2141,5675,8.432917914430319e-06,0.18792525391973178,0.0,11,18,0.0548344370860927
2143,3120,1.3697793771080452e-05,0.18943836978131212,0.0,11,18,0.0548344370860927
2932,7623,4.840694512686145e-06,0.20219086520608986,0.0,11,18,0.0548344370860927
3976,7014,1.4657930952378719e-05,0.20589903573454338,0.0,11,18,0.0548344370860927
5459,5347,2.5074278282134905e-06,0.1767488232975492,0.0,11,18,0.0548344370860927
2147,3005,7.720056527824487e-06,0.18361153262518967,0.0,12,18,0.0548344370860927
2470,3738,3.0863783586930934e-06,0.17732443183139873,0.0,12,18,0.0548344370860927
2933,6379,3.0155362629809105e-06,0.18306037174007012,0.0,13,18,0.0548344370860927
3975,1056,4.415215345244095e-06,0.18467911912202922,0.0,13,18,0.0548344370860927
3981,6201,2.8954978802070983e-06,0.18461203138622492,0.0,13,18,0.0548344370860927
5786,3599,8.78731583271333e-06,0.1881200335620157,0.0,13,18,0.0548344370860927
298,2944,8.528694997343898e-06,0.1836424957841484,0.0,14,18,0.0548344370860927
2472,4175,3.6067888958089756e-05,0.21080722325156936,0.0,14,18,0.0548344370860927
2135,600,1.9889423749610253e-05,0.20633373934226554,0.0,15,18,0.0548344370860927
2142,7405,1.6460773613059096e-05,0.19710407239819006,0.0,15,18,0.0548344370860927
2471,5132,4.339176675803517e-06,0.18576371966078564,0.0,15,18,0.0548344370860927
3137,6167,4.884629157534734e-06,0.18684739448012158,0.0,15,18,0.0548344370860927
3978,7215,4.35491110254741e-06,0.1849120679199515,0.0,15,18,0.0548344370860927
2478,891,5.236925392134078e-05,0.24271659184258287,0.0,16,18,0.0548344370860927
2931,3045,4.16981689359043e-06,0.18505571334935547,0.0,16,18,0.0548344370860927
3707,5178,5.008581440759962e-06,0.20221768310475635,0.0,16,18,0.0548344370860927
2133,3282,1.0606097497568515e-05,0.19076099196716798,0.0,17,18,0.0548344370860927
2182,2066,5.2062037924019294e-06,0.1850691915513474,0.0,20,18,0.0548344370860927
2468,474,7.581860283163058e-06,0.20266390173871432,0.0,20,18,0.0548344370860927
2473,5872,4.957548719123469e-06,0.1768267223382046,0.0,22,18,0.0548344370860927
2125,381,0.0002164680154695957,0.20715236827087694,0.0,24,18,0.0548344370860927
3704,4612,7.720424670229441e-06,0.20497445549879,0.0,24,18,0.0548344370860927
590,6757,4.310770322458822e-05,0.20473223397969598,0.0,25,18,0.0548344370860927
3236,1250,0.0012315132098315981,0.253474762253109,0.0,25,18,0.0548344370860927
2131,3469,1.1788174666213242e-05,0.19152785105901862,0.0,26,18,0.0548344370860927
2126,4544,1.1476242071784445e-05,0.18692070030895983,0.0,28,18,0.0548344370860927
2132,3920,1.3470379657404081e-05,0.19480718611842274,0.0,30,18,0.0548344370860927
2477,2586,6.820993684504977e-06,0.18432633716993907,0.0,30,18,0.0548344370860927
2165,5962,1.0280607961705788e-05,0.2067590658819062,0.0,31,18,0.0548344370860927
2138,998,4.669731700711266e-05,0.22256934306569343,0.0,33,18,0.0548344370860927
2475,7604,8.146669607744196e-06,0.19050832208726945,0.0,34,18,0.0548344370860927
2128,2998,1.3021158010899144e-05,0.19373284537968893,0.0,36,18,0.0548344370860927
2476,3564,1.7410814444683496e-05,0.21060338158912587,0.0,37,18,0.0548344370860927
2139,7334,1.6735020810577902e-05,0.20882070949185044,0.0,43,18,0.0548344370860927
2130,6476,2.1761225278482684e-05,0.20032059704630262,0.0,44,18,0.0548344370860927
2469,2160,1.7420988065405945e-05,0.2017253698166133,0.0,47,18,0.0548344370860927
1296,3656,2.5076550686464204e-09,0.12109033723571554,0.0,1,19,0.0195178384833557
2022,357,4.3295560335849427e-07,0.16868029739776952,0.0,1,19,0.0195178384833557
2539,489,1.3728494823322624e-06,0.16792968233687272,0.0,1,19,0.0195178384833557
2591,507,6.843432786503545e-06,0.1656021897810219,0.0,1,19,0.0195178384833557
2870,4576,8.888684365293918e-08,0.15955376017749126,0.0,1,19,0.0195178384833557
3081,2796,8.282875183241298e-07,0.16292987368286063,0.0,1,19,0.0195178384833557
3158,680,1.3728494823322624e-06,0.16792968233687272,0.0,1,19,0.0195178384833557
3351,1318,5.844250654291566e-07,0.16060931673092724,0.0,1,19,0.0195178384833557
3404,5849,2.6419999145361316e-10,0.12018919984233346,0.0,1,19,0.0195178384833557
3406,1308,2.6419999145361316e-10,0.12018919984233346,0.0,1,19,0.0195178384833557
4074,1037,4.3295560335849427e-07,0.16868029739776952,0.0,1,19,0.0195178384833557
4099,4445,3.0988503145598765e-07,0.16142215822463155,0.0,1,19,0.0195178384833557
4254,5467,2.764003125167096e-07,0.16238496932515337,0.0,1,19,0.0195178384833557
4255,4828,2.764003125167096e-07,0.16238496932515337,0.0,1,19,0.0195178384833557
4390,1196,1.0846444809349416e-05,0.1898346448849487,0.0,1,19,0.0195178384833557
4773,3846,2.7855352096926685e-08,0.14926571372625808,0.0,1,19,0.0195178384833557
4775,3517,2.7855352096926685e-08,0.14926571372625808,0.0,1,19,0.0195178384833557
4794,1435,6.192265179061374e-07,0.16869896209086685,0.0,1,19,0.0195178384833557
5003,1578,3.3443429143599597e-10,0.1261730969760167,0.0,1,19,0.0195178384833557
5217,1708,6.081058270280931e-07,0.1598079704827991,0.0,1,19,0.0195178384833557
5226,5912,3.957690752958773e-09,0.12925816023738873,0.0,1,19,0.0195178384833557
5286,1757,3.3860437858799e-06,0.18961271546899486,0.0,1,19,0.0195178384833557
5462,4913,7.338191338996253e-06,0.15345438441098316,0.0,1,19,0.0195178384833557
5535,1926,7.247845902166686e-08,0.13774597495527727,0.0,1,19,0.0195178384833557
5629,2002,2.737889207727397e-07,0.15829145728643215,0.0,1,19,0.0195178384833557
5796,4077,1.2900928870172557e-08,0.14438320359111312,0.0,1,19,0.0195178384833557
5924,2311,7.247845902166686e-08,0.13774597495527727,0.0,1,19,0.0195178384833557
5950,7438,1.0846444809349416e-05,0.1898346448849487,0.0,1,19,0.0195178384833557
6089,2493,5.28173152424531e-07,0.15674219681704157,0.0,1,19,0.0195178384833557
6107,4424,1.0961207706753337e-09,0.12422593051300437,0.0,1,19,0.0195178384833557
6174,2568,4.737605582849412e-08,0.15475972958158232,0.0,1,19,0.0195178384833557
6197,2595,1.7836304341276708e-06,0.1724660633484163,0.0,1,19,0.0195178384833557
6221,2620,1.0051791840801537e-06,0.16871389681960028,0.0,1,19,0.0195178384833557
6277,5789,1.0051791840801537e-06,0.16871389681960028,0.0,1,19,0.0195178384833557
6627,3242,5.360294940993241e-07,0.14842000739860983,0.0,1,19,0.0195178384833557
6636,3252,2.0966938865339134e-08,0.14484684958577182,0.0,1,19,0.0195178384833557
6664,3329,1.5518841238756367e-08,0.14969072164948455,0.0,1,19,0.0195178384833557
6700,3383,1.3728494823322624e-06,0.16792968233687272,0.0,1,19,0.0195178384833557
6762,3608,6.851824897321166e-10,0.12407630456720596,0.0,1,19,0.0195178384833557
6980,3913,6.843432786503545e-06,0.1656021897810219,0.0,1,19,0.0195178384833557
7135,4764,5.28173152424531e-07,0.15674219681704157,0.0,1,19,0.0195178384833557
7136,4541,5.28173152424531e-07,0.15674219681704157,0.0,1,19,0.0195178384833557
7264,4776,5.579870510708455e-10,0.12652912178199743,0.0,1,19,0.0195178384833557
7329,7154,1.018476995720908e-08,0.13659576755604136,0.0,1,19,0.0195178384833557
7353,6868,1.028790103287503e-05,0.1880411455635314,0.0,1,19,0.0195178384833557
7355,6634,1.028790103287503e-05,0.1880411455635314,0.0,1,19,0.0195178384833557
7356,6793,1.028790103287503e-05,0.1880411455635314,0.0,1,19,0.0195178384833557
7358,6010,3.3860437858799e-06,0.18961271546899486,0.0,1,19,0.0195178384833557
7450,5375,1.5266941303545046e-07,0.14843734787265114,0.0,1,19,0.0195178384833557
456,60,1.710529264821143e-08,0.15036985896044974,0.0,2,19,0.0195178384833557
458,6504,6.123905969824753e-08,0.1546875,0.0,2,19,0.0195178384833557
900,2948,8.949138043280479e-07,0.16384387224347677,0.0,2,19,0.0195178384833557
1564,249,1.3762621856397417e-05,0.17734505862646566,0.0,2,19,0.0195178384833557
1565,4052,6.886176690792619e-05,0.20252929142644596,0.0,2,19,0.0195178384833557
1826,303,8.582863669915308e-06,0.18175965665236052,0.0,2,19,0.0195178384833557
2178,395,1.9465672584623166e-05,0.16648830454059013,0.0,2,19,0.0195178384833557
2624,3665,1.0645883622231885e-07,0.1602547931382442,0.0,2,19,0.0195178384833557
2627,2684,3.714730657702481e-07,0.16592299153298654,0.0,2,19,0.0195178384833557
2867,4089,1.310358373218181e-07,0.1505093981993366,0.0,2,19,0.0195178384833557
3029,3478,1.6419796676574773e-06,0.16735088142960639,0.0,2,19,0.0195178384833557
3049,644,1.7889521388196523e-08,0.15393158596179476,0.0,2,19,0.0195178384833557
3051,2687,2.8989230298772012e-08,0.14899730268558695,0.0,2,19,0.0195178384833557
3209,703,1.937875277053358e-06,0.18688862193238373,0.0,2,19,0.0195178384833557
3210,5352,4.83157957539725e-07,0.1712995213590706,0.0,2,19,0.0195178384833557
3245,5034,6.522978493244327e-06,0.19173499673021782,0.0,2,19,0.0195178384833557
3758,913,1.5361074720082922e-06,0.17096528213869203,0.0,2,19,0.0195178384833557
4101,1053,1.812126308397973e-07,0.1567550894509562,0.0,2,19,0.0195178384833557
4336,1163,2.1524925916660397e-08,0.14485235434956106,0.0,2,19,0.0195178384833557
4339,2111,6.435273354331547e-07,0.1576889661164205,0.0,2,19,0.0195178384833557
4393,1199,2.0926745075216777e-05,0.20342103858675348,0.0,2,19,0.0195178384833557
4670,1364,4.5264184324255225e-07,0.16216043736305813,0.0,2,19,0.0195178384833557
4734,7081,1.3501596030071693e-07,0.1515506958250497,0.0,2,19,0.0195178384833557
4736,5338,7.439145945540213e-08,0.14641032535627857,0.0,2,19,0.0195178384833557
5004,3985,1.290959268271033e-08,0.14438867316980775,0.0,2,19,0.0195178384833557
5105,7591,1.6082988729900216e-05,0.20062638172439204,0.0,2,19,0.0195178384833557
5190,1692,2.3824093156914445e-07,0.15773464658169178,0.0,2,19,0.0195178384833557
5191,6591,6.849604626233412e-06,0.16720772099144549,0.0,2,19,0.0195178384833557
5225,1712,1.5277194047699287e-07,0.1484431289311238,0.0,2,19,0.0195178384833557
5544,6736,1.4338639700093699e-05,0.20450704225352112,0.0,2,19,0.0195178384833557
5686,5264,9.025521695608312e-07,0.16409428479173394,0.0,2,19,0.0195178384833557
6023,2417,8.939463691239975e-05,0.18901093451687287,0.0,2,19,0.0195178384833557
6106,2508,4.2311667994954465e-08,0.14184436753377247,0.0,2,19,0.0195178384833557
6246,2653,8.857509835944277e-06,0.1816816816816817,0.0,2,19,0.0195178384833557
6285,2717,4.486284899552749e-07,0.17038063521155092,0.0,2,19,0.0195178384833557
6298,2731,2.9701804605822515e-08,0.15184956474970618,0.0,2,19,0.0195178384833557
6299,7506,4.5395803831344896e-08,0.1550777117747579,0.0,2,19,0.0195178384833557
6307,2749,1.074359289111255e-06,0.17785399314061734,0.0,2,19,0.0195178384833557
6328,6777,1.2571195482906917e-06,0.1826174448410512,0.0,2,19,0.0195178384833557
6424,3955,1.0335277088703048e-05,0.18941483414088706,0.0,2,19,0.0195178384833557
6425,5340,6.520556489055955e-08,0.15534000366800482,0.0,2,19,0.0195178384833557
6458,6297,1.1672904201676873e-05,0.20661336224420654,0.0,2,19,0.0195178384833557
6586,5244,1.127679514284939e-07,0.14833913872618654,0.0,2,19,0.0195178384833557
6593,3180,1.2071531467002892e-05,0.18910940213346564,0.0,2,19,0.0195178384833557
6665,3812,1.7847192366707735e-05,0.18557378645503675,0.0,2,19,0.0195178384833557
6761,3475,2.6448923151592976e-08,0.1416493236212279,0.0,2,19,0.0195178384833557
6763,7515,1.0202771830195308e-06,0.1650142869512512,0.0,2,19,0.0195178384833557
6917,3754,6.062986749567427e-06,0.17999574980519942,0.0,2,19,0.0195178384833557
7202,4553,1.056168995364779e-05,0.18805042307028147,0.0,2,19,0.0195178384833557
7292,7446,7.284590785224608e-06,0.19864495114006514,0.0,2,19,0.0195178384833557
7354,4956,1.8857459901771226e-05,0.18819434157902534,0.0,2,19,0.0195178384833557
7574,6371,2.955755496962531e-07,0.16303092518927242,0.0,2,19,0.0195178384833557
1294,201,9.679870274984621e-08,0.1377708698559578,0.0,3,19,0.0195178384833557
1528,4300,2.231696914077766e-06,0.17250899545135667,0.0,3,19,0.0195178384833557
2179,1966,0.0002890068415793787,0.1795971256920721,0.0,3,19,0.0195178384833557
2404,6018,0.00015951030830395162,0.1979485847831732,0.0,3,19,0.0195178384833557
2868,7132,2.5845113774768756e-07,0.15810104529616725,0.0,3,19,0.0195178384833557
3403,764,1.0198458620772004e-08,0.13660555884092254,0.0,3,19,0.0195178384833557
3405,4858,3.9314518658664586e-07,0.15820276019508145,0.0,3,19,0.0195178384833557
3453,4448,2.4051705812351726e-07,0.14863125877398223,0.0,3,19,0.0195178384833557
3455,5196,1.2812880796805302e-06,0.157220641009776,0.0,3,19,0.0195178384833557
4020,1465,1.0587569247368745e-07,0.13776837996096292,0.0,3,19,0.0195178384833557
4338,4975,2.1539016042581174e-08,0.14485510688836103,0.0,3,19,0.0195178384833557
4679,3183,0.00023602297137004087,0.18544286861118545,0.0,3,19,0.0195178384833557
4735,2228,8.023333182349969e-07,0.16124801692226334,0.0,3,19,0.0195178384833557
4737,1397,8.847763724383289e-07,0.15903116785580174,0.0,3,19,0.0195178384833557
4738,6561,1.3847880325599145e-06,0.17565325591041062,0.0,3,19,0.0195178384833557
4739,3170,9.254730754349061e-07,0.16420032310177707,0.0,3,19,0.0195178384833557
4842,2398,3.528911034337248e-07,0.1541370106761566,0.0,3,19,0.0195178384833557
4890,4682,2.0926466684724593e-05,0.1844556827255789,0.0,3,19,0.0195178384833557
5106,4475,2.03668066933074e-05,0.18852013057671382,0.0,3,19,0.0195178384833557
5268,3052,1.9753943351063997e-06,0.17751437952634888,0.0,3,19,0.0195178384833557
5512,4148,1.1426686929250142e-06,0.1650250037884528,0.0,3,19,0.0195178384833557
5630,6310,1.0568603591302266e-05,0.1880550621669627,0.0,3,19,0.0195178384833557
5795,6744,4.724374828675451e-06,0.18518158629904044,0.0,3,19,0.0195178384833557
5938,6578,6.88241923644498e-07,0.16666666666666666,0.0,3,19,0.0195178384833557
5954,6909,1.1578867137568374e-05,0.20015754233950375,0.0,3,19,0.0195178384833557
6596,5418,0.0003011776832749294,0.20159733425012563,0.0,3,19,0.0195178384833557
7032,5259,5.326592728306695e-06,0.19062265566391598,0.0,3,19,0.0195178384833557
1185,7329,1.1011319590505856e-06,0.17161575001688467,0.0,4,19,0.0195178384833557
1651,2680,4.1522194933225144e-07,0.1736525582031072,0.0,4,19,0.0195178384833557
2720,525,0.000198648231813062,0.18846886048409028,0.0,4,19,0.0195178384833557
2722,1877,0.00028326360000294844,0.18126694250249678,0.0,4,19,0.0195178384833557
2872,5660,1.4280699740939583e-05,0.19041790522818675,0.0,4,19,0.0195178384833557
3452,786,5.932702996289321e-07,0.15680990681504947,0.0,4,19,0.0195178384833557
3454,5305,9.91028258691794e-07,0.15773791048482214,0.0,4,19,0.0195178384833557
3819,1121,1.0669406662843057e-05,0.19386094298357154,0.0,4,19,0.0195178384833557
3920,7262,2.8195964281275333e-05,0.1885667639637857,0.0,4,19,0.0195178384833557
4096,3428,2.802588906705313e-06,0.17558447541172406,0.0,4,19,0.0195178384833557
4247,1225,0.0002874018348672664,0.2199492180737492,0.0,4,19,0.0195178384833557
4751,7459,1.0486519826154462e-05,0.20051555882894495,0.0,4,19,0.0195178384833557
4889,7527,2.795751557911234e-05,0.18559185859667918,0.0,4,19,0.0195178384833557
4999,2171,1.4751292423570012e-05,0.20418385385975252,0.0,4,19,0.0195178384833557
5511,1909,1.5175129720205703e-06,0.17046826781161947,0.0,4,19,0.0195178384833557
5794,2163,4.97992405256229e-07,0.1687437742114001,0.0,4,19,0.0195178384833557
5955,3199,1.2759772771807939e-05,0.19423635529735514,0.0,4,19,0.0195178384833557
6108,2867,1.6321885463159848e-06,0.16527904253935216,0.0,4,19,0.0195178384833557
6587,3375,1.1195823454047319e-06,0.16504644163942234,0.0,4,19,0.0195178384833557
6936,3789,1.2001469756312554e-05,0.1947126436781609,0.0,4,19,0.0195178384833557
457,4344,5.990471812744701e-07,0.1760386116435351,0.0,5,19,0.0195178384833557
2093,573,3.431146199777325e-06,0.18983937243182666,0.0,5,19,0.0195178384833557
2410,2523,2.390293800972181e-05,0.20292825768667644,0.0,5,19,0.0195178384833557
3348,744,2.255955729658903e-05,0.1913355588464145,0.0,5,19,0.0195178384833557
4021,2654,1.0525272877143188e-06,0.15556825370910798,0.0,5,19,0.0195178384833557
4337,4053,8.093507391109093e-07,0.1693774163444874,0.0,5,19,0.0195178384833557
4398,5450,2.8477932079194546e-05,0.1862584601852078,0.0,5,19,0.0195178384833557
4774,3021,5.393967575901043e-07,0.17059797690448483,0.0,5,19,0.0195178384833557
6222,2710,3.8801206070702985e-05,0.20294986821437128,0.0,5,19,0.0195178384833557
6374,4483,0.00030480342018226905,0.2201715622563036,0.0,5,19,0.0195178384833557
901,5270,1.2526830164624283e-05,0.19226694915254236,0.0,6,19,0.0195178384833557
1021,4839,3.912484590090557e-05,0.21278436845778087,0.0,6,19,0.0195178384833557
1297,1010,9.36284953811426e-07,0.15682281059063136,0.0,6,19,0.0195178384833557
1828,4279,5.135823883899207e-07,0.15936696422971589,0.0,6,19,0.0195178384833557
2375,3552,1.1115276746324942e-05,0.18567774936061382,0.0,6,19,0.0195178384833557
2386,454,1.683276675985453e-05,0.2051730634655757,0.0,6,19,0.0195178384833557
2389,1425,1.07525232712588e-06,0.17545111397532684,0.0,6,19,0.0195178384833557
2592,4795,0.0002641652851407549,0.1984639416818537,0.0,6,19,0.0195178384833557
2721,5842,2.069142615559178e-05,0.1742838199318686,0.0,6,19,0.0195178384833557
2864,5173,1.5486175434886163e-06,0.1706781900006717,0.0,6,19,0.0195178384833557
3349,2708,0.00040496797365313967,0.2015600211528292,0.0,6,19,0.0195178384833557
3919,973,2.8342240347585164e-05,0.19032282226050484,0.0,6,19,0.0195178384833557
4095,1051,1.1961959772111092e-05,0.1924902782687743,0.0,6,19,0.0195178384833557
4927,3744,1.155305917260687e-05,0.18405485670135452,0.0,6,19,0.0195178384833557
5169,7513,1.0308463459279469e-05,0.1909856190810242,0.0,6,19,0.0195178384833557
5685,2050,2.9964296818417926e-06,0.1901281987329775,0.0,6,19,0.0195178384833557
658,1495,0.0004623930931017272,0.19653492149431512,0.0,7,19,0.0195178384833557
902,518,1.7626466798776704e-06,0.1836955997879416,0.0,7,19,0.0195178384833557
1903,2239,3.1843241966109726e-05,0.17897727272727273,0.0,7,19,0.0195178384833557
2382,3321,3.2522117324087025e-06,0.1577020149778642,0.0,7,19,0.0195178384833557
2871,651,3.1972960834515736e-05,0.19463806970509384,0.0,7,19,0.0195178384833557
3907,1406,0.0003164180898615795,0.2237583656216978,0.0,7,19,0.0195178384833557
5983,5816,1.0718412129045312e-05,0.1818941038917655,0.0,7,19,0.0195178384833557
6273,5134,2.8537658974407366e-06,0.17583963830965121,0.0,7,19,0.0195178384833557
6615,4130,7.543111066614893e-06,0.1950165008058533,0.0,7,19,0.0195178384833557
460,1680,0.00029914022430125724,0.2215795134145278,0.0,8,19,0.0195178384833557
897,121,3.290936651173645e-05,0.19549161409447607,0.0,8,19,0.0195178384833557
904,6905,1.2367535114705461e-05,0.19477234401349072,0.0,8,19,0.0195178384833557
1521,2706,1.6354544387983628e-06,0.16985672586287573,0.0,8,19,0.0195178384833557
2383,1338,2.0962475260009712e-05,0.18575919292345933,0.0,8,19,0.0195178384833557
2540,6316,5.299375127507661e-05,0.20181616011860637,0.0,8,19,0.0195178384833557
3350,2742,1.515552534780745e-05,0.18789282985383648,0.0,8,19,0.0195178384833557
3536,1647,3.0930133445819835e-05,0.1928994382306797,0.0,8,19,0.0195178384833557
4225,2327,2.415501467108329e-05,0.19584318158462646,0.0,8,19,0.0195178384833557
4245,1118,2.2317846666851693e-05,0.19224755371734087,0.0,8,19,0.0195178384833557
4249,7163,1.219949429172992e-05,0.1874354561101549,0.0,8,19,0.0195178384833557
5513,3169,3.233405252051066e-06,0.1741683421677938,0.0,8,19,0.0195178384833557
1525,5254,1.701987109026243e-05,0.20180547466511356,0.0,9,19,0.0195178384833557
2376,2372,2.26787817036268e-05,0.1886881188118812,0.0,9,19,0.0195178384833557
4019,3172,1.1700675923287323e-05,0.1821244266055046,0.0,9,19,0.0195178384833557
4248,3273,2.3473665074889018e-05,0.19019935627136406,0.0,9,19,0.0195178384833557
1520,243,1.2664905604916194e-05,0.190646492434663,0.0,10,19,0.0195178384833557
2862,571,3.4259628828365553e-06,0.17606300667482735,0.0,10,19,0.0195178384833557
4097,2966,1.4844314347686612e-05,0.199690889086813,0.0,10,19,0.0195178384833557
4098,6556,1.2576690229337838e-05,0.19611525598147672,0.0,10,19,0.0195178384833557
5287,4946,0.00013070563416072193,0.23397071913078174,0.0,10,19,0.0195178384833557
1527,6235,3.90708664202068e-06,0.17556829959234438,0.0,11,19,0.0195178384833557
2378,1164,2.204321923993833e-05,0.1871363692156622,0.0,11,19,0.0195178384833557
2379,2992,3.5678369765080655e-05,0.1709537799107443,0.0,11,19,0.0195178384833557
3537,7086,2.1836609955323344e-06,0.17109958925324895,0.0,11,19,0.0195178384833557
4246,5371,5.8932352059285e-06,0.17430773100404728,0.0,11,19,0.0195178384833557
438,2902,1.8287765346745406e-06,0.18309114927344783,0.0,12,19,0.0195178384833557
1524,821,4.631035354932763e-06,0.17563302075893372,0.0,12,19,0.0195178384833557
2374,452,2.2401317061022945e-05,0.18584070796460178,0.0,12,19,0.0195178384833557
2380,1521,2.2403029437510645e-05,0.18578182881653343,0.0,12,19,0.0195178384833557
2863,6836,5.105373934661849e-06,0.17697861769554013,0.0,12,19,0.0195178384833557
2865,5671,4.203781629979005e-06,0.17627471383975027,0.0,13,19,0.0195178384833557
1523,1396,2.358023384960431e-06,0.1714497773379515,0.0,14,19,0.0195178384833557
2381,4341,2.038816128789519e-05,0.18587242758217107,0.0,14,19,0.0195178384833557
2866,4600,5.634616868982971e-06,0.17697040046430645,0.0,14,19,0.0195178384833557
2377,2216,1.4475769106392108e-05,0.1841393304024349,0.0,15,19,0.0195178384833557
2387,6259,1.3268774222786812e-05,0.19325153374233128,0.0,15,19,0.0195178384833557
1295,7248,2.797761502349954e-06,0.1597476895995306,0.0,16,19,0.0195178384833557
2023,4555,1.6712641737349684e-05,0.2029012509981368,0.0,17,19,0.0195178384833557
2625,6120,2.3468009765478637e-06,0.18297249291920695,0.0,17,19,0.0195178384833557
1522,3227,8.539502940743023e-06,0.19516628689930618,0.0,18,19,0.0195178384833557
1529,6190,5.16626349720291e-06,0.17905714889718835,0.0,18,19,0.0195178384833557
1827,5516,0.0003307959664039975,0.22195370505168147,0.0,20,19,0.0195178384833557
1526,7009,2.470598538687872e-05,0.19222331492548606,0.0,22,19,0.0195178384833557
1291,4929,3.935755927616146e-05,0.19759966820467623,0.0,23,19,0.0195178384833557
899,3330,0.000358128555483754,0.22777661577075925,0.0,27,19,0.0195178384833557
905,4941,0.0003971261784303707,0.23158246498769633,0.0,30,19,0.0195178384833557
898,2337,0.0004186866847697303,0.23430872318190202,0.0,36,19,0.0195178384833557
903,4033,6.885042301376557e-05,0.2084039586636776,0.0,36,19,0.0195178384833557
1877,586,2.5434112802436776e-07,0.1627698417782333,0.0,1,20,0.0765027322404371
1878,4750,2.5434112802436776e-07,0.1627698417782333,0.0,1,20,0.0765027322404371
2159,386,0.00034721755495644764,0.1786249882838129,0.0,1,20,0.0765027322404371
2203,404,0.00020021678742590402,0.17060943130189565,0.0,1,20,0.0765027322404371
4358,1177,2.9599314844878877e-06,0.1697243621142628,0.0,1,20,0.0765027322404371
4683,3174,1.3590748166316338e-09,0.13477961067204158,0.0,1,20,0.0765027322404371
4765,1419,1.3590748172843786e-09,0.13477961067204158,0.0,1,20,0.0765027322404371
5156,2682,0.00034721755495644764,0.1786249882838129,0.0,1,20,0.0765027322404371
6286,2718,1.0889590940085757e-08,0.13388246865011064,0.0,1,20,0.0765027322404371
6341,3457,2.9599314844878877e-06,0.1697243621142628,0.0,1,20,0.0765027322404371
7030,4500,0.0001414230943258825,0.16810744056807655,0.0,1,20,0.0765027322404371
7160,4402,1.3328533551037709e-05,0.15235639764959827,0.0,1,20,0.0765027322404371
7500,5973,5.242682349190687e-08,0.1557653405259609,0.0,1,20,0.0765027322404371
7513,5809,3.100824501027269e-07,0.14565499847141547,0.0,1,20,0.0765027322404371
482,2604,2.8637243465799334e-05,0.16012687476368526,0.0,2,20,0.0765027322404371
1873,2500,2.906662429481832e-07,0.16277331738981893,0.0,2,20,0.0765027322404371
1880,2351,7.388382688654226e-07,0.17109574897876734,0.0,2,20,0.0765027322404371
1883,7069,3.603267362758448e-07,0.16277679314983665,0.0,2,20,0.0765027322404371
4030,1034,0.00022484596169740167,0.17006134969325154,0.0,2,20,0.0765027322404371
4682,1374,5.2462031514457667e-08,0.1557717064797597,0.0,2,20,0.0765027322404371
4766,4597,5.246203151334382e-08,0.1557717064797597,0.0,2,20,0.0765027322404371
5455,1871,3.0123583079799356e-06,0.17422805293351312,0.0,2,20,0.0765027322404371
7501,6630,5.196802576059005e-06,0.18316153679809702,0.0,2,20,0.0765027322404371
568,82,3.021087476634171e-05,0.17243485342019543,0.0,3,20,0.0765027322404371
593,91,4.0065386923069237e-07,0.16278374511520638,0.0,3,20,0.0765027322404371
1319,1959,1.0536770039242054e-06,0.16998929622692,0.0,3,20,0.0765027322404371
1881,7620,3.0705329352835284e-06,0.1691856981157201,0.0,3,20,0.0765027322404371
1882,5594,9.57281168017959e-07,0.17708962505226966,0.0,3,20,0.0765027322404371
2818,555,0.0003804835937485887,0.1786375459892672,0.0,3,20,0.0765027322404371
4635,4580,4.2035218076394367e-07,0.15457458025792847,0.0,3,20,0.0765027322404371
479,7555,1.1969580385169815e-05,0.1704835174665653,0.0,4,20,0.0765027322404371
571,3745,0.0005609363772768718,0.18052430909133965,0.0,4,20,0.0765027322404371
1316,208,1.3015955842623323e-06,0.17545919071951388,0.0,4,20,0.0765027322404371
1884,2495,3.984505358793385e-06,0.1784577207603708,0.0,4,20,0.0765027322404371
5153,6090,0.000901514247060533,0.18914224747537403,0.0,4,20,0.0765027322404371
3642,5413,0.0020127329229441674,0.19544650411506806,0.0,5,20,0.0765027322404371
4031,4044,0.001857303346206377,0.19240282685512367,0.0,5,20,0.0765027322404371
477,67,0.00045149283041814333,0.18546091526165973,0.0,6,20,0.0765027322404371
569,2809,0.00011425715265868656,0.20441381529550573,0.0,6,20,0.0765027322404371
580,5753,2.02374264625427e-06,0.18450032674201902,0.0,6,20,0.0765027322404371
595,6932,1.4021960382981022e-06,0.17547534643893006,0.0,6,20,0.0765027322404371
3643,1446,0.0019401912435884022,0.19547156264423818,0.0,6,20,0.0765027322404371
478,2416,0.00044113026551610994,0.18197226134491895,0.0,7,20,0.0765027322404371
570,2086,0.0004909849942024252,0.183187946074544,0.0,7,20,0.0765027322404371
481,4777,0.0004409426375565375,0.19012345679012346,0.0,8,20,0.0765027322404371
1318,1851,4.091180449650884e-06,0.1784744334144971,0.0,8,20,0.0765027322404371
1876,4609,0.00010446295323107756,0.19495166487647692,0.0,8,20,0.0765027322404371
4029,6536,0.0005144984945218943,0.17973686692445534,0.0,8,20,0.0765027322404371
5155,5427,0.00065394150667472,0.18859008931001212,0.0,8,20,0.0765027322404371
480,4638,0.00877689789981847,0.2230577907827359,0.0,9,20,0.0765027322404371
1317,6145,3.528050810165712e-05,0.20478173270651445,0.0,9,20,0.0765027322404371
2819,7585,0.0005013222675331367,0.18189844421112913,0.0,9,20,0.0765027322404371
594,1345,4.245663479906132e-06,0.1793815888554217,0.0,10,20,0.0765027322404371
3641,867,0.009375440348106372,0.21570458404074702,0.0,10,20,0.0765027322404371
4032,5677,0.0007946623604486071,0.19039888103504257,0.0,10,20,0.0765027322404371
2820,2890,0.0007827895075339475,0.18298566936316282,0.0,11,20,0.0765027322404371
1647,4021,0.005459112875596896,0.20207295090658467,0.0,12,20,0.0765027322404371
4028,1015,0.0032202297054656588,0.2003100693714526,0.0,12,20,0.0765027322404371
483,2670,0.007728624856904746,0.20569902048085487,0.0,15,20,0.0765027322404371
596,313,9.817893841207961e-06,0.19440973196296957,0.0,19,20,0.0765027322404371
2160,1674,0.013403043073914036,0.21746448336851715,0.0,24,20,0.0765027322404371
404,51,1.8021073227942725e-09,0.13506617764311912,0.0,1,21,0.0303571428571428
1162,172,6.452001937767286e-07,0.16250266467704114,0.0,1,21,0.0303571428571428
1178,491,3.2925108344743223e-06,0.1824994014843189,0.0,1,21,0.0303571428571428
1179,1773,3.2925108344743223e-06,0.1824994014843189,0.0,1,21,0.0303571428571428
1180,6590,3.2925108344743223e-06,0.1824994014843189,0.0,1,21,0.0303571428571428
1181,6061,3.2925108344743223e-06,0.1824994014843189,0.0,1,21,0.0303571428571428
1453,6260,3.1410514847002576e-07,0.15807809551458848,0.0,1,21,0.0303571428571428
1454,4170,3.1410514847002576e-07,0.15807809551458848,0.0,1,21,0.0303571428571428
1558,245,1.8021073227942725e-09,0.13506617764311912,0.0,1,21,0.0303571428571428
1619,263,5.5598725125718e-06,0.18119800332778702,0.0,1,21,0.0303571428571428
1637,269,8.822248405343375e-07,0.17362091741447638,0.0,1,21,0.0303571428571428
2772,3072,9.229031034986251e-06,0.19508137987511517,0.0,1,21,0.0303571428571428
2778,6204,9.229031034986251e-06,0.19508137987511517,0.0,1,21,0.0303571428571428
2782,2041,9.229031034986251e-06,0.19508137987511517,0.0,1,21,0.0303571428571428
2785,6332,9.229031034986251e-06,0.19508137987511517,0.0,1,21,0.0303571428571428
3365,752,1.1288349253641689e-05,0.20229281108192024,0.0,1,21,0.0303571428571428
3772,921,3.8731270365561816e-08,0.14921604322038876,0.0,1,21,0.0303571428571428
3914,971,1.1288349253641689e-05,0.20229281108192024,0.0,1,21,0.0303571428571428
3946,987,5.213947166936323e-07,0.1729630385950582,0.0,1,21,0.0303571428571428
3949,2363,6.248952776794352e-06,0.18414822688182433,0.0,1,21,0.0303571428571428
4145,1070,1.1288349253641689e-05,0.20229281108192024,0.0,1,21,0.0303571428571428
4467,4258,1.835930408642591e-07,0.16304487316593233,0.0,1,21,0.0303571428571428
4514,1266,0.00021379186974091374,0.21973365617433413,0.0,1,21,0.0303571428571428
4671,1365,1.1288349253641689e-05,0.20229281108192024,0.0,1,21,0.0303571428571428
5019,1588,0.00021379186974091374,0.21973365617433413,0.0,1,21,0.0303571428571428
5525,5398,2.9335123650565506e-07,0.17023604814756918,0.0,1,21,0.0303571428571428
5690,2054,0.00021379186974091374,0.21973365617433413,0.0,1,21,0.0303571428571428
5804,2175,4.131049002149104e-08,0.15078030737583323,0.0,1,21,0.0303571428571428
5844,2218,0.00021379186974091374,0.21973365617433413,0.0,1,21,0.0303571428571428
5945,5554,5.378523082203967e-07,0.16147686832740213,0.0,1,21,0.0303571428571428
6355,4358,1.3162057824914858e-06,0.17824907636907825,0.0,1,21,0.0303571428571428
6386,2856,1.8021073227942725e-09,0.13506617764311912,0.0,1,21,0.0303571428571428
6576,3144,1.1288349253641689e-05,0.20229281108192024,0.0,1,21,0.0303571428571428
6821,5284,1.1397625625777534e-06,0.17364464692482914,0.0,1,21,0.0303571428571428
6840,7299,1.1288349253641689e-05,0.20229281108192024,0.0,1,21,0.0303571428571428
6841,5165,1.1288349253641689e-05,0.20229281108192024,0.0,1,21,0.0303571428571428
6842,6066,1.1288349253641689e-05,0.20229281108192024,0.0,1,21,0.0303571428571428
6844,5705,1.1288349253641689e-05,0.20229281108192024,0.0,1,21,0.0303571428571428
6845,3675,1.1288349253641689e-05,0.20229281108192024,0.0,1,21,0.0303571428571428
6846,4190,1.1288349253641689e-05,0.20229281108192024,0.0,1,21,0.0303571428571428
7072,6980,1.4445645093153398e-07,0.15535899891984428,0.0,1,21,0.0303571428571428
7100,4264,1.8021073227942725e-09,0.13506617764311912,0.0,1,21,0.0303571428571428
7140,7426,0.00021379186974091374,0.21973365617433413,0.0,1,21,0.0303571428571428
7141,5039,0.00021379186974091374,0.21973365617433413,0.0,1,21,0.0303571428571428
7142,4401,0.00021379186974091374,0.21973365617433413,0.0,1,21,0.0303571428571428
7143,6264,0.00021379186974091374,0.21973365617433413,0.0,1,21,0.0303571428571428
7145,5366,0.00021379186974091374,0.21973365617433413,0.0,1,21,0.0303571428571428
7184,4495,2.1299714281007793e-07,0.15877280679830041,0.0,1,21,0.0303571428571428
7311,7616,1.9278364436764017e-06,0.16550511300722986,0.0,1,21,0.0303571428571428
7338,6308,6.790973431216865e-06,0.18901093451687287,0.0,1,21,0.0303571428571428
7345,7325,4.765506074669366e-06,0.17733680733261992,0.0,1,21,0.0303571428571428
7394,5119,1.8021073227942725e-09,0.13506617764311912,0.0,1,21,0.0303571428571428
7462,7222,3.041195488001634e-08,0.1467033601478003,0.0,1,21,0.0303571428571428
7546,6550,4.131049002149104e-08,0.15078030737583323,0.0,1,21,0.0303571428571428
7623,7505,1.5924975441559747e-06,0.17753091595053447,0.0,1,21,0.0303571428571428
1105,2150,1.2018841490327671e-05,0.2075641235092305,0.0,2,21,0.0303571428571428
1930,328,8.430362951458193e-07,0.16332783407966062,0.0,2,21,0.0303571428571428
1931,6097,1.1780493422148665e-05,0.17299444003177125,0.0,2,21,0.0303571428571428
2072,372,7.979358340371424e-05,0.2185179876737853,0.0,2,21,0.0303571428571428
2106,2737,0.004264241089902941,0.21266564374389735,0.0,2,21,0.0303571428571428
2776,593,2.051738028862732e-05,0.21087136929460581,0.0,2,21,0.0303571428571428
2780,5873,9.276511676948467e-06,0.19509136510211394,0.0,2,21,0.0303571428571428
3142,4213,1.3635798743017947e-06,0.17334849346219444,0.0,2,21,0.0303571428571428
3750,6662,1.5632245647319337e-06,0.17728731568910183,0.0,2,21,0.0303571428571428
4428,1220,6.479732691656115e-09,0.14689842560653651,0.0,2,21,0.0303571428571428
4429,6551,1.8056234027106326e-07,0.16409075254003788,0.0,2,21,0.0303571428571428
4800,4591,1.1484558583407973e-05,0.20296607913094414,0.0,2,21,0.0303571428571428
4903,1504,6.963458248916025e-06,0.19611525598147672,0.0,2,21,0.0303571428571428
5172,6735,3.061487184915401e-05,0.19831937145533066,0.0,2,21,0.0303571428571428
5729,2104,7.416455495390919e-06,0.19692077187362766,0.0,2,21,0.0303571428571428
5730,4562,1.7666837213730434e-05,0.1874032008260196,0.0,2,21,0.0303571428571428
6030,5400,0.00022268027616431126,0.22475454786685142,0.0,2,21,0.0303571428571428
6154,2546,0.00021408494992478452,0.21989845958576126,0.0,2,21,0.0303571428571428
6297,3115,0.00022171814656892,0.22333880229696473,0.0,2,21,0.0303571428571428
6360,7113,2.9400336751894656e-05,0.19612534732942266,0.0,2,21,0.0303571428571428
6619,3233,1.979106940157549e-06,0.16550870641365234,0.0,2,21,0.0303571428571428
6620,7390,1.979106940157338e-06,0.16550870641365234,0.0,2,21,0.0303571428571428
6809,3539,1.9907566529544587e-06,0.16726642383815332,0.0,2,21,0.0303571428571428
7021,4251,5.843059440537314e-06,0.1807597458029024,0.0,2,21,0.0303571428571428
7031,4025,1.8328136936476478e-06,0.1775391853180241,0.0,2,21,0.0303571428571428
7077,5472,1.173940474480962e-06,0.17192151556156968,0.0,2,21,0.0303571428571428
7144,6033,0.00021421428096819723,0.22392926385053757,0.0,2,21,0.0303571428571428
7226,7217,1.8119907640457425e-05,0.17997025285076848,0.0,2,21,0.0303571428571428
7227,7112,0.00010710878026668462,0.2045783908539531,0.0,2,21,0.0303571428571428
7240,4667,2.1956943969172486e-06,0.177535050537985,0.0,2,21,0.0303571428571428
970,1918,1.1323734075525313e-05,0.20515649810264552,0.0,3,21,0.0303571428571428
1173,5153,2.6884467036949603e-05,0.20547169811320753,0.0,3,21,0.0303571428571428
1820,6647,0.0002157076036100795,0.228472950696838,0.0,3,21,0.0303571428571428
2301,6820,3.4224601087381715e-05,0.2130519843487982,0.0,3,21,0.0303571428571428
2332,7149,1.5815575845177642e-06,0.1830252100840336,0.0,3,21,0.0303571428571428
3139,835,1.2626948158261264e-06,0.17527361353812196,0.0,3,21,0.0303571428571428
3140,2069,1.2626948158248118e-06,0.17527361353812196,0.0,3,21,0.0303571428571428
3156,4153,5.5762043321172456e-06,0.18393051031487515,0.0,3,21,0.0303571428571428
3773,1059,1.4950767252573947e-06,0.17538249165995629,0.0,3,21,0.0303571428571428
4466,1238,7.0869269127054184e-06,0.19480220791168354,0.0,3,21,0.0303571428571428
4957,1548,7.761131898902313e-06,0.2006897641112047,0.0,3,21,0.0303571428571428
4959,1762,0.00021413703339008777,0.2201652033271719,0.0,3,21,0.0303571428571428
5171,2190,2.6697560442238277e-06,0.18324519230769232,0.0,3,21,0.0303571428571428
5805,6040,1.5946379129153689e-06,0.17754745545592174,0.0,3,21,0.0303571428571428
6296,3323,1.5129188926024151e-05,0.1940385888102632,0.0,3,21,0.0303571428571428
7020,4001,0.0002142363194907272,0.2199048031155344,0.0,3,21,0.0303571428571428
548,2332,2.076178911917538e-05,0.19256807962410954,0.0,4,21,0.0303571428571428
1452,225,1.2124861702932229e-05,0.18775399620699,0.0,4,21,0.0303571428571428
1620,3481,0.00021461821186092613,0.2212900603808639,0.0,4,21,0.0303571428571428
1921,325,3.1361930031294163e-06,0.18078117959541823,0.0,4,21,0.0303571428571428
1922,3707,1.91547676579236e-06,0.1753865267807841,0.0,4,21,0.0303571428571428
2774,5130,1.8791912336965673e-05,0.2029066517607602,0.0,4,21,0.0303571428571428
3518,3604,9.262780247095888e-06,0.1913739863931916,0.0,4,21,0.0303571428571428
6155,7243,1.1313271096021543e-05,0.18244262020438934,0.0,4,21,0.0303571428571428
6354,5647,4.753163842697299e-06,0.1945089433798576,0.0,4,21,0.0303571428571428
7185,6348,8.221962970915071e-06,0.18873483535528596,0.0,4,21,0.0303571428571428
1923,2674,3.897137357479966e-06,0.18034920034068325,0.0,5,21,0.0303571428571428
2333,3988,2.438521727892372e-05,0.21157956090926752,0.0,5,21,0.0303571428571428
3138,673,3.482647871883275e-06,0.18682449819866187,0.0,5,21,0.0303571428571428
3752,3196,5.548584052011159e-06,0.17853713375647,0.0,5,21,0.0303571428571428
3948,4423,0.0002442132047026639,0.22893266862874648,0.0,5,21,0.0303571428571428
4812,1452,3.150218137309187e-05,0.2000787401574803,0.0,5,21,0.0303571428571428
5032,2741,0.00021656919949616227,0.2218116216137574,0.0,5,21,0.0303571428571428
6279,7475,1.149723866993907e-05,0.1910478434124458,0.0,5,21,0.0303571428571428
6280,2740,1.1180119621630943e-05,0.19100954671878523,0.0,5,21,0.0303571428571428
241,4626,1.1313146693592979e-05,0.19086129193790685,0.0,6,21,0.0303571428571428
1163,4617,2.490555522048783e-05,0.19402871105681124,0.0,6,21,0.0303571428571428
2779,6000,2.172656676875855e-05,0.20297148334531512,0.0,6,21,0.0303571428571428
3801,4914,0.0001839546482486684,0.2155581947743468,0.0,6,21,0.0303571428571428
3947,1684,2.012650497249146e-05,0.20913006501879236,0.0,6,21,0.0303571428571428
405,7135,6.95636546356021e-08,0.15615461826822624,0.0,7,21,0.0303571428571428
3751,6598,1.2966080259297967e-05,0.19083262404245732,0.0,7,21,0.0303571428571428
4813,2850,3.811987920316543e-05,0.20314998401023346,0.0,7,21,0.0303571428571428
240,29,1.6718264246856284e-05,0.199252443933295,0.0,8,21,0.0303571428571428
1177,7415,0.0006745461261061215,0.21536331788902702,0.0,8,21,0.0303571428571428
1455,988,0.00024121759409525856,0.22570616450524073,0.0,8,21,0.0303571428571428
1986,3598,8.645395447506847e-06,0.18099579742146876,0.0,8,21,0.0303571428571428
4814,6731,1.3130519171840286e-05,0.19440973196296957,0.0,8,21,0.0303571428571428
2783,1594,2.959333355583407e-05,0.20311209400229144,0.0,9,21,0.0303571428571428
2784,5115,2.3284172370335557e-05,0.2018321904207154,0.0,9,21,0.0303571428571428
3141,3550,4.399629714048783e-05,0.21012734990903578,0.0,9,21,0.0303571428571428
5398,4819,7.441695998717825e-05,0.1983245310508104,0.0,9,21,0.0303571428571428
1172,175,0.0001270951422410324,0.22323415719807896,0.0,10,21,0.0303571428571428
1981,343,1.578707689584211e-05,0.19266541980488297,0.0,10,21,0.0303571428571428
2773,5318,0.00023240870103834893,0.22745718207316346,0.0,10,21,0.0303571428571428
2786,810,3.6402758630610766e-05,0.21645796064400716,0.0,11,21,0.0303571428571428
244,7287,2.2241977263492653e-05,0.20285265706910774,0.0,12,21,0.0303571428571428
1638,438,3.405501066917449e-05,0.21009260280013228,0.0,12,21,0.0303571428571428
1985,4104,1.561218490353955e-05,0.19262647192601204,0.0,12,21,0.0303571428571428
3593,3897,1.9558234620070105e-05,0.19109573588027376,0.0,12,21,0.0303571428571428
1984,846,3.7723611654238486e-05,0.21536940245797428,0.0,13,21,0.0303571428571428
2328,2433,3.950901978268714e-05,0.20930807248764416,0.0,16,21,0.0303571428571428
2781,6640,5.3223188917538014e-05,0.21568017202354006,0.0,16,21,0.0303571428571428
2329,1633,5.333508841688909e-05,0.21568627450980393,0.0,17,21,0.0303571428571428
247,6652,3.778611679293173e-05,0.20897527276714734,0.0,18,21,0.0303571428571428
2331,7468,5.02607392520491e-05,0.21571068790854298,0.0,19,21,0.0303571428571428
2330,2730,0.00030596445434579936,0.24048077226410927,0.0,21,21,0.0303571428571428
1983,4164,4.528519643267036e-05,0.2075980392156863,0.0,23,21,0.0303571428571428
242,907,5.169707824431118e-05,0.21547898352036635,0.0,26,21,0.0303571428571428
243,2838,5.0807231791889586e-05,0.21690758024129297,0.0,28,21,0.0303571428571428
1982,4888,0.00026214028672550126,0.2330551224433642,0.0,29,21,0.0303571428571428
245,543,0.0003562524380656018,0.24235391365168182,0.0,36,21,0.0303571428571428
246,7579,6.147244825251107e-05,0.21584506045247331,0.0,36,21,0.0303571428571428
248,2711,5.377601103201953e-05,0.2122156955541327,0.0,38,21,0.0303571428571428
2042,3584,0.0004357447632477111,0.2535843784305246,0.0,54,21,0.0303571428571428
1145,4356,0.008252640450018441,0.28160325083117843,0.0,56,21,0.0303571428571428
1084,156,8.957818101747197e-06,0.1622363632494094,0.0,1,22,0.0579710144927536
1562,248,1.6566547262422308e-08,0.15568263045032166,0.0,1,22,0.0579710144927536
1783,293,8.474273989404603e-07,0.18119800332778702,0.0,1,22,0.0579710144927536
2877,577,2.196809114639695e-08,0.15341114912457235,0.0,1,22,0.0579710144927536
4195,1096,5.858192545702809e-10,0.133029684309722,0.0,1,22,0.0579710144927536
4258,6608,2.196809114606461e-08,0.15341114912457235,0.0,1,22,0.0579710144927536
5911,2292,5.432986022152769e-07,0.1813359341548123,0.0,1,22,0.0579710144927536
6011,2407,4.041867271111409e-07,0.15832104508920228,0.0,1,22,0.0579710144927536
6099,5891,1.1360446121211993e-08,0.14378406926080314,0.0,1,22,0.0579710144927536
6100,4878,1.1360446121211993e-08,0.14378406926080314,0.0,1,22,0.0579710144927536
6104,4714,5.432986022152769e-07,0.1813359341548123,0.0,1,22,0.0579710144927536
6105,6933,5.432986022152769e-07,0.1813359341548123,0.0,1,22,0.0579710144927536
6346,2822,8.474273989404603e-07,0.18119800332778702,0.0,1,22,0.0579710144927536
6905,3734,4.041867271111409e-07,0.15832104508920228,0.0,1,22,0.0579710144927536
7117,5917,2.4356607694254813e-06,0.18309554690877647,0.0,1,22,0.0579710144927536
7241,4670,6.506186265980345e-08,0.1647325769854133,0.0,1,22,0.0579710144927536
7478,5546,5.858192545702809e-10,0.133029684309722,0.0,1,22,0.0579710144927536
7584,6485,2.1092203194041132e-09,0.14124513618677043,0.0,1,22,0.0579710144927536
2878,3903,8.479965015575597e-07,0.18120661785680328,0.0,2,22,0.0579710144927536
4257,1123,8.479965015577414e-07,0.18120661785680328,0.0,2,22,0.0579710144927536
5672,2035,6.083604648751337e-07,0.1831087410823665,0.0,2,22,0.0579710144927536
6098,4226,1.3469666440532019e-08,0.15148142996244263,0.0,2,22,0.0579710144927536
7284,5923,6.875669596909197e-07,0.18618567276457515,0.0,2,22,0.0579710144927536
7285,5299,6.390716442930475e-07,0.18437983746130032,0.0,2,22,0.0579710144927536
7286,7445,6.875669596909197e-07,0.18618567276457515,0.0,2,22,0.0579710144927536
1085,2548,0.0003457832708978822,0.19364918074431603,0.0,3,22,0.0579710144927536
1563,4944,6.394899778939313e-07,0.18438429722081126,0.0,3,22,0.0579710144927536
4196,6741,2.261337479191423e-08,0.15343894044000725,0.0,3,22,0.0579710144927536
4482,1288,3.257326614315396e-05,0.2079207920792079,0.0,3,22,0.0579710144927536
6063,2459,1.2086091972558046e-06,0.18468806783767414,0.0,3,22,0.0579710144927536
6096,7424,6.504193798320402e-07,0.18509165958480028,0.0,3,22,0.0579710144927536
6097,6320,6.389993330867862e-07,0.17281795511221945,0.0,3,22,0.0579710144927536
6102,3874,1.4235680271446328e-06,0.19132115249472945,0.0,3,22,0.0579710144927536
6455,3724,9.156386982262276e-07,0.18121954118625935,0.0,3,22,0.0579710144927536
6659,6927,8.141861031473979e-08,0.16447311642357815,0.0,3,22,0.0579710144927536
6903,4625,8.717336396152864e-07,0.18122815776335496,0.0,3,22,0.0579710144927536
6065,7102,1.2180770760072172e-05,0.20043120448031973,0.0,4,22,0.0579710144927536
6103,5409,1.2677443368953658e-06,0.19160487620962674,0.0,4,22,0.0579710144927536
6126,4299,9.401963045950286e-05,0.2241267787839586,0.0,4,22,0.0579710144927536
949,6716,1.5602126205999834e-05,0.18809682433932934,0.0,5,22,0.0579710144927536
6064,2964,1.7613100225460043e-06,0.19256807962410954,0.0,5,22,0.0579710144927536
6095,2501,4.3852779485162793e-07,0.1679259830377795,0.0,6,22,0.0579710144927536
7283,4790,2.4029495370089244e-05,0.22604080180287037,0.0,8,22,0.0579710144927536
5673,7188,2.511471367891459e-06,0.1972162574703128,0.0,10,22,0.0579710144927536
3408,2504,2.097202305451523e-05,0.2214958158995816,0.0,12,22,0.0579710144927536
1784,6817,3.271178478126559e-05,0.2212900603808639,0.0,14,22,0.0579710144927536
3083,653,1.3937609160776018e-06,0.15794380905022376,0.0,1,23,0.1146245059288537
3658,6989,3.3807304960427934e-07,0.17202238570203549,0.0,1,23,0.1146245059288537
3659,3870,3.3807304960427934e-07,0.17202238570203549,0.0,1,23,0.1146245059288537
5401,1832,1.4128465566410358e-06,0.1683822230075985,0.0,1,23,0.1146245059288537
5509,2664,1.4985646648533125e-06,0.15940695510340647,0.0,1,23,0.1146245059288537
5734,2115,5.376485284964518e-05,0.187555358724535,0.0,1,23,0.1146245059288537
6281,2712,5.376485284964518e-05,0.187555358724535,0.0,1,23,0.1146245059288537
6857,3607,5.376485284964518e-05,0.187555358724535,0.0,1,23,0.1146245059288537
7335,4884,5.376485284964518e-05,0.187555358724535,0.0,1,23,0.1146245059288537
1918,4585,5.421481881798599e-05,0.18806434104702224,0.0,2,23,0.1146245059288537
3084,4429,5.3800959445349375e-05,0.1875645883568722,0.0,2,23,0.1146245059288537
3656,6099,4.699215693007907e-06,0.1969004261913987,0.0,3,23,0.1146245059288537
4409,1210,5.755243224484101e-05,0.18989612136611614,0.0,3,23,0.1146245059288537
4410,7011,0.00013084878188131336,0.201023179768466,0.0,3,23,0.1146245059288537
5043,1865,5.674112676510934e-05,0.1875645883568722,0.0,3,23,0.1146245059288537
5044,1634,5.566902548513851e-05,0.18764769594328476,0.0,3,23,0.1146245059288537
5045,7285,5.674112676510957e-05,0.1875645883568722,0.0,3,23,0.1146245059288537
5508,1904,5.78465186030062e-05,0.1896315828751959,0.0,3,23,0.1146245059288537
4412,6805,1.5356641937309485e-05,0.17768402405482261,0.0,4,23,0.1146245059288537
5042,1601,5.8146864695281776e-05,0.1875738188976378,0.0,4,23,0.1146245059288537
3655,3313,5.4537689656439775e-05,0.20247011952191235,0.0,5,23,0.1146245059288537
3654,873,1.3050053435669642e-05,0.20775645917366184,0.0,6,23,0.1146245059288537
4411,5461,0.0020753922960399683,0.23084610259826782,0.0,24,23,0.1146245059288537
3370,2762,1.4130661837295821e-08,0.14536890482274642,0.0,1,24,0.4
4131,4016,1.4130661837485338e-08,0.14536890482274642,0.0,1,24,0.4
3369,755,5.454616754348966e-07,0.17009170627217352,0.0,2,24,0.4
4130,1063,5.454616754344214e-07,0.17009170627217352,0.0,2,24,0.4
2113,7501,2.1041389794063303e-05,0.20493588192596177,0.0,4,24,0.4
4621,1330,1.2122092038334053e-07,0.12775692163303615,0.0,1,25,0.2363636363636363
5254,1732,1.2122092038334053e-07,0.12775692163303615,0.0,1,25,0.2363636363636363
6523,4965,1.2122092038334053e-07,0.12775692163303615,0.0,1,25,0.2363636363636363
3668,877,1.2969974009424919e-05,0.18638597520721778,0.0,2,25,0.2363636363636363
3856,1067,0.003616144744408755,0.197349004582287,0.0,2,25,0.2363636363636363
3669,6978,0.00035598674878615155,0.21951851638541728,0.0,3,25,0.2363636363636363
6487,3017,8.883067780537646e-05,0.170182841068917,0.0,3,25,0.2363636363636363
4622,3070,4.679283043640982e-06,0.14646658724974063,0.0,4,25,0.2363636363636363
3124,7557,0.0005403448676306086,0.1872696899719943,0.0,5,25,0.2363636363636363
4137,4760,0.00018026266587256335,0.17157326130992573,0.0,5,25,0.2363636363636363
6488,7322,0.002708370592501388,0.2024378585086042,0.0,5,25,0.2363636363636363
3154,678,5.706206714712935e-06,0.17058652404502428,0.0,1,26,0.5
3474,7431,1.4792354998600342e-07,0.14573575238495803,0.0,1,26,0.5
3473,795,5.710038803669213e-06,0.17059415911379658,0.0,2,26,0.5
3155,7480,0.0002202668997987045,0.2056657223796034,0.0,4,26,0.5
5069,4067,6.89408744198226e-08,0.14078862314156432,0.0,1,27,0.4285714285714285
4920,1516,9.609216844235285e-05,0.17120718697361034,0.0,2,27,0.4285714285714285
5070,7094,7.334664886475416e-08,0.14079382376299798,0.0,2,27,0.4285714285714285
5071,4367,2.354164173885573e-07,0.15821917808219177,0.0,3,27,0.4285714285714285
5649,2879,1.7006854584132943e-07,0.1563660232610613,0.0,3,27,0.4285714285714285
3824,2019,6.25610098765891e-06,0.18533015656909463,0.0,5,27,0.4285714285714285
4921,1615,2.6612061982940656e-06,0.16385443759000926,0.0,5,27,0.4285714285714285
4517,6603,4.4866950467545775e-07,0.1375173633034474,0.0,1,28,0.3333333333333333
5876,3885,3.0151337328659583e-10,0.10786907979453508,0.0,1,28,0.3333333333333333
5874,2253,1.1638803035324802e-08,0.12090979745269402,0.0,2,28,0.3333333333333333
5875,6328,4.489712154172312e-07,0.1375322496256337,0.0,2,28,0.3333333333333333
4515,1267,1.7319218487856874e-05,0.15944029616615424,0.0,3,28,0.3333333333333333
4518,3933,1.7319226106569673e-05,0.1594469660524169,0.0,3,28,0.3333333333333333
4516,1857,0.0006507761572042869,0.18965045403657171,0.0,4,28,0.3333333333333333
