Unnamed: 0,node,eign,closeness,betwness,centrality,community,density
11,11,2.0405673475118063e-07,0.26110572259941806,0.0,1,0,0.0486976022080386
12,12,2.0405673475118063e-07,0.26110572259941806,0.0,1,0,0.0486976022080386
15,15,2.0405673475118063e-07,0.26110572259941806,0.0,1,0,0.0486976022080386
18,18,2.0405673475118063e-07,0.26110572259941806,0.0,1,0,0.0486976022080386
37,37,2.0405673475118063e-07,0.26110572259941806,0.0,1,0,0.0486976022080386
43,43,2.0405673475118063e-07,0.26110572259941806,0.0,1,0,0.0486976022080386
74,74,2.0405673475118063e-07,0.26110572259941806,0.0,1,0,0.0486976022080386
114,114,2.0405673475118063e-07,0.26110572259941806,0.0,1,0,0.0486976022080386
209,209,2.0405673475118063e-07,0.26110572259941806,0.0,1,0,0.0486976022080386
210,210,2.0405673475118063e-07,0.26110572259941806,0.0,1,0,0.0486976022080386
215,215,2.0405673475118063e-07,0.26110572259941806,0.0,1,0,0.0486976022080386
287,287,2.0405673475118063e-07,0.26110572259941806,0.0,1,0,0.0486976022080386
292,292,2.0405673475118063e-07,0.26110572259941806,0.0,1,0,0.0486976022080386
335,335,2.0405673475118063e-07,0.26110572259941806,0.0,1,0,0.0486976022080386
33,33,2.053212309380695e-07,0.26112260734609416,0.0,2,0,0.0486976022080386
35,35,2.0540384542089408e-07,0.26112260734609416,0.0,2,0,0.0486976022080386
42,42,2.0532123093797215e-07,0.26112260734609416,0.0,2,0,0.0486976022080386
47,47,2.0626964065266366e-07,0.26112260734609416,0.0,2,0,0.0486976022080386
52,52,2.0534568319795648e-07,0.26112260734609416,0.0,2,0,0.0486976022080386
70,70,2.0537906935067944e-07,0.26112260734609416,0.0,2,0,0.0486976022080386
90,90,2.053290190848917e-07,0.26112260734609416,0.0,2,0,0.0486976022080386
138,138,2.05438807867539e-07,0.26112260734609416,0.0,2,0,0.0486976022080386
145,145,2.053290190848917e-07,0.26112260734609416,0.0,2,0,0.0486976022080386
153,153,2.1427162700960318e-07,0.26112260734609416,0.0,2,0,0.0486976022080386
154,154,2.053533799566515e-07,0.26112260734609416,0.0,2,0,0.0486976022080386
160,160,2.0743247598233855e-07,0.26112260734609416,0.0,2,0,0.0486976022080386
183,183,2.081383350862193e-07,0.26112260734609416,0.0,2,0,0.0486976022080386
205,205,2.0534568319795648e-07,0.26112260734609416,0.0,2,0,0.0486976022080386
216,216,2.0537224838795146e-07,0.26112260734609416,0.0,2,0,0.0486976022080386
233,233,2.0532123093807396e-07,0.26112260734609416,0.0,2,0,0.0486976022080386
234,234,2.1682627140036565e-07,0.26112260734609416,0.0,2,0,0.0486976022080386
241,241,2.0533695783549973e-07,0.26112260734609416,0.0,2,0,0.0486976022080386
244,244,2.0532123093774126e-07,0.26112260734609416,0.0,2,0,0.0486976022080386
255,255,2.0533695783549973e-07,0.26112260734609416,0.0,2,0,0.0486976022080386
256,256,2.0532123093820234e-07,0.26112260734609416,0.0,2,0,0.0486976022080386
267,267,2.0544661122881888e-07,0.26112260734609416,0.0,2,0,0.0486976022080386
279,279,2.0542304584216746e-07,0.26112260734609416,0.0,2,0,0.0486976022080386
282,282,2.0532123093795527e-07,0.26112260734609416,0.0,2,0,0.0486976022080386
286,286,2.0546739583874184e-07,0.26112260734609416,0.0,2,0,0.0486976022080386
305,305,2.0552242278130385e-07,0.26112260734609416,0.0,2,0,0.0486976022080386
316,316,2.1129932337157027e-07,0.26112260734609416,0.0,2,0,0.0486976022080386
61,61,2.067354109805042e-07,0.2611394942766604,0.0,3,0,0.0486976022080386
71,71,2.067190998669162e-07,0.2611394942766604,0.0,3,0,0.0486976022080386
76,76,2.182972602779937e-07,0.2611394942766604,0.0,3,0,0.0486976022080386
81,81,2.2905460209483158e-07,0.2611394942766604,0.0,3,0,0.0486976022080386
97,97,2.0665145400084809e-07,0.2611394942766604,0.0,3,0,0.0486976022080386
112,112,2.0671970936344743e-07,0.2611394942766604,0.0,3,0,0.0486976022080386
155,155,2.0671942946166706e-07,0.2611394942766604,0.0,3,0,0.0486976022080386
157,157,2.0667251432962213e-07,0.2611394942766604,0.0,3,0,0.0486976022080386
164,164,3.697545441216048e-07,0.2611394942766604,0.0,3,0,0.0486976022080386
179,179,2.0658582305308127e-07,0.2611394942766604,0.0,3,0,0.0486976022080386
182,182,2.0660211181150787e-07,0.2611394942766604,0.0,3,0,0.0486976022080386
191,191,2.134467642508946e-07,0.2611394942766604,0.0,3,0,0.0486976022080386
207,207,5.318790178059381e-07,0.2611394942766604,0.0,3,0,0.0486976022080386
228,228,2.0951264682368156e-07,0.2611394942766604,0.0,3,0,0.0486976022080386
240,240,2.0809257521588173e-07,0.2611394942766604,0.0,3,0,0.0486976022080386
247,247,3.548799318847497e-07,0.2611394942766604,0.0,3,0,0.0486976022080386
253,253,2.0665145400084809e-07,0.2611394942766604,0.0,3,0,0.0486976022080386
293,293,2.0671970936344743e-07,0.2611394942766604,0.0,3,0,0.0486976022080386
294,294,2.2310535438201898e-07,0.2611394942766604,0.0,3,0,0.0486976022080386
301,301,3.5931825527458123e-07,0.2611394942766604,0.0,3,0,0.0486976022080386
321,321,2.0689179126556336e-07,0.2611394942766604,0.0,3,0,0.0486976022080386
336,336,2.216189400839889e-07,0.2611394942766604,0.0,3,0,0.0486976022080386
49,49,2.0787486928382158e-07,0.26115638339154057,0.0,4,0,0.0486976022080386
120,120,2.4204070036274845e-05,0.27446982055464925,0.0,4,0,0.0486976022080386
124,124,2.1801501302188405e-07,0.26115638339154057,0.0,4,0,0.0486976022080386
125,125,2.4355397528464638e-05,0.27446982055464925,0.0,4,0,0.0486976022080386
166,166,2.1046481841080436e-07,0.2677186236159915,0.0,4,0,0.0486976022080386
174,174,2.0798502564601197e-07,0.26115638339154057,0.0,4,0,0.0486976022080386
190,190,2.0942917857520697e-07,0.26115638339154057,0.0,4,0,0.0486976022080386
201,201,2.0799429095912362e-07,0.26115638339154057,0.0,4,0,0.0486976022080386
202,202,2.1454045148672706e-07,0.26757670134517264,0.0,4,0,0.0486976022080386
206,206,2.1563067903177827e-07,0.26115638339154057,0.0,4,0,0.0486976022080386
220,220,2.082302237304151e-07,0.26115638339154057,0.0,4,0,0.0486976022080386
262,262,2.0823022373049907e-07,0.26115638339154057,0.0,4,0,0.0486976022080386
270,270,2.3178372812263674e-07,0.26115638339154057,0.0,4,0,0.0486976022080386
288,288,3.9101023693662305e-07,0.26115638339154057,0.0,4,0,0.0486976022080386
289,289,2.0821371761226333e-07,0.26115638339154057,0.0,4,0,0.0486976022080386
307,307,2.175860377908263e-07,0.26115638339154057,0.0,4,0,0.0486976022080386
327,327,2.07979761692169e-07,0.26115638339154057,0.0,4,0,0.0486976022080386
27,27,3.7837353939128337e-07,0.2611732746911584,0.0,5,0,0.0486976022080386
46,46,2.09562729103948e-07,0.2611732746911584,0.0,5,0,0.0486976022080386
110,110,2.0928318734457057e-07,0.2611732746911584,0.0,5,0,0.0486976022080386
152,152,3.6462694965273884e-07,0.2611732746911584,0.0,5,0,0.0486976022080386
192,192,2.092916407643926e-07,0.2611732746911584,0.0,5,0,0.0486976022080386
193,193,2.0926749654858898e-07,0.2611732746911584,0.0,5,0,0.0486976022080386
235,235,6.841300977520497e-07,0.2611732746911584,0.0,5,0,0.0486976022080386
245,245,2.0938416743707664e-07,0.2611732746911584,0.0,5,0,0.0486976022080386
250,250,3.999517213604368e-07,0.2611732746911584,0.0,5,0,0.0486976022080386
264,264,2.0928318734417225e-07,0.2611732746911584,0.0,5,0,0.0486976022080386
283,283,2.2991362451953162e-07,0.2611732746911584,0.0,5,0,0.0486976022080386
6,6,2.1057324828280142e-07,0.26119016817593793,0.0,6,0,0.0486976022080386
32,32,2.1073954755511987e-07,0.26119016817593793,0.0,6,0,0.0486976022080386
44,44,2.1111533520860634e-07,0.26119016817593793,0.0,6,0,0.0486976022080386
63,63,4.0564739572517096e-07,0.26119016817593793,0.0,6,0,0.0486976022080386
77,77,2.3573563790042725e-07,0.26119016817593793,0.0,6,0,0.0486976022080386
86,86,2.1091977307353883e-07,0.26119016817593793,0.0,6,0,0.0486976022080386
95,95,2.105575687189466e-07,0.26119016817593793,0.0,6,0,0.0486976022080386
102,102,2.108870907118624e-07,0.26119016817593793,0.0,6,0,0.0486976022080386
117,117,3.8613135005082325e-07,0.26119016817593793,0.0,6,0,0.0486976022080386
147,147,2.1057324828324802e-07,0.26119016817593793,0.0,6,0,0.0486976022080386
163,163,2.2847039560011118e-07,0.2676121678043608,0.0,6,0,0.0486976022080386
219,219,2.1054139382241928e-07,0.26119016817593793,0.0,6,0,0.0486976022080386
229,229,2.430662083388553e-07,0.26119016817593793,0.0,6,0,0.0486976022080386
269,269,3.853534874735723e-06,0.2917840884456969,0.0,6,0,0.0486976022080386
340,340,9.91739904988301e-07,0.26119016817593793,0.0,6,0,0.0486976022080386
51,51,2.3271447992425879e-07,0.2612070638463031,0.0,7,0,0.0486976022080386
64,64,2.5797615972444523e-07,0.2790408403012922,0.0,7,0,0.0486976022080386
83,83,2.3271447992394935e-07,0.2612070638463031,0.0,7,0,0.0486976022080386
126,126,3.8584984176523623e-07,0.2612070638463031,0.0,7,0,0.0486976022080386
129,129,5.461125395970759e-07,0.2612070638463031,0.0,7,0,0.0486976022080386
131,131,2.1213506230674136e-07,0.2612070638463031,0.0,7,0,0.0486976022080386
151,151,2.1244080467174643e-07,0.2612070638463031,0.0,7,0,0.0486976022080386
167,167,2.1204700902906096e-07,0.2612070638463031,0.0,7,0,0.0486976022080386
189,189,2.579761597245855e-07,0.2790408403012922,0.0,7,0,0.0486976022080386
208,208,4.2907608506179684e-07,0.2612070638463031,0.0,7,0,0.0486976022080386
237,237,2.3271447992386372e-07,0.2612070638463031,0.0,7,0,0.0486976022080386
263,263,2.1220251064670363e-07,0.2612070638463031,0.0,7,0,0.0486976022080386
296,296,2.1220251064684458e-07,0.2612070638463031,0.0,7,0,0.0486976022080386
300,300,2.187866273495459e-07,0.2612070638463031,0.0,7,0,0.0486976022080386
311,311,2.4787587589572955e-07,0.2612070638463031,0.0,7,0,0.0486976022080386
317,317,3.8440633057142003e-07,0.2612070638463031,0.0,7,0,0.0486976022080386
338,338,4.1470832191714603e-07,0.2612070638463031,0.0,7,0,0.0486976022080386
347,347,6.951793083565947e-07,0.2612070638463031,0.0,7,0,0.0486976022080386
8,8,2.1311884158626866e-07,0.2612239617026782,0.0,8,0,0.0486976022080386
54,54,2.47031396022494e-07,0.2612239617026782,0.0,8,0,0.0486976022080386
60,60,7.320134521349455e-07,0.2612239617026782,0.0,8,0,0.0486976022080386
89,89,2.1321989080127244e-07,0.2612239617026782,0.0,8,0,0.0486976022080386
91,91,2.1311884158660745e-07,0.2612239617026782,0.0,8,0,0.0486976022080386
93,93,2.1353881369679892e-07,0.2612239617026782,0.0,8,0,0.0486976022080386
106,106,3.964418413918321e-07,0.2612239617026782,0.0,8,0,0.0486976022080386
162,162,2.1378421585845983e-07,0.2612239617026782,0.0,8,0,0.0486976022080386
217,217,4.110247743459575e-07,0.27906012439530065,0.0,8,0,0.0486976022080386
221,221,7.296104790970775e-07,0.2612239617026782,0.0,8,0,0.0486976022080386
243,243,2.1360513546046262e-07,0.2612239617026782,0.0,8,0,0.0486976022080386
259,259,2.1311884158599044e-07,0.2612239617026782,0.0,8,0,0.0486976022080386
260,260,5.481324120191493e-07,0.2612239617026782,0.0,8,0,0.0486976022080386
319,319,2.1321989080098919e-07,0.2612239617026782,0.0,8,0,0.0486976022080386
333,333,2.1361099969756214e-07,0.2612239617026782,0.0,8,0,0.0486976022080386
16,16,2.5483769367815334e-07,0.2612408617454875,0.0,9,0,0.0486976022080386
38,38,7.149747036602632e-07,0.2612408617454875,0.0,9,0,0.0486976022080386
68,68,2.1490534061787956e-07,0.2612408617454875,0.0,9,0,0.0486976022080386
78,78,2.1467477959838595e-07,0.2612408617454875,0.0,9,0,0.0486976022080386
96,96,4.035989523117556e-07,0.2612408617454875,0.0,9,0,0.0486976022080386
100,100,2.619428563492211e-07,0.2612408617454875,0.0,9,0,0.0486976022080386
139,139,2.2615852136458552e-07,0.2612408617454875,0.0,9,0,0.0486976022080386
195,195,2.146747795986119e-07,0.2612408617454875,0.0,9,0,0.0486976022080386
218,218,2.1467477959853744e-07,0.2612408617454875,0.0,9,0,0.0486976022080386
230,230,2.1471268200904645e-07,0.2612408617454875,0.0,9,0,0.0486976022080386
273,273,2.1467477959858077e-07,0.2612408617454875,0.0,9,0,0.0486976022080386
306,306,2.1467477959844627e-07,0.2612408617454875,0.0,9,0,0.0486976022080386
328,328,2.1467477959876534e-07,0.2612408617454875,0.0,9,0,0.0486976022080386
337,337,2.148462751707627e-07,0.2612408617454875,0.0,9,0,0.0486976022080386
344,344,5.740700204500713e-07,0.2612408617454875,0.0,9,0,0.0486976022080386
2,2,2.1657746985776097e-07,0.26125776397515527,0.0,10,0,0.0486976022080386
4,4,2.1690663459588352e-07,0.26125776397515527,0.0,10,0,0.0486976022080386
10,10,7.637201488983529e-07,0.26125776397515527,0.0,10,0,0.0486976022080386
69,69,5.930609988822535e-07,0.26125776397515527,0.0,10,0,0.0486976022080386
73,73,2.458078374245486e-07,0.26125776397515527,0.0,10,0,0.0486976022080386
135,135,2.263266374183146e-07,0.26125776397515527,0.0,10,0,0.0486976022080386
146,146,2.4538773187552264e-05,0.27458180334557325,0.0,10,0,0.0486976022080386
181,181,2.1690663459578425e-07,0.26125776397515527,0.0,10,0,0.0486976022080386
225,225,2.1622034504467704e-07,0.26125776397515527,0.0,10,0,0.0486976022080386
275,275,2.1690663459575278e-07,0.26125776397515527,0.0,10,0,0.0486976022080386
278,278,2.1618764330863004e-07,0.26125776397515527,0.0,10,0,0.0486976022080386
295,295,4.3124317157376477e-07,0.26125776397515527,0.0,10,0,0.0486976022080386
309,309,2.2632663741836725e-07,0.26125776397515527,0.0,10,0,0.0486976022080386
22,22,1.0294025498923963e-06,0.2612746683921061,0.0,11,0,0.0486976022080386
36,36,2.2877963959315558e-07,0.2612746683921061,0.0,11,0,0.0486976022080386
50,50,4.3919865516011597e-07,0.2612746683921061,0.0,11,0,0.0486976022080386
140,140,2.1807100029059863e-07,0.2612746683921061,0.0,11,0,0.0486976022080386
150,150,4.2796195636238915e-07,0.2791179926729799,0.0,11,0,0.0486976022080386
165,165,5.865236155082343e-07,0.2612746683921061,0.0,11,0,0.0486976022080386
168,168,7.382756513721421e-07,0.2612746683921061,0.0,11,0,0.0486976022080386
177,177,2.1750306324366954e-07,0.2612746683921061,0.0,11,0,0.0486976022080386
222,222,4.2963560386760734e-07,0.2612746683921061,0.0,11,0,0.0486976022080386
268,268,2.886755904348763e-07,0.2612746683921061,0.0,11,0,0.0486976022080386
298,298,4.44346100861817e-07,0.2612746683921061,0.0,11,0,0.0486976022080386
318,318,4.418807119160395e-07,0.2612746683921061,0.0,11,0,0.0486976022080386
45,45,7.656505465055851e-07,0.2612915749967646,0.0,12,0,0.0486976022080386
65,65,5.980274775816734e-07,0.2612915749967646,0.0,12,0,0.0486976022080386
79,79,4.968833496773484e-07,0.2612915749967646,0.0,12,0,0.0486976022080386
121,121,7.341828364125356e-07,0.2612915749967646,0.0,12,0,0.0486976022080386
143,143,2.1873567023567678e-07,0.2612915749967646,0.0,12,0,0.0486976022080386
156,156,2.456762810066427e-05,0.27461915125136016,0.0,12,0,0.0486976022080386
341,341,7.770845462611646e-07,0.2612915749967646,0.0,12,0,0.0486976022080386
5,5,1.1760076670222871e-06,0.2613084837895554,0.0,13,0,0.0486976022080386
17,17,2.207996296527187e-07,0.2613084837895554,0.0,13,0,0.0486976022080386
28,28,2.2069607147286882e-07,0.2613084837895554,0.0,13,0,0.0486976022080386
29,29,2.856870779974405e-07,0.2613084837895554,0.0,13,0,0.0486976022080386
84,84,4.3681218987114756e-07,0.2613084837895554,0.0,13,0,0.0486976022080386
87,87,2.5341383248545363e-05,0.27463782901448686,0.0,13,0,0.0486976022080386
99,99,2.2019926636255851e-07,0.2613084837895554,0.0,13,0,0.0486976022080386
108,108,4.0075663587792495e-07,0.2613084837895554,0.0,13,0,0.0486976022080386
178,178,5.969917128118615e-07,0.2613084837895554,0.0,13,0,0.0486976022080386
196,196,5.53030807493966e-07,0.2613084837895554,0.0,13,0,0.0486976022080386
310,310,2.202170287195551e-07,0.2613084837895554,0.0,13,0,0.0486976022080386
314,314,3.0135050630197933e-07,0.2613084837895554,0.0,13,0,0.0486976022080386
75,75,9.412489724399234e-07,0.26132539477090344,0.0,14,0,0.0486976022080386
85,85,6.145428187873742e-07,0.26132539477090344,0.0,14,0,0.0486976022080386
105,105,6.334297347783941e-07,0.26132539477090344,0.0,14,0,0.0486976022080386
111,111,2.2185331828834763e-07,0.26132539477090344,0.0,14,0,0.0486976022080386
149,149,2.2197281191683124e-07,0.26132539477090344,0.0,14,0,0.0486976022080386
159,159,4.278086106026294e-07,0.26132539477090344,0.0,14,0,0.0486976022080386
176,176,4.919908368244666e-07,0.26132539477090344,0.0,14,0,0.0486976022080386
226,226,2.2210557244596803e-07,0.26132539477090344,0.0,14,0,0.0486976022080386
246,246,2.565381755573218e-05,0.2746565093184601,0.0,14,0,0.0486976022080386
251,251,5.49723889115886e-07,0.26132539477090344,0.0,14,0,0.0486976022080386
274,274,6.147701117493308e-07,0.26132539477090344,0.0,14,0,0.0486976022080386
290,290,8.072988680724999e-07,0.26132539477090344,0.0,14,0,0.0486976022080386
14,14,2.2350467478296147e-07,0.2613423079412336,0.0,15,0,0.0486976022080386
20,20,2.2334505867978745e-07,0.2613423079412336,0.0,15,0,0.0486976022080386
39,39,4.795423795465469e-07,0.2613423079412336,0.0,15,0,0.0486976022080386
57,57,4.1395270887311606e-07,0.2613423079412336,0.0,15,0,0.0486976022080386
66,66,1.2654616957428081e-06,0.2613423079412336,0.0,15,0,0.0486976022080386
144,144,2.2347334031791991e-07,0.2613423079412336,0.0,15,0,0.0486976022080386
227,227,2.228639044766691e-07,0.2613423079412336,0.0,15,0,0.0486976022080386
258,258,4.7245051926243193e-07,0.2613423079412336,0.0,15,0,0.0486976022080386
19,19,2.24412660520488e-07,0.2613592233009709,0.0,16,0,0.0486976022080386
24,24,2.415974422959063e-07,0.2613592233009709,0.0,16,0,0.0486976022080386
103,103,2.508320068588345e-05,0.2746938775510204,0.0,16,0,0.0486976022080386
127,127,4.0407161649292e-07,0.2613592233009709,0.0,16,0,0.0486976022080386
130,130,6.014491928320137e-07,0.2613592233009709,0.0,16,0,0.0486976022080386
132,132,6.297684569259634e-07,0.2613592233009709,0.0,16,0,0.0486976022080386
137,137,2.244655342848122e-07,0.2613592233009709,0.0,16,0,0.0486976022080386
187,187,2.4209901192865764e-07,0.2613592233009709,0.0,16,0,0.0486976022080386
197,197,4.0852339393426546e-07,0.2613592233009709,0.0,16,0,0.0486976022080386
281,281,5.63104354011716e-07,0.2613592233009709,0.0,16,0,0.0486976022080386
284,284,5.584880493345973e-07,0.2613592233009709,0.0,16,0,0.0486976022080386
330,330,2.449796938156805e-07,0.2613592233009709,0.0,16,0,0.0486976022080386
345,345,1.407336664110563e-06,0.2613592233009709,0.0,16,0,0.0486976022080386
1,1,5.970600698128602e-07,0.2613761408505405,0.0,17,0,0.0486976022080386
3,3,6.559843277246928e-07,0.2613761408505405,0.0,17,0,0.0486976022080386
23,23,2.256797230621886e-07,0.2613761408505405,0.0,17,0,0.0486976022080386
30,30,9.552541190466411e-07,0.2613761408505405,0.0,17,0,0.0486976022080386
55,55,9.904506777442906e-07,0.2613761408505405,0.0,17,0,0.0486976022080386
116,116,2.2619120569574788e-07,0.2613761408505405,0.0,17,0,0.0486976022080386
175,175,2.4160363274629663e-07,0.2613761408505405,0.0,17,0,0.0486976022080386
214,214,2.2610750058671843e-07,0.2613761408505405,0.0,17,0,0.0486976022080386
254,254,2.431353657985038e-07,0.2613761408505405,0.0,17,0,0.0486976022080386
123,123,8.273741188036255e-07,0.2613930605903677,0.0,18,0,0.0486976022080386
133,133,6.627455374282484e-07,0.2613930605903677,0.0,18,0,0.0486976022080386
184,184,4.127509657469371e-07,0.2613930605903677,0.0,18,0,0.0486976022080386
212,212,9.664497269176333e-07,0.2613930605903677,0.0,18,0,0.0486976022080386
257,257,9.509848410741558e-07,0.2613930605903677,0.0,18,0,0.0486976022080386
266,266,2.466042497570826e-07,0.2613930605903677,0.0,18,0,0.0486976022080386
276,276,8.324904231836157e-07,0.2613930605903677,0.0,18,0,0.0486976022080386
343,343,2.2747103615728402e-07,0.2613930605903677,0.0,18,0,0.0486976022080386
59,59,5.10824776478041e-07,0.2614099825208778,0.0,19,0,0.0486976022080386
101,101,2.471020370074503e-07,0.2614099825208778,0.0,19,0,0.0486976022080386
134,134,9.9733468188432e-07,0.2614099825208778,0.0,19,0,0.0486976022080386
194,194,2.5028923348228264e-07,0.2614099825208778,0.0,19,0,0.0486976022080386
326,326,2.2890880056997505e-07,0.2614099825208778,0.0,19,0,0.0486976022080386
7,7,2.5672049814402516e-05,0.2747686445291236,0.0,20,0,0.0486976022080386
88,88,7.711379733895336e-07,0.26142690664249646,0.0,20,0,0.0486976022080386
148,148,6.569049709723584e-07,0.26142690664249646,0.0,20,0,0.0486976022080386
180,180,2.5674262404507946e-07,0.26142690664249646,0.0,20,0,0.0486976022080386
299,299,2.499499425578626e-07,0.26142690664249646,0.0,20,0,0.0486976022080386
302,302,4.1050013218758225e-07,0.26142690664249646,0.0,20,0,0.0486976022080386
331,331,6.627151955298156e-07,0.26142690664249646,0.0,20,0,0.0486976022080386
92,92,2.543225107188098e-07,0.2614438329556491,0.0,21,0,0.0486976022080386
115,115,2.3144609145417256e-07,0.2614438329556491,0.0,21,0,0.0486976022080386
231,231,8.209618469087819e-07,0.2614438329556491,0.0,21,0,0.0486976022080386
248,248,1.0043349116023842e-06,0.2614438329556491,0.0,21,0,0.0486976022080386
303,303,1.4471493759698433e-06,0.2614438329556491,0.0,21,0,0.0486976022080386
320,320,2.642833458834622e-07,0.2614438329556491,0.0,21,0,0.0486976022080386
48,48,4.7536826047394277e-07,0.26146076146076147,0.0,22,0,0.0486976022080386
94,94,4.242681374300674e-07,0.26146076146076147,0.0,22,0,0.0486976022080386
204,204,4.407386577643448e-07,0.26146076146076147,0.0,22,0,0.0486976022080386
31,31,1.4448436468108069e-06,0.2614776921582594,0.0,23,0,0.0486976022080386
80,80,5.750777480595576e-07,0.2679140127388535,0.0,23,0,0.0486976022080386
238,238,6.837669692270684e-07,0.2614776921582594,0.0,23,0,0.0486976022080386
41,41,2.3547382692839264e-07,0.26149462504856885,0.0,24,0,0.0486976022080386
72,72,7.240412334970045e-07,0.26149462504856885,0.0,24,0,0.0486976022080386
242,242,5.876013758997162e-07,0.26149462504856885,0.0,24,0,0.0486976022080386
249,249,7.37153689962745e-07,0.26149462504856885,0.0,24,0,0.0486976022080386
308,308,2.561466938793837e-05,0.2748434522188946,0.0,24,0,0.0486976022080386
158,158,1.1698097851686902e-06,0.2615115601321158,0.0,25,0,0.0486976022080386
161,161,1.9520147681160654e-06,0.2615115601321158,0.0,25,0,0.0486976022080386
232,232,1.1858881937915576e-06,0.2615115601321158,0.0,25,0,0.0486976022080386
297,297,1.3808220372887071e-06,0.2615115601321158,0.0,25,0,0.0486976022080386
62,62,1.0396859016716488e-06,0.26152849740932643,0.0,26,0,0.0486976022080386
185,185,1.5001683200511886e-06,0.26152849740932643,0.0,26,0,0.0486976022080386
312,312,2.3798954371066328e-07,0.26152849740932643,0.0,26,0,0.0486976022080386
324,324,2.5004155539789507e-05,0.2748808713410483,0.0,26,0,0.0486976022080386
223,223,1.2258676725364622e-06,0.261545436880627,0.0,27,0,0.0486976022080386
265,265,7.332562399786249e-07,0.261545436880627,0.0,27,0,0.0486976022080386
339,339,2.5421698911531567e-05,0.2748995847232623,0.0,27,0,0.0486976022080386
346,346,2.767223646111915e-07,0.261545436880627,0.0,27,0,0.0486976022080386
128,128,1.5345970068790222e-06,0.2615623785464438,0.0,28,0,0.0486976022080386
141,141,1.0593458470789824e-06,0.2615623785464438,0.0,28,0,0.0486976022080386
224,224,1.5120150540440595e-06,0.2615623785464438,0.0,28,0,0.0486976022080386
334,334,1.511908748184055e-06,0.2615623785464438,0.0,28,0,0.0486976022080386
211,211,1.1913740552525176e-06,0.26159626846333245,0.0,30,0,0.0486976022080386
329,329,1.0040267956053668e-06,0.26159626846333245,0.0,30,0,0.0486976022080386
13,13,1.09493122682332e-06,0.26161321671525756,0.0,31,0,0.0486976022080386
53,53,9.232469156887954e-07,0.26161321671525756,0.0,31,0,0.0486976022080386
104,104,1.426577402313378e-06,0.2616301671634055,0.0,32,0,0.0486976022080386
82,82,8.86607324772517e-07,0.26166407465007774,0.0,34,0,0.0486976022080386
342,342,1.4101489127508249e-06,0.26166407465007774,0.0,34,0,0.0486976022080386
118,118,1.2524816110867336e-06,0.26169799092676604,0.0,36,0,0.0486976022080386
291,291,1.5689021991562398e-06,0.26169799092676604,0.0,36,0,0.0486976022080386
109,109,1.9065860637273487e-06,0.26171495236243436,0.0,37,0,0.0486976022080386
236,236,1.716992660414828e-06,0.26171495236243436,0.0,37,0,0.0486976022080386
313,313,1.5505965368023176e-06,0.26171495236243436,0.0,37,0,0.0486976022080386
169,169,2.573449219671672e-05,0.27510560021801334,0.0,38,0,0.0486976022080386
261,261,1.0944461562762657e-06,0.2617319159968888,0.0,38,0,0.0486976022080386
213,213,2.6147499841447894e-05,0.2751243442120324,0.0,39,0,0.0486976022080386
323,323,1.912960396446384e-06,0.26174888183055683,0.0,39,0,0.0486976022080386
325,325,1.3163932408271434e-06,0.26174888183055683,0.0,39,0,0.0486976022080386
113,113,1.4927876519497108e-06,0.2617658498638662,0.0,40,0,0.0486976022080386
172,172,1.1212849833082571e-06,0.26178282009724474,0.0,41,0,0.0486976022080386
142,142,1.9959061716404106e-06,0.261816767165921,0.0,43,0,0.0486976022080386
280,280,1.6586323265717462e-06,0.261816767165921,0.0,43,0,0.0486976022080386
332,332,1.9382553521426784e-06,0.261816767165921,0.0,43,0,0.0486976022080386
40,40,1.7753744897208215e-06,0.26183374400207493,0.0,44,0,0.0486976022080386
186,186,1.6792618581546831e-06,0.26183374400207493,0.0,44,0,0.0486976022080386
272,272,1.7582106897964101e-06,0.2618507230400104,0.0,45,0,0.0486976022080386
170,170,1.834108433647855e-06,0.26186770428015566,0.0,46,0,0.0486976022080386
199,199,1.51071655182894e-06,0.2618846877229392,0.0,47,0,0.0486976022080386
285,285,2.6133868570449005e-05,0.27527438816551913,0.0,47,0,0.0486976022080386
188,188,1.9896960088804964e-06,0.2619016733687897,0.0,48,0,0.0486976022080386
98,98,1.8548053582004452e-06,0.26191866121813584,0.0,49,0,0.0486976022080386
304,304,2.6337968979628173e-05,0.2754245958665848,0.0,55,0,0.0486976022080386
315,315,2.67651540888878e-05,0.27544338335607094,0.0,56,0,0.0486976022080386
9,9,2.2031992276259215e-06,0.2620546433902265,0.0,57,0,0.0486976022080386
200,200,2.0766141337820813e-06,0.2620546433902265,0.0,57,0,0.0486976022080386
203,203,2.2033374199813085e-06,0.2620546433902265,0.0,57,0,0.0486976022080386
239,239,2.0734400075531653e-06,0.26208866099824757,0.0,59,0,0.0486976022080386
119,119,2.049293053428879e-06,0.2801054384017758,0.0,62,0,0.0486976022080386
122,122,2.6258527653515097e-05,0.27557496758343003,0.0,63,0,0.0486976022080386
21,21,2.594924113956685e-05,0.2756125861715924,0.0,65,0,0.0486976022080386
252,252,2.5823511272723405e-06,0.2621907668333225,0.0,65,0,0.0486976022080386
277,277,2.8572638276072755e-06,0.2621907668333225,0.0,65,0,0.0486976022080386
26,26,2.321841503088427e-06,0.26224184959085595,0.0,68,0,0.0486976022080386
25,25,2.0805065426005286e-06,0.26225888160031174,0.0,69,0,0.0486976022080386
322,322,2.6880956922188055e-05,0.27574433214968586,0.0,72,0,0.0486976022080386
271,271,2.3290391916725247e-06,0.2623270317676866,0.0,73,0,0.0486976022080386
67,67,2.665649208817351e-05,0.27581967213114755,0.0,76,0,0.0486976022080386
56,56,2.6348839562911413e-05,0.27585735756250856,0.0,78,0,0.0486976022080386
0,0,3.3133496481686014e-05,0.35334266713335666,0.0,347,0,0.0486976022080386
1526,358,8.201930938310114e-08,0.2700461445863706,0.0,1,1,0.0735884938476845
1603,447,8.201930938310114e-08,0.2700461445863706,0.0,1,1,0.0735884938476845
1696,550,8.201930938310114e-08,0.2700461445863706,0.0,1,1,0.0735884938476845
1750,585,6.802430427534424e-08,0.2698476343223737,0.0,1,1,0.0735884938476845
1760,602,6.802430427534424e-08,0.2698476343223737,0.0,1,1,0.0735884938476845
1763,607,6.802430427534424e-08,0.2698476343223737,0.0,1,1,0.0735884938476845
1764,608,6.802430427534424e-08,0.2698476343223737,0.0,1,1,0.0735884938476845
1767,613,6.802430427534424e-08,0.2698476343223737,0.0,1,1,0.0735884938476845
1776,624,6.802430427534424e-08,0.2698476343223737,0.0,1,1,0.0735884938476845
1786,638,6.802430427534424e-08,0.2698476343223737,0.0,1,1,0.0735884938476845
1808,668,6.802430427534424e-08,0.2698476343223737,0.0,1,1,0.0735884938476845
1812,674,6.802430427534424e-08,0.2698476343223737,0.0,1,1,0.0735884938476845
916,1430,1.039892628837215e-06,0.3149765990639626,0.0,2,1,0.0735884938476845
1541,377,8.272994979701143e-08,0.2700642054574639,0.0,2,1,0.0735884938476845
1543,379,8.257400724423259e-08,0.2700642054574639,0.0,2,1,0.0735884938476845
1562,401,8.25309819049748e-08,0.2700642054574639,0.0,2,1,0.0735884938476845
1599,443,8.254095990839423e-08,0.2700642054574639,0.0,2,1,0.0735884938476845
1623,468,8.254095990839423e-08,0.2700642054574639,0.0,2,1,0.0735884938476845
1746,581,6.844583642140235e-08,0.26986566864933503,0.0,2,1,0.0735884938476845
1789,642,6.844583642163896e-08,0.26986566864933503,0.0,2,1,0.0735884938476845
1793,648,6.876042487665706e-08,0.26986566864933503,0.0,2,1,0.0735884938476845
1820,1967,0.0005912636338037328,0.29895609683867624,0.0,2,1,0.0735884938476845
1524,356,8.379832402565332e-08,0.2700822687445656,0.0,3,1,0.0735884938476845
1547,383,1.1538948560338984e-07,0.2700822687445656,0.0,3,1,0.0735884938476845
1550,386,8.308228450069314e-08,0.2700822687445656,0.0,3,1,0.0735884938476845
1572,411,8.346649517782202e-08,0.2700822687445656,0.0,3,1,0.0735884938476845
1604,448,1.4660226134101668e-07,0.2700822687445656,0.0,3,1,0.0735884938476845
1610,454,8.308799149778103e-08,0.2700822687445656,0.0,3,1,0.0735884938476845
1650,499,8.330936934155476e-08,0.2700822687445656,0.0,3,1,0.0735884938476845
1714,571,1.7030787521538183e-07,0.2700822687445656,0.0,3,1,0.0735884938476845
1717,656,1.1625264634160045e-07,0.2714074472375319,0.0,3,1,0.0735884938476845
1801,660,6.933276435369237e-08,0.26988370538698037,0.0,3,1,0.0735884938476845
1807,667,3.7938570933335543e-06,0.2866065725033714,0.0,3,1,0.0735884938476845
1247,1762,1.0873766189955242e-06,0.31502574504602904,0.0,4,1,0.0735884938476845
1548,384,1.098185860776313e-07,0.27010033444816056,0.0,4,1,0.0735884938476845
1567,406,1.1617004293723588e-07,0.27010033444816056,0.0,4,1,0.0735884938476845
1622,467,8.38256197852901e-08,0.27010033444816056,0.0,4,1,0.0735884938476845
1678,530,9.058473659089496e-08,0.27010033444816056,0.0,4,1,0.0735884938476845
1698,552,1.0981858607766229e-07,0.27010033444816056,0.0,4,1,0.0735884938476845
1715,572,8.382561978516392e-08,0.27010033444816056,0.0,4,1,0.0735884938476845
1731,652,2.3955820400592797e-07,0.2714986888993478,0.0,4,1,0.0735884938476845
1732,673,2.3955820400592797e-07,0.2714986888993478,0.0,4,1,0.0735884938476845
34,34,4.0369495355049545e-06,0.3033125516412529,0.0,5,1,0.0735884938476845
380,649,1.119986731328374e-06,0.32032365540218943,0.0,5,1,0.0735884938476845
941,1455,1.1505552280025126e-06,0.31675556950109823,0.0,5,1,0.0735884938476845
1262,1777,8.768771518666353e-06,0.33554927704836296,0.0,5,1,0.0735884938476845
1509,464,1.33405689599009e-07,0.2764617280569629,0.0,5,1,0.0735884938476845
1511,351,8.569565592965808e-08,0.2763860369609856,0.0,5,1,0.0735884938476845
1519,349,2.1101744877841256e-07,0.2701726214371738,0.0,5,1,0.0735884938476845
1536,371,1.891973120054497e-07,0.27019069923051187,0.0,5,1,0.0735884938476845
1609,453,8.470245234949429e-08,0.2701184025687337,0.0,5,1,0.0735884938476845
1627,472,2.0539912575275355e-07,0.28466690165667957,0.0,5,1,0.0735884938476845
1636,485,3.859493256415079e-06,0.2858761061946903,0.0,5,1,0.0735884938476845
1708,562,1.1892645496977012e-07,0.2701184025687337,0.0,5,1,0.0735884938476845
1730,610,3.3657227979999637e-07,0.2860989088847952,0.0,5,1,0.0735884938476845
1738,593,1.9469817114444453e-07,0.271589991928975,0.0,5,1,0.0735884938476845
1810,671,2.4829488223112965e-07,0.27326250253772755,0.0,5,1,0.0735884938476845
1516,476,8.625644494894161e-08,0.2764049558491341,0.0,6,1,0.0735884938476845
1531,365,3.089257255801782e-07,0.2704621567314133,0.0,6,1,0.0735884938476845
1553,390,3.078908684912852e-07,0.27107948442534907,0.0,6,1,0.0735884938476845
1649,498,1.5118693876182625e-07,0.2704078216031608,0.0,6,1,0.0735884938476845
1681,533,2.0369136471472255e-07,0.27031731155442495,0.0,6,1,0.0735884938476845
1797,655,9.011480954833132e-08,0.2708612825328683,0.0,6,1,0.0735884938476845
1140,1654,1.1696968967979387e-06,0.31680527224227206,0.0,7,1,0.0735884938476845
1510,549,7.552569582108492e-06,0.2938009313154831,0.0,7,1,0.0735884938476845
1513,393,8.679735977119589e-08,0.2764238773274918,0.0,7,1,0.0735884938476845
1633,480,3.899501221553151e-06,0.28814043099757386,0.0,7,1,0.0735884938476845
1729,586,2.4535607698887515e-07,0.2714621848739496,0.0,7,1,0.0735884938476845
1773,621,7.198203789307152e-08,0.2699558764540714,0.0,7,1,0.0735884938476845
1798,657,7.998897130651763e-08,0.2704078216031608,0.0,7,1,0.0735884938476845
1815,679,9.704668808903737e-08,0.2714439365420812,0.0,7,1,0.0735884938476845
992,1506,1.2075030969909482e-06,0.31690472453304036,0.0,8,1,0.0735884938476845
1514,399,8.732532918733572e-08,0.27644280139659066,0.0,8,1,0.0735884938476845
1515,441,8.7325329187429e-08,0.27644280139659066,0.0,8,1,0.0735884938476845
1517,501,8.732532918736432e-08,0.27644280139659066,0.0,8,1,0.0735884938476845
1549,385,4.0624647180150454e-07,0.2733179910653851,0.0,8,1,0.0735884938476845
1631,478,3.2829034219137434e-07,0.2704259308866863,0.0,8,1,0.0735884938476845
1682,534,3.9896904612810406e-06,0.28597733711048157,0.0,8,1,0.0735884938476845
1687,540,3.2770694270528197e-07,0.2712251477700161,0.0,8,1,0.0735884938476845
1754,594,7.467207709180375e-06,0.2886966468863945,0.0,8,1,0.0735884938476845
1811,672,7.588554883213456e-08,0.26997392525239017,0.0,8,1,0.0735884938476845
976,1490,1.2844653450290925e-06,0.3171287206471374,0.0,9,1,0.0735884938476845
1117,1631,1.2739876192153965e-06,0.3170789163722026,0.0,9,1,0.0735884938476845
1508,427,7.636381163150423e-06,0.2958892064189932,0.0,9,1,0.0735884938476845
1512,364,8.784986605477196e-08,0.2764617280569629,0.0,9,1,0.0735884938476845
1518,564,8.783047218216238e-08,0.2764617280569629,0.0,9,1,0.0735884938476845
1621,466,1.762417136427354e-07,0.27019069923051187,0.0,9,1,0.0735884938476845
1677,529,2.167525925774651e-07,0.27037161031134915,0.0,9,1,0.0735884938476845
1804,663,9.187702989387412e-08,0.2709158000670916,0.0,9,1,0.0735884938476845
1586,429,1.7882117127756806e-07,0.27020877944325483,0.0,10,1,0.0735884938476845
1590,433,3.966120424177321e-06,0.28597733711048157,0.0,10,1,0.0735884938476845
1592,435,3.917309387099332e-06,0.28646424517593644,0.0,10,1,0.0735884938476845
1594,437,1.1940364277344895e-07,0.27020877944325483,0.0,10,1,0.0735884938476845
1605,449,3.996429187320655e-06,0.286504895700298,0.0,10,1,0.0735884938476845
1615,459,3.918557876904229e-06,0.28646424517593644,0.0,10,1,0.0735884938476845
1680,532,9.006847853897566e-08,0.27020877944325483,0.0,10,1,0.0735884938476845
1688,541,4.069345611114739e-06,0.28605837347690566,0.0,10,1,0.0735884938476845
1724,587,3.898558938050577e-07,0.27217578862227015,0.0,10,1,0.0735884938476845
377,629,1.251639851809462e-06,0.32032365540218943,0.0,11,1,0.0735884938476845
1544,380,2.29038898969922e-07,0.27071600965406273,0.0,11,1,0.0735884938476845
1566,405,7.643364679406437e-06,0.28701400241666075,0.0,11,1,0.0735884938476845
1642,491,3.867385104784641e-07,0.2711705056745685,0.0,11,1,0.0735884938476845
1652,502,4.4150373288744474e-07,0.2711705056745685,0.0,11,1,0.0735884938476845
1671,522,2.0522306696940516e-07,0.27022686207588836,0.0,11,1,0.0735884938476845
1735,574,1.2614893776031552e-07,0.2711705056745685,0.0,11,1,0.0735884938476845
1781,631,8.36675005482934e-08,0.27048027329358965,0.0,11,1,0.0735884938476845
1787,639,1.725274957545963e-07,0.27413441955193485,0.0,11,1,0.0735884938476845
173,173,4.877908026975219e-07,0.28904795991410165,0.0,12,1,0.0735884938476845
198,198,3.381745524616163e-07,0.2854920814479638,0.0,12,1,0.0735884938476845
1088,1602,1.2045357130710529e-06,0.3152224824355972,0.0,12,1,0.0735884938476845
1338,1853,1.2589960203802897e-06,0.3161355985281453,0.0,12,1,0.0735884938476845
1545,381,2.6416870224626437e-07,0.27073416024136776,0.0,12,1,0.0735884938476845
1546,382,2.2976087827399125e-07,0.2704078216031608,0.0,12,1,0.0735884938476845
1598,442,4.2750879937193604e-06,0.28699360341151386,0.0,12,1,0.0735884938476845
1630,477,4.06950592711136e-06,0.28601784955376114,0.0,12,1,0.0735884938476845
1683,535,4.1419914142053386e-07,0.27315159304606645,0.0,12,1,0.0735884938476845
1711,568,2.2930623434009048e-07,0.2702449471288984,0.0,12,1,0.0735884938476845
1741,575,7.748426019232739e-08,0.2700461445863706,0.0,12,1,0.0735884938476845
1641,490,4.5780637213350485e-07,0.2711705056745685,0.0,13,1,0.0735884938476845
1655,505,2.641374517516765e-07,0.27075231326270616,0.0,13,1,0.0735884938476845
1676,528,4.123219878279449e-06,0.28640329101354706,0.0,13,1,0.0735884938476845
1721,646,5.713322506487692e-07,0.2869528140989198,0.0,13,1,0.0735884938476845
1774,622,7.636206257463535e-08,0.2700642054574639,0.0,13,1,0.0735884938476845
1817,682,8.466531965316733e-08,0.2705165137000067,0.0,13,1,0.0735884938476845
908,1422,1.6582649571992316e-06,0.3163585083046067,0.0,14,1,0.0735884938476845
1597,440,5.714161192800996e-07,0.27155346334902486,0.0,14,1,0.0735884938476845
1725,590,3.3565067258684583e-07,0.28541136556403734,0.0,14,1,0.0735884938476845
1751,588,7.840519306899805e-08,0.2700822687445656,0.0,14,1,0.0735884938476845
1778,626,1.0256282276611944e-07,0.2700822687445656,0.0,14,1,0.0735884938476845
1568,407,4.095281321053613e-06,0.28632205913635395,0.0,15,1,0.0735884938476845
1571,410,3.6610389213625516e-07,0.2712251477700161,0.0,15,1,0.0735884938476845
1659,509,2.8984173568570975e-07,0.2707886266094421,0.0,15,1,0.0735884938476845
1670,521,6.963087173319455e-07,0.2713709677419355,0.0,15,1,0.0735884938476845
1712,569,4.28601715793306e-06,0.28644392423919984,0.0,15,1,0.0735884938476845
1749,584,1.213227730472382e-07,0.27246963562753035,0.0,15,1,0.0735884938476845
1766,612,1.0462877972441209e-07,0.27010033444816056,0.0,15,1,0.0735884938476845
1783,633,8.083071340435995e-08,0.27010033444816056,0.0,15,1,0.0735884938476845
883,1397,1.5625258969998413e-06,0.3175776641761699,0.0,16,1,0.0735884938476845
1625,470,2.4427460735107767e-07,0.27031731155442495,0.0,16,1,0.0735884938476845
1637,486,3.160688792393487e-07,0.2708067869358192,0.0,16,1,0.0735884938476845
1658,508,7.906224862813765e-06,0.2868712702472293,0.0,16,1,0.0735884938476845
1727,634,4.2934162082409315e-06,0.2877297990594271,0.0,16,1,0.0735884938476845
1757,598,1.0362811324554082e-07,0.2701184025687337,0.0,16,1,0.0735884938476845
1765,611,7.931588398640886e-08,0.2701184025687337,0.0,16,1,0.0735884938476845
391,905,1.5118977963580912e-06,0.3172283761489512,0.0,17,1,0.0735884938476845
1537,372,4.2141616284917057e-07,0.27082494969818915,0.0,17,1,0.0735884938476845
1540,375,5.609992434573653e-07,0.27241449099372594,0.0,17,1,0.0735884938476845
1574,413,6.884953770836771e-07,0.27109768378650556,0.0,17,1,0.0735884938476845
1583,424,3.412357174709608e-07,0.27082494969818915,0.0,17,1,0.0735884938476845
1697,551,3.6381899437015614e-07,0.27082494969818915,0.0,17,1,0.0735884938476845
1775,623,1.0376005979856317e-07,0.27013647310677014,0.0,17,1,0.0735884938476845
1805,664,1.0487888737542399e-07,0.27013647310677014,0.0,17,1,0.0735884938476845
1819,685,8.881761361984765e-08,0.2705890236547611,0.0,17,1,0.0735884938476845
1525,357,4.0674022956135405e-06,0.28662691652470185,0.0,18,1,0.0735884938476845
1585,426,4.463769041213816e-06,0.28676940558198993,0.0,18,1,0.0735884938476845
1602,446,7.653713337740553e-07,0.2736884912566084,0.0,18,1,0.0735884938476845
1700,554,4.012826249681668e-06,0.28662691652470185,0.0,18,1,0.0735884938476845
1722,666,2.107118855688195e-07,0.27111588559151334,0.0,18,1,0.0735884938476845
1733,676,4.5074583551924944e-06,0.287463515341354,0.0,18,1,0.0735884938476845
1761,603,1.0405026244459615e-07,0.2701545460627551,0.0,18,1,0.0735884938476845
1762,605,1.0619073664001869e-07,0.2701545460627551,0.0,18,1,0.0735884938476845
1530,362,5.864713795658565e-07,0.2706978615003017,0.0,19,1,0.0735884938476845
1584,425,8.185547767031272e-06,0.2871364573704046,0.0,19,1,0.0735884938476845
1618,462,5.035978032022784e-07,0.271589991928975,0.0,19,1,0.0735884938476845
1667,518,4.112854067819687e-06,0.28664726343437213,0.0,19,1,0.0735884938476845
1769,616,9.11370482483976e-08,0.27064343163538873,0.0,19,1,0.0735884938476845
1564,403,4.0999300392047877e-07,0.27115229653505235,0.0,20,1,0.0735884938476845
1613,457,4.064595287554326e-06,0.2866676132329973,0.0,20,1,0.0735884938476845
1629,474,3.358865677319791e-07,0.27148043565954016,0.0,20,1,0.0735884938476845
1666,516,4.070421183412324e-06,0.2866676132329973,0.0,20,1,0.0735884938476845
1704,558,4.475907567660914e-06,0.28871728871728874,0.0,20,1,0.0735884938476845
1709,565,8.379178732324187e-07,0.271589991928975,0.0,20,1,0.0735884938476845
1734,620,2.520255299253247e-07,0.27206575933162647,0.0,20,1,0.0735884938476845
1818,684,8.223786568261885e-08,0.27019069923051187,0.0,20,1,0.0735884938476845
1520,350,4.270653875347251e-06,0.28734078132783036,0.0,21,1,0.0735884938476845
1576,416,4.422839358945852e-06,0.30604820372896774,0.0,21,1,0.0735884938476845
1690,543,4.352611405689205e-06,0.28622058406577827,0.0,21,1,0.0735884938476845
1752,589,1.1599784843309996e-07,0.2706797157795951,0.0,21,1,0.0735884938476845
1777,625,8.31785846505774e-08,0.27020877944325483,0.0,21,1,0.0735884938476845
709,1223,1.6650901635924732e-06,0.31720345640219955,0.0,22,1,0.0735884938476845
780,1294,1.7465724858809134e-06,0.31725329981143935,0.0,22,1,0.0735884938476845
886,1400,1.6502242871012721e-06,0.3178776666929072,0.0,22,1,0.0735884938476845
1012,1526,1.4699967577858065e-06,0.3163585083046067,0.0,22,1,0.0735884938476845
1606,450,5.451947891609951e-07,0.2713892062638618,0.0,22,1,0.0735884938476845
1624,469,4.226383671472852e-06,0.28689165186500887,0.0,22,1,0.0735884938476845
1684,536,7.09972211522318e-07,0.2718825747374091,0.0,22,1,0.0735884938476845
1686,539,4.004865187775069e-07,0.2713892062638618,0.0,22,1,0.0735884938476845
1756,597,1.1526656260193663e-07,0.2706797157795951,0.0,22,1,0.0735884938476845
1814,677,9.360437148017067e-08,0.2706978615003017,0.0,22,1,0.0735884938476845
1258,1773,1.4933776508098908e-06,0.31720345640219955,0.0,23,1,0.0735884938476845
1286,1801,1.479849749037565e-06,0.3174278751670466,0.0,23,1,0.0735884938476845
1355,1870,1.5543934465514553e-06,0.31777760289604157,0.0,23,1,0.0735884938476845
1521,352,6.81002359953598e-07,0.2719191919191919,0.0,23,1,0.0735884938476845
1529,361,4.5231587019146334e-07,0.2713709677419355,0.0,23,1,0.0735884938476845
1578,418,8.428191312003547e-07,0.2712251477700161,0.0,23,1,0.0735884938476845
1645,494,7.034889010272449e-07,0.27461915125136016,0.0,23,1,0.0735884938476845
1646,495,1.0187275033722015e-06,0.2707886266094421,0.0,23,1,0.0735884938476845
462,976,1.675168294872668e-06,0.31805293005671076,0.0,24,1,0.0735884938476845
581,1095,1.7793519850779853e-06,0.31880625296068216,0.0,24,1,0.0735884938476845
1146,1660,1.5847511087692755e-06,0.3172283761489512,0.0,24,1,0.0735884938476845
1640,489,4.2323641263528475e-07,0.27182766745203635,0.0,24,1,0.0735884938476845
1771,618,1.0310346860353837e-07,0.27118871725990595,0.0,24,1,0.0735884938476845
375,601,5.393052862594796e-06,0.33861635220125785,0.0,25,1,0.0735884938476845
1111,1625,1.5647855551694384e-06,0.3173031588873173,0.0,25,1,0.0735884938476845
1580,421,4.539153931245822e-06,0.28664726343437213,0.0,25,1,0.0735884938476845
1607,451,8.445845508832964e-06,0.3035861965265769,0.0,25,1,0.0735884938476845
1668,519,5.972854039887337e-07,0.2714439365420812,0.0,25,1,0.0735884938476845
1770,617,1.1952680403818823e-07,0.27073416024136776,0.0,25,1,0.0735884938476845
1785,636,1.186505117504251e-07,0.27073416024136776,0.0,25,1,0.0735884938476845
1791,644,1.9387301563156164e-07,0.2713892062638618,0.0,25,1,0.0735884938476845
950,1464,1.456680327852944e-06,0.3174278751670466,0.0,26,1,0.0735884938476845
1522,354,5.298356366372269e-07,0.27109768378650556,0.0,26,1,0.0735884938476845
1527,359,5.170701504814295e-07,0.27186426984447587,0.0,26,1,0.0735884938476845
1534,369,4.3015154606060275e-06,0.28699360341151386,0.0,26,1,0.0735884938476845
1575,415,8.187842336319642e-06,0.2871364573704046,0.0,26,1,0.0735884938476845
1614,458,9.556830001531607e-07,0.2714986888993478,0.0,26,1,0.0735884938476845
1660,510,4.382936185730927e-06,0.28662691652470185,0.0,26,1,0.0735884938476845
1737,678,1.6982556406117903e-07,0.27315159304606645,0.0,26,1,0.0735884938476845
1772,619,1.1765681919210364e-07,0.27075231326270616,0.0,26,1,0.0735884938476845
448,962,5.296529915994144e-06,0.33474260134294953,0.0,27,1,0.0735884938476845
1165,1679,1.8378240230480562e-06,0.31810304080668034,0.0,27,1,0.0735884938476845
1558,396,4.838141822921765e-07,0.2718825747374091,0.0,27,1,0.0735884938476845
1601,445,8.256556482694177e-07,0.2707886266094421,0.0,27,1,0.0735884938476845
1634,481,4.882122405323017e-07,0.2722124848321424,0.0,27,1,0.0735884938476845
1728,680,1.8520342959280905e-07,0.2713162668816771,0.0,27,1,0.0735884938476845
1639,488,1.2181404349103611e-06,0.2719008820954818,0.0,28,1,0.0735884938476845
1795,653,1.664158433277045e-07,0.2714986888993478,0.0,28,1,0.0735884938476845
511,1025,2.0319233766712093e-06,0.3213433073372593,0.0,29,1,0.0735884938476845
1662,512,4.690068734979308e-06,0.2886966468863945,0.0,29,1,0.0735884938476845
1720,645,4.886605814624968e-06,0.3061410159211524,0.0,29,1,0.0735884938476845
1180,1695,1.6171862925598047e-06,0.31777760289604157,0.0,30,1,0.0735884938476845
1661,511,4.8453033203367415e-06,0.28828442921396447,0.0,30,1,0.0735884938476845
1693,546,4.5054917128705185e-06,0.28785286569717705,0.0,30,1,0.0735884938476845
1706,560,9.994067501134004e-07,0.2741158101961849,0.0,30,1,0.0735884938476845
1739,609,3.907892220068528e-06,0.2875044499822001,0.0,30,1,0.0735884938476845
786,1300,5.670381618455338e-06,0.3363318340829585,0.0,31,1,0.0735884938476845
843,1357,2.0280344972677234e-06,0.31893215385830503,0.0,31,1,0.0735884938476845
1092,1606,1.8068354158777864e-06,0.31802788060171694,0.0,31,1,0.0735884938476845
1626,471,5.170705337218279e-06,0.304524886877828,0.0,31,1,0.0735884938476845
498,1012,2.514330737126419e-06,0.31805293005671076,0.0,32,1,0.0735884938476845
1157,1671,1.6568807377124433e-06,0.31717854057026157,0.0,32,1,0.0735884938476845
1248,1763,1.760469371343531e-06,0.31797779352704936,0.0,32,1,0.0735884938476845
1532,367,9.11110128601279e-07,0.27435792906644924,0.0,32,1,0.0735884938476845
1628,473,4.789630232949183e-06,0.28985715311176513,0.0,32,1,0.0735884938476845
1694,547,6.279409371300268e-07,0.27197413618912913,0.0,32,1,0.0735884938476845
1695,548,1.0012523169752853e-06,0.2721024258760108,0.0,32,1,0.0735884938476845
1726,614,5.061730754564773e-06,0.2910480034597088,0.0,32,1,0.0735884938476845
1740,573,1.1420341919494478e-07,0.2704078216031608,0.0,32,1,0.0735884938476845
628,1142,1.7508350005336855e-06,0.317827626918536,0.0,33,1,0.0735884938476845
1029,1543,1.8414073209248083e-06,0.3182033096926714,0.0,33,1,0.0735884938476845
1560,398,1.0345030102355807e-06,0.2729853975121687,0.0,33,1,0.0735884938476845
1591,434,8.721730781294927e-06,0.29025301897642325,0.0,33,1,0.0735884938476845
1638,487,1.294233619683075e-06,0.27396702625686953,0.0,33,1,0.0735884938476845
1723,683,5.130196434153441e-06,0.30461677730838865,0.0,33,1,0.0735884938476845
1796,654,1.8955952600547428e-07,0.2712980381617845,0.0,33,1,0.0735884938476845
364,420,6.12578895136834e-06,0.3610192221725525,0.0,34,1,0.0735884938476845
799,1313,5.783646811020779e-06,0.336528044003667,0.0,34,1,0.0735884938476845
894,1408,5.501764666972555e-06,0.3354099177672564,0.0,34,1,0.0735884938476845
911,1425,5.5152430723057405e-06,0.3359400998336107,0.0,34,1,0.0735884938476845
998,1512,5.661362854542074e-06,0.33582834331337325,0.0,34,1,0.0735884938476845
1179,1694,1.8406738423174455e-06,0.3183287347260544,0.0,34,1,0.0735884938476845
1533,368,1.0891182902440064e-06,0.27320703653585926,0.0,34,1,0.0735884938476845
1570,409,1.1127636246497767e-06,0.27302231237322516,0.0,34,1,0.0735884938476845
1635,482,5.1399526792313695e-06,0.2904200230149597,0.0,34,1,0.0735884938476845
1718,669,5.205196116686214e-06,0.29108996539792387,0.0,34,1,0.0735884938476845
401,915,5.4603156962855494e-06,0.3344653358734366,0.0,35,1,0.0735884938476845
1000,1514,2.0101784406199675e-06,0.31893215385830503,0.0,35,1,0.0735884938476845
1363,1878,1.7176209391073984e-06,0.3181281021035216,0.0,35,1,0.0735884938476845
1713,570,4.977403467485857e-06,0.28781183178902353,0.0,35,1,0.0735884938476845
1719,604,8.920882682754416e-06,0.308739200244667,0.0,35,1,0.0735884938476845
932,1446,5.562614233530018e-06,0.33538205980066443,0.0,36,1,0.0735884938476845
1163,1677,1.939625774761729e-06,0.318378932429236,0.0,36,1,0.0735884938476845
1252,1767,2.039873274944843e-06,0.3192852059777022,0.0,36,1,0.0735884938476845
1551,387,5.3357171195531536e-06,0.304066265060241,0.0,36,1,0.0735884938476845
1556,394,1.4989495475341574e-06,0.27527438816551913,0.0,36,1,0.0735884938476845
422,936,2.1388507417140487e-06,0.31870560378847673,0.0,37,1,0.0735884938476845
1225,1740,5.708905208881547e-06,0.33560505319148937,0.0,37,1,0.0735884938476845
1229,1744,2.0069657711814845e-06,0.31817823654558347,0.0,37,1,0.0735884938476845
1611,455,4.577646545151858e-06,0.28799657656372585,0.0,37,1,0.0735884938476845
1632,479,4.947810605771005e-06,0.29023215697549054,0.0,37,1,0.0735884938476845
1703,557,1.1109082544807135e-06,0.2738926948382283,0.0,37,1,0.0735884938476845
434,948,1.8009906171125378e-06,0.31797779352704936,0.0,38,1,0.0735884938476845
600,1114,5.8417877518367684e-06,0.33546564758660796,0.0,38,1,0.0735884938476845
1263,1778,5.843505568443323e-06,0.33566084788029926,0.0,38,1,0.0735884938476845
1275,1790,1.7612403792614518e-06,0.3181531673495115,0.0,38,1,0.0735884938476845
1552,388,1.5504259646552899e-06,0.2888825296895121,0.0,38,1,0.0735884938476845
1587,430,8.851468283638075e-06,0.2914471309996391,0.0,38,1,0.0735884938476845
1701,555,9.388207227579455e-07,0.27250641112160884,0.0,38,1,0.0735884938476845
487,1001,2.4999802681478837e-06,0.3182534678436318,0.0,39,1,0.0735884938476845
1523,355,9.748626688196315e-07,0.2718093699515347,0.0,39,1,0.0735884938476845
1555,392,5.290890853464894e-06,0.3066990733708036,0.0,39,1,0.0735884938476845
1736,630,2.5612629678164345e-07,0.272966943824782,0.0,39,1,0.0735884938476845
1745,579,1.2880264069695426e-07,0.27098852426011677,0.0,39,1,0.0735884938476845
696,1210,5.69796495933877e-06,0.3351593625498008,0.0,40,1,0.0735884938476845
1159,1673,2.191905104838173e-06,0.3192599620493359,0.0,40,1,0.0735884938476845
1251,1766,1.9037528802704833e-06,0.3178026129387691,0.0,40,1,0.0735884938476845
1647,496,1.7731092837546014e-06,0.2774113767518549,0.0,40,1,0.0735884938476845
1679,531,4.453022999586035e-06,0.28754539628284553,0.0,40,1,0.0735884938476845
1685,537,1.673352846773203e-06,0.2891928668624221,0.0,40,1,0.0735884938476845
804,1318,2.0232553051764943e-06,0.3181531673495115,0.0,41,1,0.0735884938476845
1753,592,1.2830509102039965e-07,0.2710249010000671,0.0,41,1,0.0735884938476845
818,1332,1.88999474450778e-06,0.31888178156834873,0.0,42,1,0.0735884938476845
835,1349,2.0724405393317003e-06,0.3185296205726907,0.0,42,1,0.0735884938476845
860,1374,5.979471091210504e-06,0.33675256442331747,0.0,42,1,0.0735884938476845
1608,452,5.0848250987562016e-06,0.2879144385026738,0.0,42,1,0.0735884938476845
1031,1545,5.6221143816111185e-06,0.33694926568758343,0.0,43,1,0.0735884938476845
1528,360,5.377473274384955e-06,0.30434127223394636,0.0,43,1,0.0735884938476845
1596,439,5.608289708224799e-06,0.3047547169811321,0.0,43,1,0.0735884938476845
1619,463,4.8735552694892035e-06,0.29027388397670906,0.0,43,1,0.0735884938476845
1654,504,4.779098101082075e-06,0.2874225923553278,0.0,43,1,0.0735884938476845
1672,523,9.208391375336772e-06,0.2884285714285714,0.0,43,1,0.0735884938476845
1051,1565,2.0701334017661424e-06,0.3183287347260544,0.0,44,1,0.0735884938476845
641,1155,2.754707968878532e-06,0.31923472211241993,0.0,45,1,0.0735884938476845
665,1179,6.0941369781633815e-06,0.33680874134623406,0.0,45,1,0.0735884938476845
1675,527,2.10020607810572e-06,0.28948311706932395,0.0,46,1,0.0735884938476845
1692,545,9.199437858177036e-06,0.28890319811118265,0.0,46,1,0.0735884938476845
1716,591,5.657719394004611e-06,0.3083855200855354,0.0,46,1,0.0735884938476845
599,1113,2.017023596300545e-06,0.3184291459664064,0.0,47,1,0.0735884938476845
1559,397,5.238209147195494e-06,0.29113193943763516,0.0,47,1,0.0735884938476845
1600,444,5.524540850601415e-06,0.2906918148441437,0.0,47,1,0.0735884938476845
1702,556,5.492515756932391e-06,0.28987796123474513,0.0,48,1,0.0735884938476845
608,1122,2.4229789256945543e-06,0.31943675342140654,0.0,49,1,0.0735884938476845
1035,1549,5.979982155681778e-06,0.33627581612258495,0.0,49,1,0.0735884938476845
1102,1616,2.397384597631878e-06,0.3196896524424036,0.0,50,1,0.0735884938476845
1177,1692,6.11079899695296e-06,0.33680874134623406,0.0,50,1,0.0735884938476845
1669,520,9.533275750377766e-06,0.30798566089543133,0.0,50,1,0.0735884938476845
1367,1882,2.3599925087338878e-06,0.3194873012105388,0.0,51,1,0.0735884938476845
1565,404,5.2850817649649975e-06,0.2915102512272596,0.0,51,1,0.0735884938476845
416,930,5.803400417569208e-06,0.33644392601233125,0.0,52,1,0.0735884938476845
1366,1881,2.871587764601891e-06,0.3182033096926714,0.0,53,1,0.0735884938476845
1617,461,5.961651406913512e-06,0.30937787312289305,0.0,53,1,0.0735884938476845
1569,408,5.568769458379955e-06,0.29174192616140454,0.0,55,1,0.0735884938476845
1589,432,9.556664396197368e-06,0.29113193943763516,0.0,55,1,0.0735884938476845
1131,1645,2.4014470054944357e-06,0.3197149643705463,0.0,56,1,0.0735884938476845
1644,493,1.9169465744926377e-06,0.2754058109398445,0.0,56,1,0.0735884938476845
1563,402,9.78780501710512e-06,0.30586274806847447,0.0,57,1,0.0735884938476845
1579,419,5.490953505223038e-06,0.30954388654656956,0.0,57,1,0.0735884938476845
1582,423,6.035590045843888e-06,0.30876280776877196,0.0,57,1,0.0735884938476845
1653,503,2.0786899708376596e-06,0.2904618040569702,0.0,58,1,0.0735884938476845
1689,542,5.9292320076804365e-06,0.30963883137796183,0.0,58,1,0.0735884938476845
566,1080,2.404724476444115e-06,0.3190833662583959,0.0,60,1,0.0735884938476845
723,1237,6.897637760072282e-06,0.3369211514392991,0.0,60,1,0.0735884938476845
1581,422,1.318143857557826e-06,0.27731611839846165,0.0,60,1,0.0735884938476845
1593,436,9.742860962810303e-06,0.29367272727272725,0.0,60,1,0.0735884938476845
1554,391,9.654369746446657e-06,0.3103050795358488,0.0,61,1,0.0735884938476845
1612,456,9.678294164681405e-06,0.305608113221827,0.0,61,1,0.0735884938476845
1665,515,5.9714771362309185e-06,0.2932887855897734,0.0,61,1,0.0735884938476845
1542,378,9.829165253467298e-06,0.29348063085980086,0.0,62,1,0.0735884938476845
1577,417,6.365217682425072e-06,0.3075634092467058,0.0,62,1,0.0735884938476845
973,1487,3.923990061654323e-06,0.3198669201520912,0.0,63,1,0.0735884938476845
1710,567,9.65169976350023e-06,0.3288809252321225,0.0,63,1,0.0735884938476845
806,1320,6.4015422095479276e-06,0.3372025052192067,0.0,64,1,0.0735884938476845
1664,514,6.356505712872752e-06,0.2928846014361355,0.0,64,1,0.0735884938476845
1673,524,6.506580672998205e-06,0.3103527784182615,0.0,64,1,0.0735884938476845
1643,492,6.265085812280125e-06,0.31047208980470553,0.0,65,1,0.0735884938476845
1657,507,9.971875387852724e-06,0.29199508279702074,0.0,65,1,0.0735884938476845
379,641,6.612165539557494e-06,0.33992760333361394,0.0,66,1,0.0735884938476845
913,1427,2.6172498528222637e-06,0.31953786499960435,0.0,66,1,0.0735884938476845
1616,460,9.798093140008244e-06,0.30607140150079587,0.0,66,1,0.0735884938476845
1060,1574,1.0384293382405313e-05,0.3375125376128385,0.0,67,1,0.0735884938476845
1691,544,1.0172310243978106e-05,0.293097190970458,0.0,67,1,0.0735884938476845
1539,374,6.6557739057956295e-06,0.31059149296207983,0.0,68,1,0.0735884938476845
1674,525,9.974717523258806e-06,0.3091173543596417,0.0,69,1,0.0735884938476845
1329,1844,2.9251195761071594e-06,0.31963904060793163,0.0,70,1,0.0735884938476845
1535,370,1.0235671628298132e-05,0.3096863256384692,0.0,71,1,0.0735884938476845
1588,431,1.0094477736303593e-05,0.29354463506833384,0.0,71,1,0.0735884938476845
1595,438,1.0196355189883008e-05,0.2935659760087241,0.0,71,1,0.0735884938476845
1656,506,1.046457980585713e-05,0.29341665455602384,0.0,72,1,0.0735884938476845
381,651,7.096405750543221e-06,0.36228243315987796,0.0,73,1,0.0735884938476845
1561,400,6.609620759316586e-06,0.30954388654656956,0.0,73,1,0.0735884938476845
844,1358,6.738107059498528e-06,0.33776662484316183,0.0,77,1,0.0735884938476845
1557,395,6.61882678194808e-06,0.31001919385796545,0.0,77,1,0.0735884938476845
1620,465,6.850035374436582e-06,0.3109981515711645,0.0,78,1,0.0735884938476845
1707,561,7.006213645016136e-06,0.3112858464384829,0.0,81,1,0.0735884938476845
1648,497,6.7329450435854204e-06,0.31020972574325884,0.0,83,1,0.0735884938476845
1651,500,1.002381485265118e-05,0.2938864628820961,0.0,83,1,0.0735884938476845
1705,559,7.08312535782875e-06,0.31200741770978213,0.0,83,1,0.0735884938476845
373,580,3.662101751591178e-06,0.34503973340169186,0.0,84,1,0.0735884938476845
372,566,8.244255835763704e-06,0.36496746203904556,0.0,85,1,0.0735884938476845
1699,553,6.88367607126562e-06,0.3108784355993533,0.0,85,1,0.0735884938476845
370,538,3.6533618358480644e-06,0.3231951336641588,0.0,87,1,0.0735884938476845
1663,513,1.0871655099127812e-05,0.31150196713723677,0.0,89,1,0.0735884938476845
371,563,0.0005999427677075234,0.3939127889961955,0.0,91,1,0.0735884938476845
376,606,7.805924351175569e-06,0.3408745568124261,0.0,91,1,0.0735884938476845
1538,373,1.0853379595436872e-05,0.3113338473400154,0.0,94,1,0.0735884938476845
360,363,4.168924282038487e-06,0.3270430063983154,0.0,96,1,0.0735884938476845
361,366,7.876410707549852e-06,0.34098969768620163,0.0,97,1,0.0735884938476845
369,526,1.0775721488067301e-05,0.3408457837427197,0.0,98,1,0.0735884938476845
1573,412,7.106634239586931e-06,0.31157407407407406,0.0,99,1,0.0735884938476845
359,353,7.958227471189651e-06,0.36309684380901,0.0,102,1,0.0735884938476845
368,517,8.36763210084212e-06,0.34122021294574956,0.0,104,1,0.0735884938476845
367,484,9.17911288656298e-06,0.3631621548700423,0.0,107,1,0.0735884938476845
350,428,0.0005975109507335823,0.3948371956585509,0.0,115,1,0.0735884938476845
378,637,4.149894249945558e-06,0.32564516129032256,0.0,115,1,0.0735884938476845
365,475,1.2259335786868258e-05,0.3661920740001814,0.0,122,1,0.0735884938476845
362,376,1.2617258823697368e-05,0.36655773420479304,0.0,133,1,0.0735884938476845
349,414,1.1045374459777927e-05,0.3695433330282786,0.0,159,1,0.0735884938476845
348,348,1.3317798612183155e-05,0.36991572004397216,0.0,229,1,0.0735884938476845
366,483,1.0258559815770269e-05,0.3698479575013739,0.0,231,1,0.0735884938476845
2406,2842,3.771785364314976e-08,0.2824566312255176,0.0,1,2,0.0567308315509754
2575,3031,3.771785364314976e-08,0.2824566312255176,0.0,1,2,0.0567308315509754
2612,3071,3.771785364314976e-08,0.2824566312255176,0.0,1,2,0.0567308315509754
2711,3183,3.771785364314976e-08,0.2824566312255176,0.0,1,2,0.0567308315509754
2754,3230,3.771785364314976e-08,0.2824566312255176,0.0,1,2,0.0567308315509754
353,2814,3.6653678772655376e-06,0.3057701044979555,0.0,2,2,0.0567308315509754
1506,2704,7.064746491051132e-08,0.2895661527429186,0.0,2,2,0.0567308315509754
1507,2740,7.064746491051132e-08,0.2895661527429186,0.0,2,2,0.0567308315509754
2357,2788,3.795610664387271e-08,0.2824763903462749,0.0,2,2,0.0567308315509754
2421,2857,3.79651860353268e-08,0.2824763903462749,0.0,2,2,0.0567308315509754
2553,3006,3.827213698118122e-08,0.2824763903462749,0.0,2,2,0.0567308315509754
2661,3125,3.812441802283102e-08,0.2824763903462749,0.0,2,2,0.0567308315509754
2670,3134,3.80193941985231e-08,0.2824763903462749,0.0,2,2,0.0567308315509754
2786,3268,3.795158316043131e-08,0.2824763903462749,0.0,2,2,0.0567308315509754
2799,3282,3.8191626262525516e-08,0.2824763903462749,0.0,2,2,0.0567308315509754
2910,3407,3.7951583160417714e-08,0.2824763903462749,0.0,2,2,0.0567308315509754
2911,3408,3.803341610291383e-08,0.2824763903462749,0.0,2,2,0.0567308315509754
2271,2691,3.8188227484272903e-08,0.2824961522317056,0.0,3,2,0.0567308315509754
2291,2714,4.016734618273429e-08,0.2824961522317056,0.0,3,2,0.0567308315509754
2299,2722,4.040785523333281e-08,0.2824961522317056,0.0,3,2,0.0567308315509754
2361,2792,3.8188227484238446e-08,0.2824961522317056,0.0,3,2,0.0567308315509754
2377,2808,3.834587736651243e-08,0.2824961522317056,0.0,3,2,0.0567308315509754
2424,2860,3.9088377505371226e-08,0.2824961522317056,0.0,3,2,0.0567308315509754
2481,2922,3.821294905056653e-08,0.2824961522317056,0.0,3,2,0.0567308315509754
2528,2975,3.822374386063477e-08,0.2824961522317056,0.0,3,2,0.0567308315509754
2549,2998,3.8411060763258297e-08,0.2824961522317056,0.0,3,2,0.0567308315509754
2580,3037,3.8188227484296514e-08,0.2824961522317056,0.0,3,2,0.0567308315509754
2882,3375,4.016777400298493e-08,0.2824961522317056,0.0,3,2,0.0567308315509754
354,2838,3.7212150515236545e-06,0.30607140150079587,0.0,4,2,0.0567308315509754
355,2885,3.722794923889083e-06,0.30607140150079587,0.0,4,2,0.0567308315509754
356,3003,3.7212150515236037e-06,0.30607140150079587,0.0,4,2,0.0567308315509754
2116,2971,5.8851810565741004e-08,0.2827929126689544,0.0,4,2,0.0567308315509754
2419,2855,3.9043013212957545e-08,0.28251591688239,0.0,4,2,0.0567308315509754
2657,3121,3.858822141364364e-08,0.28251591688239,0.0,4,2,0.0567308315509754
358,3290,3.97774515587338e-06,0.3063732928679818,0.0,5,2,0.0567308315509754
415,929,1.0726060858645712e-06,0.3156660412757974,0.0,5,2,0.0567308315509754
972,1486,1.3366878025775774e-06,0.31537019681349576,0.0,5,2,0.0567308315509754
2272,2692,3.970962708149494e-08,0.28253568429890846,0.0,5,2,0.0567308315509754
2310,2736,4.075964591229085e-08,0.28253568429890846,0.0,5,2,0.0567308315509754
2384,2817,3.8676460567770694e-08,0.28253568429890846,0.0,5,2,0.0567308315509754
2531,2980,4.1377564839113006e-08,0.28253568429890846,0.0,5,2,0.0567308315509754
2682,3147,3.8676460567770694e-08,0.28253568429890846,0.0,5,2,0.0567308315509754
2789,3271,3.868607902450267e-08,0.28253568429890846,0.0,5,2,0.0567308315509754
2818,3305,3.900259529405609e-08,0.28253568429890846,0.0,5,2,0.0567308315509754
2823,3310,4.0917699370340416e-08,0.28253568429890846,0.0,5,2,0.0567308315509754
2928,3429,3.9261023523320997e-08,0.28253568429890846,0.0,5,2,0.0567308315509754
783,1297,1.373290837738749e-06,0.3153948293368742,0.0,6,2,0.0567308315509754
1277,1792,1.3653512933170124e-06,0.31549339792171266,0.0,6,2,0.0567308315509754
1323,1838,1.0710821610745353e-06,0.3150749063670412,0.0,6,2,0.0567308315509754
2253,2671,3.931809669590809e-08,0.2825554544818417,0.0,6,2,0.0567308315509754
2298,2721,3.931809669608828e-08,0.2825554544818417,0.0,6,2,0.0567308315509754
2344,2774,3.8913196365425255e-08,0.2825554544818417,0.0,6,2,0.0567308315509754
2345,2776,3.8942693096379986e-08,0.2825554544818417,0.0,6,2,0.0567308315509754
2390,2824,3.9318096695960855e-08,0.2825554544818417,0.0,6,2,0.0567308315509754
2598,3055,3.891319636531451e-08,0.2825554544818417,0.0,6,2,0.0567308315509754
2615,3074,3.8913196365374685e-08,0.2825554544818417,0.0,6,2,0.0567308315509754
2631,3091,3.9318096696444405e-08,0.2825554544818417,0.0,6,2,0.0567308315509754
2663,3127,3.8913196365413007e-08,0.2825554544818417,0.0,6,2,0.0567308315509754
2696,3161,4.5075347836959714e-08,0.2825554544818417,0.0,6,2,0.0567308315509754
2705,3175,3.940420745655002e-08,0.2825554544818417,0.0,6,2,0.0567308315509754
2742,3217,3.964539893081674e-08,0.2825554544818417,0.0,6,2,0.0567308315509754
2788,3270,4.1692230669511035e-08,0.2825554544818417,0.0,6,2,0.0567308315509754
2877,3370,4.03256334275884e-08,0.2825554544818417,0.0,6,2,0.0567308315509754
2931,3432,5.2279768454838886e-08,0.2828523395909218,0.0,6,2,0.0567308315509754
544,1058,1.9506515736748483e-06,0.31549339792171266,0.0,7,2,0.0567308315509754
1038,1552,1.133992784310417e-06,0.3160118954452966,0.0,7,2,0.0567308315509754
1186,1701,1.3712718019042142e-06,0.315962441314554,0.0,7,2,0.0567308315509754
2097,2752,7.187056958173907e-08,0.2831498492391838,0.0,7,2,0.0567308315509754
2181,3165,7.454284443012293e-08,0.2833286556272804,0.0,7,2,0.0567308315509754
2380,2811,4.0423861253433764e-08,0.2825752274317705,0.0,7,2,0.0567308315509754
2462,2902,3.917586452167601e-08,0.2825752274317705,0.0,7,2,0.0567308315509754
2634,3094,4.045630289720291e-08,0.2825752274317705,0.0,7,2,0.0567308315509754
2694,3159,4.0530518990973874e-08,0.2825752274317705,0.0,7,2,0.0567308315509754
2741,3216,3.919489320138352e-08,0.2825752274317705,0.0,7,2,0.0567308315509754
2835,3323,4.017318564667595e-08,0.2825752274317705,0.0,7,2,0.0567308315509754
2846,3336,3.924313928295032e-08,0.2825752274317705,0.0,7,2,0.0567308315509754
2879,3372,3.917586452167601e-08,0.2825752274317705,0.0,7,2,0.0567308315509754
2894,3389,4.143579935310469e-08,0.2825752274317705,0.0,7,2,0.0567308315509754
2923,3424,4.13230649929072e-08,0.2825752274317705,0.0,7,2,0.0567308315509754
2174,2725,6.870637083713251e-08,0.2832690284110838,0.0,8,2,0.0567308315509754
2233,2903,5.981192769252064e-08,0.2827929126689544,0.0,8,2,0.0567308315509754
2307,2732,3.941565713473922e-08,0.28259500314927566,0.0,8,2,0.0567308315509754
2368,2799,3.944221757765759e-08,0.28259500314927566,0.0,8,2,0.0567308315509754
2374,2805,3.9592702335881605e-08,0.28259500314927566,0.0,8,2,0.0567308315509754
2453,2893,3.973278798850936e-08,0.28259500314927566,0.0,8,2,0.0567308315509754
2458,2898,4.172378376427566e-08,0.28259500314927566,0.0,8,2,0.0567308315509754
2489,2930,3.941565713473259e-08,0.28259500314927566,0.0,8,2,0.0567308315509754
2662,3126,3.950156686106393e-08,0.28259500314927566,0.0,8,2,0.0567308315509754
2667,3131,3.9415657134574424e-08,0.28259500314927566,0.0,8,2,0.0567308315509754
2708,3180,3.94156571350528e-08,0.28259500314927566,0.0,8,2,0.0567308315509754
2709,3181,3.9415657135007655e-08,0.28259500314927566,0.0,8,2,0.0567308315509754
2724,3197,4.048598150426211e-08,0.28259500314927566,0.0,8,2,0.0567308315509754
2758,3235,4.1094615774268845e-08,0.28259500314927566,0.0,8,2,0.0567308315509754
2784,3266,4.416229116389319e-08,0.28259500314927566,0.0,8,2,0.0567308315509754
2834,3322,3.9501566861120454e-08,0.28259500314927566,0.0,8,2,0.0567308315509754
2883,3376,3.960861419358852e-08,0.28259500314927566,0.0,8,2,0.0567308315509754
2903,3398,4.41147432394329e-08,0.28259500314927566,0.0,8,2,0.0567308315509754
2906,3401,3.9608614193150786e-08,0.28259500314927566,0.0,8,2,0.0567308315509754
626,1140,2.0205287418310896e-06,0.3162346307463388,0.0,9,2,0.0567308315509754
679,1193,1.134285599408537e-06,0.3358004158004158,0.0,9,2,0.0567308315509754
873,1387,1.404127397657507e-06,0.3156660412757974,0.0,9,2,0.0567308315509754
963,1477,1.6120369388502046e-06,0.315962441314554,0.0,9,2,0.0567308315509754
2060,2678,8.521897941286073e-08,0.28322929087465804,0.0,9,2,0.0567308315509754
2359,2790,4.100924757995496e-08,0.2826147816349384,0.0,9,2,0.0567308315509754
2373,2804,4.057531447821753e-08,0.2826147816349384,0.0,9,2,0.0567308315509754
2455,2895,4.083365948788261e-08,0.2826147816349384,0.0,9,2,0.0567308315509754
2658,3122,3.96880443601643e-08,0.2826147816349384,0.0,9,2,0.0567308315509754
2743,3218,3.968804436012736e-08,0.2826147816349384,0.0,9,2,0.0567308315509754
2772,3251,3.9664688684386764e-08,0.2826147816349384,0.0,9,2,0.0567308315509754
2821,3308,4.44586459264923e-08,0.2826147816349384,0.0,9,2,0.0567308315509754
2844,3334,4.1441984760549384e-08,0.2826147816349384,0.0,9,2,0.0567308315509754
2848,3338,3.997219489684527e-08,0.2826147816349384,0.0,9,2,0.0567308315509754
2864,3354,3.968804436027121e-08,0.2826147816349384,0.0,9,2,0.0567308315509754
2875,3368,4.191798569745602e-08,0.2826147816349384,0.0,9,2,0.0567308315509754
2926,3427,3.997219489728059e-08,0.2826147816349384,0.0,9,2,0.0567308315509754
2069,3164,1.0145190830697227e-07,0.2834678834678835,0.0,10,2,0.0567308315509754
2095,2826,3.3383578942314293e-07,0.2855930405262041,0.0,10,2,0.0567308315509754
2370,2801,4.0977267744583915e-08,0.28263456288933997,0.0,10,2,0.0567308315509754
2371,2802,4.3895433888006524e-08,0.28263456288933997,0.0,10,2,0.0567308315509754
2445,2882,4.311584476380816e-08,0.28263456288933997,0.0,10,2,0.0567308315509754
2447,2886,4.0243456752849565e-08,0.28263456288933997,0.0,10,2,0.0567308315509754
2485,2926,4.0189327726981385e-08,0.28263456288933997,0.0,10,2,0.0567308315509754
2499,2942,4.159893298466022e-08,0.28263456288933997,0.0,10,2,0.0567308315509754
2561,3015,4.090097166819982e-08,0.28263456288933997,0.0,10,2,0.0567308315509754
2596,3053,3.9927953446227214e-08,0.28263456288933997,0.0,10,2,0.0567308315509754
2623,3083,4.2220332256319194e-08,0.28263456288933997,0.0,10,2,0.0567308315509754
2628,3088,4.133794648379787e-08,0.28263456288933997,0.0,10,2,0.0567308315509754
2638,3099,4.029512832919337e-08,0.28263456288933997,0.0,10,2,0.0567308315509754
2664,3128,4.026367021612958e-08,0.28263456288933997,0.0,10,2,0.0567308315509754
2669,3133,4.348796895671986e-08,0.28263456288933997,0.0,10,2,0.0567308315509754
2918,3418,6.390854125200216e-08,0.28263456288933997,0.0,10,2,0.0567308315509754
2924,3425,4.0382524692998754e-08,0.28263456288933997,0.0,10,2,0.0567308315509754
2061,2760,7.511870354686147e-08,0.2831895644855881,0.0,11,2,0.0567308315509754
2064,2941,7.578662256217031e-08,0.2828919714165616,0.0,11,2,0.0567308315509754
2268,2688,4.735463911589224e-08,0.28265434691306174,0.0,11,2,0.0567308315509754
2383,2816,4.145608894164918e-08,0.28265434691306174,0.0,11,2,0.0567308315509754
2425,2861,4.015408195548438e-08,0.28265434691306174,0.0,11,2,0.0567308315509754
2441,2878,4.313493690397784e-08,0.28265434691306174,0.0,11,2,0.0567308315509754
2460,2900,4.254354051754141e-08,0.28265434691306174,0.0,11,2,0.0567308315509754
2558,3012,4.245345235255786e-08,0.28265434691306174,0.0,11,2,0.0567308315509754
2604,3063,4.246777289715474e-08,0.28265434691306174,0.0,11,2,0.0567308315509754
2676,3141,4.01616905649692e-08,0.28265434691306174,0.0,11,2,0.0567308315509754
2727,3200,4.016033558436001e-08,0.28265434691306174,0.0,11,2,0.0567308315509754
2867,3358,4.328411998070043e-08,0.28265434691306174,0.0,11,2,0.0567308315509754
2874,3367,4.2176681944195285e-08,0.28265434691306174,0.0,11,2,0.0567308315509754
58,58,0.0005890358357495489,0.3974018305284913,0.0,12,2,0.0567308315509754
2265,2685,4.6067967747904806e-08,0.2826741337066853,0.0,12,2,0.0567308315509754
2286,2709,4.120395624712135e-08,0.2826741337066853,0.0,12,2,0.0567308315509754
2300,2723,4.173130877201225e-08,0.2826741337066853,0.0,12,2,0.0567308315509754
2360,2791,4.1458122925235316e-08,0.2826741337066853,0.0,12,2,0.0567308315509754
2411,2847,6.790507573731201e-08,0.2826741337066853,0.0,12,2,0.0567308315509754
2494,2935,4.3123426159746455e-08,0.2826741337066853,0.0,12,2,0.0567308315509754
2572,3028,4.07978907742619e-08,0.2826741337066853,0.0,12,2,0.0567308315509754
2642,3105,4.06852660760568e-08,0.2826741337066853,0.0,12,2,0.0567308315509754
2648,3112,4.2685741519826247e-08,0.2826741337066853,0.0,12,2,0.0567308315509754
2690,3155,4.2893142063404074e-08,0.2826741337066853,0.0,12,2,0.0567308315509754
2717,3190,4.299970702002259e-08,0.2826741337066853,0.0,12,2,0.0567308315509754
2775,3254,4.2112435174012275e-08,0.2826741337066853,0.0,12,2,0.0567308315509754
2798,3281,4.242501391625019e-08,0.2826741337066853,0.0,12,2,0.0567308315509754
2807,3292,4.1744401839527916e-08,0.2826741337066853,0.0,12,2,0.0567308315509754
2859,3349,4.143112902060005e-08,0.2826741337066853,0.0,12,2,0.0567308315509754
2065,2968,3.656893786525004e-07,0.28664726343437213,0.0,13,2,0.0567308315509754
2302,2727,4.3713979275356396e-08,0.2826939232707925,0.0,13,2,0.0567308315509754
2317,2744,5.4275660365768414e-08,0.2828325278419836,0.0,13,2,0.0567308315509754
2320,2747,6.445639597801399e-08,0.2826939232707925,0.0,13,2,0.0567308315509754
2511,2954,4.32381640539487e-08,0.2826939232707925,0.0,13,2,0.0567308315509754
2541,2990,4.227598682062591e-08,0.2826939232707925,0.0,13,2,0.0567308315509754
2608,3067,4.223989008064253e-08,0.2826939232707925,0.0,13,2,0.0567308315509754
2691,3156,4.548474975467739e-08,0.2826939232707925,0.0,13,2,0.0567308315509754
2862,3352,4.2312108767057966e-08,0.2826939232707925,0.0,13,2,0.0567308315509754
2909,3405,4.6148310225067894e-08,0.2826939232707925,0.0,13,2,0.0567308315509754
2062,2822,3.6956249532626246e-07,0.28628146047500885,0.0,14,2,0.0567308315509754
2071,3245,6.593058776845943e-07,0.28674904132935664,0.0,14,2,0.0567308315509754
2076,3361,3.635010050541364e-07,0.28628146047500885,0.0,14,2,0.0567308315509754
2341,2771,4.344853519283669e-08,0.28271371560596514,0.0,14,2,0.0567308315509754
2439,2876,4.306490883464759e-08,0.28271371560596514,0.0,14,2,0.0567308315509754
2492,2933,4.376062031451304e-08,0.28271371560596514,0.0,14,2,0.0567308315509754
2514,2957,4.8416645884083166e-08,0.28271371560596514,0.0,14,2,0.0567308315509754
2548,2997,4.344863403406702e-08,0.28271371560596514,0.0,14,2,0.0567308315509754
2568,3024,4.351189839397332e-08,0.28271371560596514,0.0,14,2,0.0567308315509754
2603,3061,4.654393296900436e-08,0.28271371560596514,0.0,14,2,0.0567308315509754
2607,3066,4.14589057753569e-08,0.28271371560596514,0.0,14,2,0.0567308315509754
2686,3151,4.326447513469898e-08,0.28271371560596514,0.0,14,2,0.0567308315509754
2735,3210,6.584006846959313e-08,0.28271371560596514,0.0,14,2,0.0567308315509754
2767,3244,4.2622539106553885e-08,0.28271371560596514,0.0,14,2,0.0567308315509754
2768,3246,4.4021952936152314e-08,0.28271371560596514,0.0,14,2,0.0567308315509754
2770,3249,4.238794387745126e-08,0.28271371560596514,0.0,14,2,0.0567308315509754
2853,3343,4.48279602119038e-08,0.28271371560596514,0.0,14,2,0.0567308315509754
2063,2883,6.627888252432692e-07,0.2869528140989198,0.0,15,2,0.0567308315509754
2070,3222,6.468829137720504e-07,0.28646424517593644,0.0,15,2,0.0567308315509754
2094,2677,3.2927768557907647e-07,0.2853508585965656,0.0,15,2,0.0567308315509754
2182,3205,8.365675474739396e-08,0.2834280901242367,0.0,15,2,0.0567308315509754
2240,2707,3.257607276700448e-07,0.286159733541209,0.0,15,2,0.0567308315509754
2279,2700,4.3747786107701404e-08,0.2827335107127853,0.0,15,2,0.0567308315509754
2387,2820,4.2685679740713884e-08,0.2827335107127853,0.0,15,2,0.0567308315509754
2546,2995,4.391072135621513e-08,0.2827335107127853,0.0,15,2,0.0567308315509754
2591,3048,4.2486806402631175e-08,0.2827335107127853,0.0,15,2,0.0567308315509754
2600,3058,4.307051845466159e-08,0.2827335107127853,0.0,15,2,0.0567308315509754
2692,3157,4.513346989327004e-08,0.2827335107127853,0.0,15,2,0.0567308315509754
2733,3208,4.227971107749757e-08,0.2827335107127853,0.0,15,2,0.0567308315509754
2765,3242,4.234998607276222e-08,0.2827335107127853,0.0,15,2,0.0567308315509754
2866,3357,4.336278918978633e-08,0.2827335107127853,0.0,15,2,0.0567308315509754
2878,3371,4.270889349272835e-08,0.2827335107127853,0.0,15,2,0.0567308315509754
2907,3402,4.2117745426550183e-08,0.2827335107127853,0.0,15,2,0.0567308315509754
2119,3410,6.122480491748234e-08,0.28303077030910495,0.0,16,2,0.0567308315509754
2185,3409,6.064120825012569e-08,0.2832690284110838,0.0,16,2,0.0567308315509754
2262,2682,4.647026541978408e-08,0.2827533085918353,0.0,16,2,0.0567308315509754
2276,2697,4.467442222539533e-08,0.2827533085918353,0.0,16,2,0.0567308315509754
2385,2818,4.347781810873735e-08,0.2827533085918353,0.0,16,2,0.0567308315509754
2482,2923,5.063321730644348e-08,0.2827533085918353,0.0,16,2,0.0567308315509754
2593,3050,4.310185236916164e-08,0.2827533085918353,0.0,16,2,0.0567308315509754
2609,3068,4.4531556377705996e-08,0.2827533085918353,0.0,16,2,0.0567308315509754
2610,3069,4.603412184887884e-08,0.2827533085918353,0.0,16,2,0.0567308315509754
2633,3093,4.3330660173686326e-08,0.2827533085918353,0.0,16,2,0.0567308315509754
2679,3144,4.320900155245573e-08,0.2827533085918353,0.0,16,2,0.0567308315509754
2719,3192,4.542387027117541e-08,0.2827533085918353,0.0,16,2,0.0567308315509754
2838,3326,4.324236668986446e-08,0.2827533085918353,0.0,16,2,0.0567308315509754
2850,3340,5.656239043559239e-08,0.2827533085918353,0.0,16,2,0.0567308315509754
2881,3374,4.239254285656571e-08,0.2827533085918353,0.0,16,2,0.0567308315509754
2067,3057,9.509764788973237e-08,0.28322929087465804,0.0,17,2,0.0567308315509754
2422,2858,4.493144368632521e-08,0.2827731092436975,0.0,17,2,0.0567308315509754
2504,2947,4.7781619101473546e-08,0.2827731092436975,0.0,17,2,0.0567308315509754
2520,2965,4.4525251439749914e-08,0.2827731092436975,0.0,17,2,0.0567308315509754
2534,2983,4.4220052580808075e-08,0.2827731092436975,0.0,17,2,0.0567308315509754
2586,3043,4.9169235619177856e-08,0.2827731092436975,0.0,17,2,0.0567308315509754
2647,3110,4.572369304621888e-08,0.2827731092436975,0.0,17,2,0.0567308315509754
2699,3167,4.562033654768793e-08,0.2827731092436975,0.0,17,2,0.0567308315509754
2721,3194,4.400988296291654e-08,0.2827731092436975,0.0,17,2,0.0567308315509754
2825,3312,4.336646276118177e-08,0.2827731092436975,0.0,17,2,0.0567308315509754
2880,3373,4.628675799260323e-08,0.2827731092436975,0.0,17,2,0.0567308315509754
2890,3383,4.456197262487027e-08,0.2827731092436975,0.0,17,2,0.0567308315509754
357,3173,3.6730234706086766e-06,0.3061410159211524,0.0,18,2,0.0567308315509754
2075,3328,5.407053503685263e-08,0.2828523395909218,0.0,18,2,0.0567308315509754
2112,3404,7.57256755563362e-08,0.2833684210526316,0.0,18,2,0.0567308315509754
2177,2964,8.252533171042528e-08,0.28354750368653886,0.0,18,2,0.0567308315509754
2186,2693,3.5234285572805613e-07,0.28632205913635395,0.0,18,2,0.0567308315509754
2187,2979,3.47857149810685e-07,0.2864236061852745,0.0,18,2,0.0567308315509754
2396,2831,4.5799720297944524e-08,0.2827929126689544,0.0,18,2,0.0567308315509754
2420,2856,4.707978988821652e-08,0.2827929126689544,0.0,18,2,0.0567308315509754
2646,3109,4.4138455697350695e-08,0.2827929126689544,0.0,18,2,0.0567308315509754
2868,3359,4.537561239364919e-08,0.2827929126689544,0.0,18,2,0.0567308315509754
2074,3278,6.905483753580445e-07,0.2870752168349211,0.0,19,2,0.0567308315509754
2101,2962,7.586802191737964e-08,0.2833883079514352,0.0,19,2,0.0567308315509754
2124,3289,3.4136088337948924e-07,0.28632205913635395,0.0,19,2,0.0567308315509754
2275,2696,4.7650711827468635e-08,0.2828127188681888,0.0,19,2,0.0567308315509754
2309,2735,6.811725610329324e-08,0.2828127188681888,0.0,19,2,0.0567308315509754
2348,2779,4.551015578314059e-08,0.2828127188681888,0.0,19,2,0.0567308315509754
2556,3009,4.5156535654931936e-08,0.2828127188681888,0.0,19,2,0.0567308315509754
2673,3138,4.354639821112522e-08,0.2828127188681888,0.0,19,2,0.0567308315509754
2702,3171,4.4331633391220485e-08,0.2828127188681888,0.0,19,2,0.0567308315509754
2716,3189,4.633202262353113e-08,0.2828127188681888,0.0,19,2,0.0567308315509754
2764,3241,4.396545620534866e-08,0.2828127188681888,0.0,19,2,0.0567308315509754
2820,3307,4.433052846383597e-08,0.2828127188681888,0.0,19,2,0.0567308315509754
2840,3329,4.411216898795117e-08,0.2828127188681888,0.0,19,2,0.0567308315509754
2898,3393,4.4447462089580023e-08,0.2828127188681888,0.0,19,2,0.0567308315509754
2234,2938,6.229103269472922e-08,0.28303077030910495,0.0,20,2,0.0567308315509754
2249,2667,4.3735661253915156e-08,0.2828325278419836,0.0,20,2,0.0567308315509754
2391,2825,5.900074415932359e-08,0.2831299957930164,0.0,20,2,0.0567308315509754
2423,2859,4.920536521577101e-08,0.2828325278419836,0.0,20,2,0.0567308315509754
2477,2918,6.83410188102026e-08,0.2828325278419836,0.0,20,2,0.0567308315509754
2493,2934,4.831159107278827e-08,0.2828325278419836,0.0,20,2,0.0567308315509754
2506,2949,4.6697476056826194e-08,0.2828325278419836,0.0,20,2,0.0567308315509754
2640,3103,4.659851668889068e-08,0.2828325278419836,0.0,20,2,0.0567308315509754
2794,3276,4.4843914596762306e-08,0.2828325278419836,0.0,20,2,0.0567308315509754
2865,3356,4.629098468587458e-08,0.2828325278419836,0.0,20,2,0.0567308315509754
2920,3421,4.545681544554606e-08,0.2828325278419836,0.0,20,2,0.0567308315509754
1211,1726,1.7921614686407725e-06,0.34165327015821984,0.0,21,2,0.0567308315509754
2267,2687,4.6100099622764925e-08,0.2828523395909218,0.0,21,2,0.0567308315509754
2311,2737,4.852381433964779e-08,0.2828523395909218,0.0,21,2,0.0567308315509754
2333,2762,4.8451143554915044e-08,0.2828523395909218,0.0,21,2,0.0567308315509754
2412,2848,4.509583633327095e-08,0.2828523395909218,0.0,21,2,0.0567308315509754
2432,2868,4.46489727214128e-08,0.2828523395909218,0.0,21,2,0.0567308315509754
2759,3236,4.673029681839766e-08,0.2828523395909218,0.0,21,2,0.0567308315509754
2887,3380,4.621215522239872e-08,0.2828523395909218,0.0,21,2,0.0567308315509754
171,171,5.3469108010902455e-06,0.37049270575282134,0.0,22,2,0.0567308315509754
2372,2803,4.711201733623518e-08,0.2828721541155867,0.0,22,2,0.0567308315509754
2395,2830,4.744532205223475e-08,0.2828721541155867,0.0,22,2,0.0567308315509754
2433,2870,4.7296983452556424e-08,0.2828721541155867,0.0,22,2,0.0567308315509754
2576,3032,4.731461957248006e-08,0.2828721541155867,0.0,22,2,0.0567308315509754
2582,3039,4.856170119755336e-08,0.2828721541155867,0.0,22,2,0.0567308315509754
2726,3199,4.932274572540194e-08,0.2828721541155867,0.0,22,2,0.0567308315509754
2819,3306,4.710787327208451e-08,0.2828721541155867,0.0,22,2,0.0567308315509754
936,1450,2.1251552254810174e-06,0.3417110941863417,0.0,23,2,0.0567308315509754
2120,3420,6.53738055143103e-08,0.2831697054698457,0.0,23,2,0.0567308315509754
2242,3186,3.2868389683146533e-07,0.28632205913635395,0.0,23,2,0.0567308315509754
2616,3075,4.611241760757265e-08,0.2828919714165616,0.0,23,2,0.0567308315509754
2747,3223,5.0543457862344876e-08,0.2828919714165616,0.0,23,2,0.0567308315509754
2930,3431,6.987429165513777e-08,0.2828919714165616,0.0,23,2,0.0567308315509754
657,1171,4.165222449866771e-05,0.3624450228884301,0.0,24,2,0.0567308315509754
2266,2686,4.788204617839512e-08,0.28291179149443,0.0,24,2,0.0567308315509754
2281,2702,4.577304864251927e-08,0.28291179149443,0.0,24,2,0.0567308315509754
2308,2733,5.012160738998934e-08,0.28291179149443,0.0,24,2,0.0567308315509754
2364,2795,4.912383798914087e-08,0.28291179149443,0.0,24,2,0.0567308315509754
2386,2819,4.9901246733975116e-08,0.28291179149443,0.0,24,2,0.0567308315509754
2535,2984,5.0574547172859386e-08,0.28291179149443,0.0,24,2,0.0567308315509754
2554,3007,4.962671371087492e-08,0.28291179149443,0.0,24,2,0.0567308315509754
2559,3013,4.629258537321607e-08,0.28291179149443,0.0,24,2,0.0567308315509754
2734,3209,4.672928208784194e-08,0.28291179149443,0.0,24,2,0.0567308315509754
2782,3262,4.944694558758599e-08,0.28291179149443,0.0,24,2,0.0567308315509754
2847,3337,4.811709162959139e-08,0.28291179149443,0.0,24,2,0.0567308315509754
2118,3178,6.43135004314688e-08,0.28320942628699675,0.0,25,2,0.0567308315509754
2176,2764,4.136318118735074e-07,0.28727945361411494,0.0,25,2,0.0567308315509754
2381,2812,4.814655338124669e-08,0.28293161434977576,0.0,25,2,0.0567308315509754
2621,3081,5.1940619248324447e-08,0.28293161434977576,0.0,25,2,0.0567308315509754
2701,3170,5.077427304032745e-08,0.28293161434977576,0.0,25,2,0.0567308315509754
2736,3211,4.801431479907911e-08,0.28293161434977576,0.0,25,2,0.0567308315509754
2740,3215,4.737158883623138e-08,0.28293161434977576,0.0,25,2,0.0567308315509754
2796,3279,5.176053838715037e-08,0.28293161434977576,0.0,25,2,0.0567308315509754
2886,3379,4.8751401381803115e-08,0.28293161434977576,0.0,25,2,0.0567308315509754
2175,2734,6.338646641983509e-08,0.2834678834678835,0.0,26,2,0.0567308315509754
2237,3319,6.568533989175066e-08,0.2831498492391838,0.0,26,2,0.0567308315509754
2280,2701,5.0838445312065104e-08,0.2829514399831827,0.0,26,2,0.0567308315509754
2409,2845,5.480420582408538e-08,0.2829514399831827,0.0,26,2,0.0567308315509754
2746,3221,7.032631911062032e-08,0.2829514399831827,0.0,26,2,0.0567308315509754
2791,3273,4.8725801545637226e-08,0.2829514399831827,0.0,26,2,0.0567308315509754
1243,1758,2.102765838134821e-06,0.341826800981969,0.0,27,2,0.0567308315509754
2098,2775,8.300013805889338e-08,0.28354750368653886,0.0,27,2,0.0567308315509754
2115,2813,8.681600757465813e-08,0.2834678834678835,0.0,27,2,0.0567308315509754
2366,2797,5.1017073917018885e-08,0.28297126839523473,0.0,27,2,0.0567308315509754
2410,2846,4.7699476058351175e-08,0.28297126839523473,0.0,27,2,0.0567308315509754
2584,3041,4.9540231759703834e-08,0.28297126839523473,0.0,27,2,0.0567308315509754
2706,3176,4.860686053047184e-08,0.28297126839523473,0.0,27,2,0.0567308315509754
2802,3285,4.8002591192414885e-08,0.28297126839523473,0.0,27,2,0.0567308315509754
1128,1642,2.2630455987192756e-06,0.3418557399254995,0.0,28,2,0.0567308315509754
2264,2684,5.192262440832698e-08,0.28299109958651625,0.0,28,2,0.0567308315509754
2338,2768,5.4577196473788444e-08,0.28299109958651625,0.0,28,2,0.0567308315509754
2353,2784,4.9588799085471164e-08,0.28299109958651625,0.0,28,2,0.0567308315509754
2394,2829,4.920583486062959e-08,0.28299109958651625,0.0,28,2,0.0567308315509754
2749,3225,5.2772017069119066e-08,0.28299109958651625,0.0,28,2,0.0567308315509754
2780,3260,4.906639959587646e-08,0.28299109958651625,0.0,28,2,0.0567308315509754
476,990,1.8022580272471064e-06,0.34188468376936754,0.0,29,2,0.0567308315509754
2100,2892,8.198584964267767e-08,0.2835873305709671,0.0,29,2,0.0567308315509754
2407,2843,4.9650841873739993e-08,0.2830109335576114,0.0,29,2,0.0567308315509754
2408,2844,5.235133320575523e-08,0.2830109335576114,0.0,29,2,0.0567308315509754
2562,3016,5.140819727050777e-08,0.2830109335576114,0.0,29,2,0.0567308315509754
2793,3275,5.0798250161991236e-08,0.2830109335576114,0.0,29,2,0.0567308315509754
2915,3415,5.1693827824505054e-08,0.2830109335576114,0.0,29,2,0.0567308315509754
2235,2999,8.028777697483506e-08,0.28322929087465804,0.0,30,2,0.0567308315509754
2397,2832,4.9019336781899566e-08,0.28303077030910495,0.0,30,2,0.0567308315509754
2564,3018,5.439124592265616e-08,0.28303077030910495,0.0,30,2,0.0567308315509754
2660,3124,7.154965395269733e-08,0.28303077030910495,0.0,30,2,0.0567308315509754
2683,3148,4.992768064261903e-08,0.28303077030910495,0.0,30,2,0.0567308315509754
2695,3160,5.263113506031768e-08,0.28303077030910495,0.0,30,2,0.0567308315509754
2072,3248,3.433735989183105e-07,0.28644392423919984,0.0,31,2,0.0567308315509754
2270,2690,5.1308179541177476e-08,0.28305060984158137,0.0,31,2,0.0567308315509754
2288,2711,4.9876610594553646e-08,0.28305060984158137,0.0,31,2,0.0567308315509754
2290,2713,4.9930138401969896e-08,0.28305060984158137,0.0,31,2,0.0567308315509754
2313,2739,4.9892793482114463e-08,0.28305060984158137,0.0,31,2,0.0567308315509754
2401,2836,5.003020092369573e-08,0.28305060984158137,0.0,31,2,0.0567308315509754
2405,2841,4.976079363597584e-08,0.28305060984158137,0.0,31,2,0.0567308315509754
2729,3203,5.090484467423743e-08,0.28305060984158137,0.0,31,2,0.0567308315509754
2779,3259,5.252461981259466e-08,0.28305060984158137,0.0,31,2,0.0567308315509754
2783,3264,5.0222021601163736e-08,0.28305060984158137,0.0,31,2,0.0567308315509754
2851,3341,5.051713285763353e-08,0.28305060984158137,0.0,31,2,0.0567308315509754
2884,3377,5.217234150272716e-08,0.28305060984158137,0.0,31,2,0.0567308315509754
2179,3062,7.118130079132172e-08,0.2835873305709671,0.0,32,2,0.0567308315509754
2292,2715,4.897830798717846e-08,0.28307045215562565,0.0,32,2,0.0567308315509754
2776,3255,5.087923429865445e-08,0.28307045215562565,0.0,32,2,0.0567308315509754
2826,3313,5.1718615305597187e-08,0.28307045215562565,0.0,32,2,0.0567308315509754
1020,1534,4.633749330698995e-05,0.36460496613995486,0.0,33,2,0.0567308315509754
2352,2783,5.240846139871783e-08,0.2830902972518228,0.0,33,2,0.0567308315509754
2404,2840,5.2868701165392456e-08,0.2830902972518228,0.0,33,2,0.0567308315509754
1142,1656,2.9622368209903847e-06,0.3420294765373539,0.0,34,2,0.0567308315509754
2104,3100,3.6804661754406745e-07,0.2871364573704046,0.0,34,2,0.0567308315509754
2250,2668,4.896232877536186e-08,0.2831101451307579,0.0,34,2,0.0567308315509754
2285,2708,5.644600253377121e-08,0.2831101451307579,0.0,34,2,0.0567308315509754
2342,2772,4.939710902959468e-08,0.2831101451307579,0.0,34,2,0.0567308315509754
2714,3187,5.1239120655401694e-08,0.2831101451307579,0.0,34,2,0.0567308315509754
2102,3001,8.712350254521919e-08,0.2837068783812267,0.0,35,2,0.0567308315509754
2324,2751,5.169188470181868e-08,0.2831299957930164,0.0,35,2,0.0567308315509754
2737,3212,5.199388024321107e-08,0.2831299957930164,0.0,35,2,0.0567308315509754
2856,3346,5.544972570496735e-08,0.2831299957930164,0.0,35,2,0.0567308315509754
1152,1666,4.574539269477902e-05,0.3647037572254335,0.0,36,2,0.0567308315509754
2110,3331,8.705185173901018e-08,0.2837268128161889,0.0,36,2,0.0567308315509754
2178,3020,3.5891073053411005e-07,0.2870752168349211,0.0,37,2,0.0567308315509754
2244,2662,5.371005006976828e-08,0.2831697054698457,0.0,37,2,0.0567308315509754
2254,2672,5.571994820624399e-08,0.2831697054698457,0.0,37,2,0.0567308315509754
2295,2718,8.347792588111634e-08,0.2831697054698457,0.0,37,2,0.0567308315509754
2589,3046,5.3695164090156153e-08,0.2831697054698457,0.0,37,2,0.0567308315509754
2626,3086,5.663615465424076e-08,0.2831697054698457,0.0,37,2,0.0567308315509754
2257,2675,5.202114171386895e-08,0.2831895644855881,0.0,38,2,0.0567308315509754
2303,2728,5.2481763607155685e-08,0.2831895644855881,0.0,38,2,0.0567308315509754
2389,2823,5.635866577575526e-08,0.2831895644855881,0.0,38,2,0.0567308315509754
2900,3395,5.521631913031683e-08,0.2831895644855881,0.0,38,2,0.0567308315509754
2180,3079,7.154233353020478e-08,0.2837268128161889,0.0,39,2,0.0567308315509754
2429,2865,6.006363523142621e-08,0.28320942628699675,0.0,39,2,0.0567308315509754
2547,2996,5.5287776134948e-08,0.28320942628699675,0.0,39,2,0.0567308315509754
2744,3219,5.561536728334225e-08,0.28320942628699675,0.0,39,2,0.0567308315509754
2829,3316,5.8865487409329814e-08,0.28320942628699675,0.0,39,2,0.0567308315509754
2480,2921,5.732245301094423e-08,0.28322929087465804,0.0,40,2,0.0567308315509754
2491,2932,5.5895866538188955e-08,0.28322929087465804,0.0,40,2,0.0567308315509754
2718,3191,5.8269946641441336e-08,0.28322929087465804,0.0,40,2,0.0567308315509754
2723,3196,5.7680527057941153e-08,0.28322929087465804,0.0,40,2,0.0567308315509754
2921,3422,5.6448068309713076e-08,0.28322929087465804,0.0,40,2,0.0567308315509754
2121,2976,8.784575017479863e-08,0.28384647827920706,0.0,41,2,0.0567308315509754
2239,3097,7.552215547929414e-08,0.2835873305709671,0.0,41,2,0.0567308315509754
2340,2770,6.080263329635066e-08,0.28324915824915825,0.0,41,2,0.0567308315509754
2473,2914,5.843679391339061e-08,0.28324915824915825,0.0,41,2,0.0567308315509754
2707,3177,5.595976573375147e-08,0.28324915824915825,0.0,41,2,0.0567308315509754
2732,3207,5.4239469557755215e-08,0.28324915824915825,0.0,41,2,0.0567308315509754
2810,3296,5.7865979381015636e-08,0.28324915824915825,0.0,41,2,0.0567308315509754
2122,3011,9.554159273436015e-08,0.2838664323374341,0.0,42,2,0.0567308315509754
2434,2871,5.502134455847494e-08,0.2832690284110838,0.0,42,2,0.0567308315509754
2515,2958,5.8655841120254344e-08,0.2832690284110838,0.0,42,2,0.0567308315509754
2066,3005,8.505029641536528e-08,0.2838265270260772,0.0,43,2,0.0567308315509754
2117,3034,8.083096064814185e-08,0.28356741573033706,0.0,43,2,0.0567308315509754
2876,3369,5.422756463823765e-08,0.2832889013610215,0.0,43,2,0.0567308315509754
2289,2712,5.9481898391029845e-08,0.283308777099558,0.0,44,2,0.0567308315509754
2354,2785,5.679711044067373e-08,0.283308777099558,0.0,44,2,0.0567308315509754
2512,2955,5.7592588902068e-08,0.283308777099558,0.0,44,2,0.0567308315509754
2524,2970,6.196863126421189e-08,0.283308777099558,0.0,44,2,0.0567308315509754
2654,3118,6.476870441676522e-08,0.283308777099558,0.0,44,2,0.0567308315509754
2790,3272,5.6427289070284295e-08,0.283308777099558,0.0,44,2,0.0567308315509754
2114,3412,8.850153665463747e-08,0.2839063488715461,0.0,45,2,0.0567308315509754
2444,2881,5.9153386692519676e-08,0.2833286556272804,0.0,45,2,0.0567308315509754
2812,3298,5.8424703271548516e-08,0.2833286556272804,0.0,45,2,0.0567308315509754
2108,3295,9.146526868383337e-08,0.28392631134861485,0.0,46,2,0.0567308315509754
2330,2758,5.758725507997967e-08,0.2833485369447758,0.0,46,2,0.0567308315509754
2613,3072,6.549315674299681e-08,0.2833485369447758,0.0,46,2,0.0567308315509754
2873,3365,5.56124358150963e-08,0.2833485369447758,0.0,46,2,0.0567308315509754
2183,3258,3.621328523362993e-07,0.28727945361411494,0.0,47,2,0.0567308315509754
2335,2765,6.279644908231237e-08,0.2833684210526316,0.0,47,2,0.0567308315509754
2730,3204,6.080308613660708e-08,0.2833684210526316,0.0,47,2,0.0567308315509754
2106,3168,1.0571758883078647e-07,0.28446636139485737,0.0,48,2,0.0567308315509754
2189,3265,3.4678499235330786e-07,0.28674904132935664,0.0,48,2,0.0567308315509754
2507,2950,6.356992870755789e-08,0.2833883079514352,0.0,48,2,0.0567308315509754
2804,3287,6.357267239972918e-08,0.2833883079514352,0.0,48,2,0.0567308315509754
2805,3288,6.110513705231793e-08,0.2833883079514352,0.0,48,2,0.0567308315509754
2297,2720,6.309356236071604e-08,0.2834081976417743,0.0,49,2,0.0567308315509754
2356,2787,5.99068832660543e-08,0.2834081976417743,0.0,49,2,0.0567308315509754
2639,3102,6.505480724059392e-08,0.2834081976417743,0.0,49,2,0.0567308315509754
2247,2665,6.49635659803673e-08,0.2834280901242367,0.0,50,2,0.0567308315509754
2565,3021,6.662936235357058e-08,0.2834280901242367,0.0,50,2,0.0567308315509754
2839,3327,5.705546748920115e-08,0.2834280901242367,0.0,50,2,0.0567308315509754
2627,3087,5.939961288912522e-08,0.28344798539941035,0.0,51,2,0.0567308315509754
2644,3107,6.150816623985855e-08,0.28344798539941035,0.0,51,2,0.0567308315509754
2715,3188,6.219221213869697e-08,0.28344798539941035,0.0,51,2,0.0567308315509754
2731,3206,6.359310718678288e-08,0.28344798539941035,0.0,51,2,0.0567308315509754
2774,3253,6.544723927822664e-08,0.28344798539941035,0.0,51,2,0.0567308315509754
2184,3386,7.970110083263009e-08,0.283986215626978,0.0,52,2,0.0567308315509754
2241,3111,3.4260165960690593e-07,0.2869120363791388,0.0,52,2,0.0567308315509754
2325,2753,6.614937464473469e-08,0.2834678834678835,0.0,52,2,0.0567308315509754
2438,2875,6.824444691836155e-08,0.2834678834678835,0.0,52,2,0.0567308315509754
2629,3089,6.488935975501753e-08,0.2834678834678835,0.0,52,2,0.0567308315509754
2908,3403,7.059584354666164e-08,0.2834678834678835,0.0,52,2,0.0567308315509754
2190,3385,3.5885978407660506e-07,0.28699360341151386,0.0,53,2,0.0567308315509754
2896,3391,6.45989568807049e-08,0.2834877843302443,0.0,53,2,0.0567308315509754
2916,3416,6.766831566112594e-08,0.2834877843302443,0.0,53,2,0.0567308315509754
2238,3355,7.819586819762576e-08,0.2837068783812267,0.0,54,2,0.0567308315509754
2781,3261,6.541005795893346e-08,0.28350768798708137,0.0,54,2,0.0567308315509754
2888,3381,8.95839301490515e-08,0.28350768798708137,0.0,54,2,0.0567308315509754
2618,3077,6.601546116758166e-08,0.2835275944389833,0.0,55,2,0.0567308315509754
2748,3224,6.532204246961603e-08,0.2835275944389833,0.0,55,2,0.0567308315509754
2105,3162,9.341410223079785e-08,0.2841460840194216,0.0,57,2,0.0567308315509754
2073,3263,7.098927901315528e-07,0.28779131922172335,0.0,58,2,0.0567308315509754
2540,2989,6.576543464514571e-08,0.2835873305709671,0.0,58,2,0.0567308315509754
991,1505,2.490081597135221e-06,0.34275528393175453,0.0,59,2,0.0567308315509754
2349,2780,6.641396695788501e-08,0.2836072482090181,0.0,59,2,0.0567308315509754
2365,2796,7.064178921947146e-08,0.2836271686450797,0.0,60,2,0.0567308315509754
2495,2936,6.742530304166092e-08,0.2836271686450797,0.0,60,2,0.0567308315509754
2813,3299,6.426201034648397e-08,0.2836271686450797,0.0,60,2,0.0567308315509754
2885,3378,6.7781576045219e-08,0.2836271686450797,0.0,60,2,0.0567308315509754
2454,2894,9.021047171581911e-08,0.2836470918797415,0.0,61,2,0.0567308315509754
2542,2991,7.241683959534238e-08,0.2836470918797415,0.0,61,2,0.0567308315509754
2651,3115,7.000127327045474e-08,0.2836470918797415,0.0,61,2,0.0567308315509754
2681,3146,6.930584662052469e-08,0.2836470918797415,0.0,61,2,0.0567308315509754
2700,3169,7.411586596249176e-08,0.2836470918797415,0.0,61,2,0.0567308315509754
2068,3136,7.692832799583342e-08,0.2837268128161889,0.0,62,2,0.0567308315509754
2111,3366,9.752762709590101e-08,0.28424609320005634,0.0,62,2,0.0567308315509754
2417,2853,7.224867401418074e-08,0.2836670179135933,0.0,62,2,0.0567308315509754
2611,3070,7.008002236952085e-08,0.2836670179135933,0.0,62,2,0.0567308315509754
2643,3106,6.796009932015121e-08,0.2836670179135933,0.0,62,2,0.0567308315509754
2762,3239,7.22246747384284e-08,0.2836670179135933,0.0,62,2,0.0567308315509754
2842,3332,6.993565008332978e-08,0.2836670179135933,0.0,62,2,0.0567308315509754
2863,3353,6.87153777987164e-08,0.2836670179135933,0.0,62,2,0.0567308315509754
2912,3411,6.884000300875502e-08,0.2836670179135933,0.0,62,2,0.0567308315509754
2107,3233,9.701163515089058e-08,0.2842661034846885,0.0,63,2,0.0567308315509754
2496,2937,7.194670105170718e-08,0.28368694674722494,0.0,63,2,0.0567308315509754
2739,3214,6.398409688126632e-08,0.28368694674722494,0.0,63,2,0.0567308315509754
2777,3256,6.476764286531053e-08,0.28368694674722494,0.0,63,2,0.0567308315509754
2792,3274,6.852554165332447e-08,0.28368694674722494,0.0,63,2,0.0567308315509754
2811,3297,7.480636286194724e-08,0.28368694674722494,0.0,63,2,0.0567308315509754
2919,3419,7.232586868238034e-08,0.28368694674722494,0.0,63,2,0.0567308315509754
2845,3335,9.883442368740908e-08,0.2837268128161889,0.0,65,2,0.0567308315509754
2855,3345,6.52948686658093e-08,0.2837268128161889,0.0,65,2,0.0567308315509754
2350,2781,7.519768861521344e-08,0.28374675005270183,0.0,66,2,0.0567308315509754
2571,3027,6.611355525437191e-08,0.28374675005270183,0.0,66,2,0.0567308315509754
2763,3240,7.012027274134089e-08,0.28374675005270183,0.0,66,2,0.0567308315509754
2769,3247,7.216791059094803e-08,0.28374675005270183,0.0,66,2,0.0567308315509754
2816,3302,7.732290577880394e-08,0.2837666900913563,0.0,67,2,0.0567308315509754
2123,3179,9.890757202557027e-08,0.2840261658577759,0.0,68,2,0.0567308315509754
2649,3113,7.334580532358848e-08,0.283786632932743,0.0,68,2,0.0567308315509754
2710,3182,7.543308536796408e-08,0.283786632932743,0.0,68,2,0.0567308315509754
2852,3342,6.857091593317574e-08,0.283786632932743,0.0,68,2,0.0567308315509754
2497,2939,7.580094712248305e-08,0.2838065785774529,0.0,69,2,0.0567308315509754
2680,3145,7.918210973297264e-08,0.2838065785774529,0.0,69,2,0.0567308315509754
2833,3321,6.723051453024597e-08,0.2838065785774529,0.0,69,2,0.0567308315509754
2096,2724,1.033096845103259e-07,0.28440625440202844,0.0,70,2,0.0567308315509754
2099,2869,3.8647929474965845e-07,0.2878733870392814,0.0,70,2,0.0567308315509754
2103,3019,1.1681977375045639e-07,0.28490792351654554,0.0,70,2,0.0567308315509754
2113,3406,1.0540736095684354e-07,0.28440625440202844,0.0,70,2,0.0567308315509754
2256,2674,7.578836290643172e-08,0.2838265270260772,0.0,70,2,0.0567308315509754
2563,3017,7.458519619163424e-08,0.2838265270260772,0.0,70,2,0.0567308315509754
2656,3120,7.313550665442748e-08,0.28384647827920706,0.0,71,2,0.0567308315509754
2675,3140,6.829120405608921e-08,0.28384647827920706,0.0,71,2,0.0567308315509754
2795,3277,7.597612150566843e-08,0.28384647827920706,0.0,71,2,0.0567308315509754
2463,2904,6.73615470397216e-08,0.2838664323374341,0.0,72,2,0.0567308315509754
2543,2992,7.390077067352876e-08,0.2838664323374341,0.0,72,2,0.0567308315509754
2551,3002,7.631521728847284e-08,0.2838664323374341,0.0,72,2,0.0567308315509754
2703,3172,7.475400613982648e-08,0.2838664323374341,0.0,72,2,0.0567308315509754
2785,3267,7.606903853038977e-08,0.2838664323374341,0.0,72,2,0.0567308315509754
2526,2973,7.323938107599544e-08,0.28388638920134984,0.0,73,2,0.0567308315509754
2869,3360,7.405680462860127e-08,0.2839063488715461,0.0,74,2,0.0567308315509754
2321,2748,7.362576028559487e-08,0.28392631134861485,0.0,75,2,0.0567308315509754
2592,3049,7.879966218233263e-08,0.28394627663314814,0.0,76,2,0.0567308315509754
2854,3344,7.446014248752377e-08,0.28394627663314814,0.0,76,2,0.0567308315509754
2857,3347,7.748900717209317e-08,0.28394627663314814,0.0,76,2,0.0567308315509754
2901,3396,7.83117741084388e-08,0.28394627663314814,0.0,76,2,0.0567308315509754
2461,2901,9.544634962144683e-08,0.2839662447257384,0.0,77,2,0.0567308315509754
2393,2828,7.984141191373732e-08,0.283986215626978,0.0,78,2,0.0567308315509754
2602,3060,7.998261984334358e-08,0.283986215626978,0.0,78,2,0.0567308315509754
2713,3185,8.455041418735562e-08,0.2840261658577759,0.0,80,2,0.0567308315509754
2413,2849,8.105145528528557e-08,0.28404614518852,0.0,81,2,0.0567308315509754
2398,2833,8.35473535142099e-08,0.2840661273302849,0.0,82,2,0.0567308315509754
2860,3350,8.556238238276006e-08,0.2840661273302849,0.0,82,2,0.0567308315509754
2668,3132,8.235241013030613e-08,0.2841061000492507,0.0,84,2,0.0567308315509754
2861,3351,8.212733664781391e-08,0.2841061000492507,0.0,84,2,0.0567308315509754
2687,3152,8.276186915544537e-08,0.2841260906276386,0.0,85,2,0.0567308315509754
2617,3076,8.254785241410939e-08,0.2841460840194216,0.0,86,2,0.0567308315509754
2725,3198,7.797397317803735e-08,0.2841460840194216,0.0,86,2,0.0567308315509754
2773,3252,8.491917699497994e-08,0.2841460840194216,0.0,86,2,0.0567308315509754
2581,3038,7.959658853091096e-08,0.2841860792455486,0.0,88,2,0.0567308315509754
2305,2730,7.707243865168492e-08,0.2842060810810811,0.0,89,2,0.0567308315509754
2685,3150,8.726562538751989e-08,0.2842060810810811,0.0,89,2,0.0567308315509754
2578,3035,8.421117151002142e-08,0.28422608573238545,0.0,90,2,0.0567308315509754
2689,3154,7.727494655680358e-08,0.28424609320005634,0.0,91,2,0.0567308315509754
2236,3201,1.0524580093993515e-07,0.28446636139485737,0.0,92,2,0.0567308315509754
2841,3330,8.323585961287505e-08,0.2842861165868769,0.0,93,2,0.0567308315509754
2293,2716,8.457367416160337e-08,0.28432615124630334,0.0,95,2,0.0567308315509754
2347,2778,9.109904470129357e-08,0.28432615124630334,0.0,95,2,0.0567308315509754
2243,2661,8.867982767002121e-08,0.28440625440202844,0.0,99,2,0.0567308315509754
2362,2793,8.454673353201321e-08,0.28440625440202844,0.0,99,2,0.0567308315509754
2296,2719,9.352368936567297e-08,0.2844262872437839,0.0,100,2,0.0567308315509754
2594,3051,8.915547615249118e-08,0.28444632290786137,0.0,101,2,0.0567308315509754
2508,2951,8.651610263734842e-08,0.28446636139485737,0.0,102,2,0.0567308315509754
2652,3116,9.151035609802695e-08,0.28448640270536846,0.0,103,2,0.0567308315509754
2427,2863,9.000117074878375e-08,0.28450644683999154,0.0,104,2,0.0567308315509754
2797,3280,9.138254743267126e-08,0.2845665961945032,0.0,107,2,0.0567308315509754
2933,3434,9.126235994442975e-08,0.2845665961945032,0.0,107,2,0.0567308315509754
2832,3320,9.905479928044641e-08,0.2846869712351946,0.0,113,2,0.0567308315509754
2902,3397,9.562728205218838e-08,0.28472711888309127,0.0,115,2,0.0567308315509754
2315,2742,9.636070359475009e-08,0.2847471969536704,0.0,116,2,0.0567308315509754
2622,3082,9.554173995259882e-08,0.2847471969536704,0.0,116,2,0.0567308315509754
2806,3291,9.293034731907109e-08,0.28480744815911974,0.0,119,2,0.0567308315509754
2188,3101,3.889621870838415e-07,0.288263849229012,0.0,122,2,0.0567308315509754
351,1684,6.124396592435564e-06,0.39360561458231796,0.0,792,2,0.0567308315509754
397,911,1.0301327431937693e-06,0.31495203182279075,0.0,1,3,0.0783018867924528
404,918,1.0301327431937693e-06,0.31495203182279075,0.0,1,3,0.0783018867924528
582,1096,1.0301327431937693e-06,0.31495203182279075,0.0,1,3,0.0783018867924528
605,1119,1.0301327431937693e-06,0.31495203182279075,0.0,1,3,0.0783018867924528
631,1145,1.0301327431937693e-06,0.31495203182279075,0.0,1,3,0.0783018867924528
692,1206,1.0301327431937693e-06,0.31495203182279075,0.0,1,3,0.0783018867924528
872,1386,1.0301327431937693e-06,0.31495203182279075,0.0,1,3,0.0783018867924528
952,1466,1.0301327431937693e-06,0.31495203182279075,0.0,1,3,0.0783018867924528
1046,1560,1.0301327431937693e-06,0.31495203182279075,0.0,1,3,0.0783018867924528
1067,1581,1.0301327431937693e-06,0.31495203182279075,0.0,1,3,0.0783018867924528
1319,1834,1.0301327431937693e-06,0.31495203182279075,0.0,1,3,0.0783018867924528
551,1065,1.0372437635931166e-06,0.3149765990639626,0.0,2,3,0.0783018867924528
662,1176,1.0426750881422673e-06,0.3149765990639626,0.0,2,3,0.0783018867924528
710,1224,1.0367190654912755e-06,0.3149765990639626,0.0,2,3,0.0783018867924528
719,1233,1.0412451063389828e-06,0.3153948293368742,0.0,2,3,0.0783018867924528
748,1262,1.3431242732143065e-06,0.3149765990639626,0.0,2,3,0.0783018867924528
756,1270,1.0383012157129965e-06,0.3149765990639626,0.0,2,3,0.0783018867924528
762,1276,1.1338548110606992e-06,0.3149765990639626,0.0,2,3,0.0783018867924528
812,1326,1.0401287483005587e-06,0.3149765990639626,0.0,2,3,0.0783018867924528
880,1394,1.036772900463058e-06,0.3149765990639626,0.0,2,3,0.0783018867924528
881,1395,1.2417694781033477e-06,0.3149765990639626,0.0,2,3,0.0783018867924528
1044,1558,1.043105310491099e-06,0.3149765990639626,0.0,2,3,0.0783018867924528
1175,1690,1.0677491378731129e-06,0.3149765990639626,0.0,2,3,0.0783018867924528
1240,1755,1.0414878872029617e-06,0.3149765990639626,0.0,2,3,0.0783018867924528
1339,1854,1.037948020312539e-06,0.3149765990639626,0.0,2,3,0.0783018867924528
390,904,1.0694471170071896e-06,0.31527170518425984,0.0,3,3,0.0783018867924528
513,1027,1.0431622103726847e-06,0.31500117013807627,0.0,3,3,0.0783018867924528
532,1046,1.0430364803372387e-06,0.31500117013807627,0.0,3,3,0.0783018867924528
557,1071,1.046574204941435e-06,0.31500117013807627,0.0,3,3,0.0783018867924528
694,1208,1.0430612442078499e-06,0.31500117013807627,0.0,3,3,0.0783018867924528
738,1252,1.0459098263663175e-06,0.31500117013807627,0.0,3,3,0.0783018867924528
739,1253,1.0465742049416451e-06,0.31500117013807627,0.0,3,3,0.0783018867924528
839,1353,1.049262801663322e-06,0.31500117013807627,0.0,3,3,0.0783018867924528
848,1362,1.0503493169354027e-06,0.31500117013807627,0.0,3,3,0.0783018867924528
1032,1546,1.0439420569788164e-06,0.31500117013807627,0.0,3,3,0.0783018867924528
1072,1586,1.0430364803369846e-06,0.31500117013807627,0.0,3,3,0.0783018867924528
1113,1627,1.043162210372512e-06,0.31500117013807627,0.0,3,3,0.0783018867924528
1178,1693,1.0433743912319354e-06,0.31500117013807627,0.0,3,3,0.0783018867924528
1245,1760,1.0719100814271683e-06,0.31500117013807627,0.0,3,3,0.0783018867924528
431,945,1.0564724335295788e-06,0.31502574504602904,0.0,4,3,0.0783018867924528
488,1002,1.0496258390670362e-06,0.31502574504602904,0.0,4,3,0.0783018867924528
508,1022,1.1753545295109044e-06,0.3154441059292243,0.0,4,3,0.0783018867924528
591,1105,1.0496258390668837e-06,0.31502574504602904,0.0,4,3,0.0783018867924528
680,1194,1.0521941904863809e-06,0.31502574504602904,0.0,4,3,0.0783018867924528
686,1200,1.1114249744007942e-06,0.31502574504602904,0.0,4,3,0.0783018867924528
960,1474,1.0508384442881728e-06,0.31502574504602904,0.0,4,3,0.0783018867924528
996,1510,1.0841105113339834e-06,0.31502574504602904,0.0,4,3,0.0783018867924528
1198,1713,1.3357282393503985e-06,0.31502574504602904,0.0,4,3,0.0783018867924528
396,910,1.0812609829341294e-06,0.3150503237887181,0.0,5,3,0.0783018867924528
543,1057,1.066481057512405e-06,0.3150503237887181,0.0,5,3,0.0783018867924528
633,1147,1.0915610015446754e-06,0.3150503237887181,0.0,5,3,0.0783018867924528
750,1264,1.059780959667559e-06,0.3150503237887181,0.0,5,3,0.0783018867924528
781,1295,1.0591318651617532e-06,0.3150503237887181,0.0,5,3,0.0783018867924528
840,1354,1.0650880471684923e-06,0.3150503237887181,0.0,5,3,0.0783018867924528
903,1417,1.3843595649758805e-06,0.3150503237887181,0.0,5,3,0.0783018867924528
1093,1607,1.0583986727330369e-06,0.3150503237887181,0.0,5,3,0.0783018867924528
1143,1657,1.081260982934065e-06,0.3150503237887181,0.0,5,3,0.0783018867924528
1196,1711,1.3263470858553653e-06,0.3150503237887181,0.0,5,3,0.0783018867924528
1261,1776,1.081260982934248e-06,0.3150503237887181,0.0,5,3,0.0783018867924528
473,987,1.0787322423029958e-06,0.3152470918885159,0.0,6,3,0.0783018867924528
654,1168,1.0713621091136914e-06,0.3150749063670412,0.0,6,3,0.0783018867924528
740,1254,1.2481400000668135e-06,0.3150749063670412,0.0,6,3,0.0783018867924528
749,1263,1.1987757842667066e-06,0.3150749063670412,0.0,6,3,0.0783018867924528
1150,1664,1.071941526378527e-06,0.3150749063670412,0.0,6,3,0.0783018867924528
1244,1759,1.067309796728878e-06,0.3150749063670412,0.0,6,3,0.0783018867924528
1340,1855,1.1145655683135707e-06,0.3161851068827813,0.0,6,3,0.0783018867924528
1375,1890,1.0724837420355102e-06,0.3150749063670412,0.0,6,3,0.0783018867924528
421,935,1.1267716181466427e-06,0.3150994927818962,0.0,7,3,0.0783018867924528
423,937,1.0762682424780535e-06,0.3150994927818962,0.0,7,3,0.0783018867924528
471,985,1.075725615988451e-06,0.3150994927818962,0.0,7,3,0.0783018867924528
726,1240,1.0781885136012437e-06,0.3154441059292243,0.0,7,3,0.0783018867924528
858,1372,1.0800365311448328e-06,0.3150994927818962,0.0,7,3,0.0783018867924528
539,1053,1.3577306105416926e-06,0.3151978768246039,0.0,8,3,0.0783018867924528
589,1103,1.0986947770170323e-06,0.31554270532155976,0.0,8,3,0.0783018867924528
648,1162,1.1682590737664212e-06,0.3151240830341814,0.0,8,3,0.0783018867924528
734,1248,1.1189698366821064e-06,0.3151240830341814,0.0,8,3,0.0783018867924528
900,1414,1.1141377304899742e-06,0.3151240830341814,0.0,8,3,0.0783018867924528
1126,1640,1.0858359339850286e-06,0.3151240830341814,0.0,8,3,0.0783018867924528
1216,1731,1.1721686677782568e-06,0.3151240830341814,0.0,8,3,0.0783018867924528
398,912,1.1560415783343505e-06,0.3151486771247951,0.0,9,3,0.0783018867924528
502,1016,1.0848655834983838e-06,0.3151486771247951,0.0,9,3,0.0783018867924528
579,1093,1.1226331616546112e-06,0.3151486771247951,0.0,9,3,0.0783018867924528
597,1111,1.2654636427487393e-06,0.3151486771247951,0.0,9,3,0.0783018867924528
640,1154,1.0995029573727358e-06,0.3151486771247951,0.0,9,3,0.0783018867924528
688,1202,1.6230907568409522e-06,0.3151486771247951,0.0,9,3,0.0783018867924528
889,1403,1.084865583498167e-06,0.3151486771247951,0.0,9,3,0.0783018867924528
929,1443,1.0990639251146405e-06,0.3151486771247951,0.0,9,3,0.0783018867924528
1381,1896,1.0934972187308646e-06,0.3151486771247951,0.0,9,3,0.0783018867924528
441,955,1.2731034167680798e-06,0.31517327505463627,0.0,10,3,0.0783018867924528
442,956,1.0931816934524201e-06,0.31517327505463627,0.0,10,3,0.0783018867924528
465,979,1.0944591117003996e-06,0.31517327505463627,0.0,10,3,0.0783018867924528
828,1342,1.215484057533865e-06,0.31517327505463627,0.0,10,3,0.0783018867924528
854,1368,1.2731034167676393e-06,0.31517327505463627,0.0,10,3,0.0783018867924528
1048,1562,1.567332523248074e-06,0.31517327505463627,0.0,10,3,0.0783018867924528
1273,1788,1.2752248203704042e-06,0.31517327505463627,0.0,10,3,0.0783018867924528
1299,1814,1.1978870722289112e-06,0.31517327505463627,0.0,10,3,0.0783018867924528
1325,1840,1.0992923107410777e-06,0.31517327505463627,0.0,10,3,0.0783018867924528
460,974,1.1178662190876868e-06,0.3151978768246039,0.0,11,3,0.0783018867924528
472,986,1.1430275633502126e-06,0.3151978768246039,0.0,11,3,0.0783018867924528
516,1030,1.3136471932657322e-06,0.3151978768246039,0.0,11,3,0.0783018867924528
580,1094,1.151018952075678e-06,0.3151978768246039,0.0,11,3,0.0783018867924528
620,1134,1.1140840625553352e-06,0.3151978768246039,0.0,11,3,0.0783018867924528
704,1218,1.1045322914175361e-06,0.3151978768246039,0.0,11,3,0.0783018867924528
754,1268,1.1923559231249392e-06,0.3166810446239511,0.0,11,3,0.0783018867924528
1085,1599,1.229893445454578e-06,0.3151978768246039,0.0,11,3,0.0783018867924528
1372,1887,1.1496050364488724e-06,0.3151978768246039,0.0,11,3,0.0783018867924528
395,909,1.292788338801287e-06,0.3152224824355972,0.0,12,3,0.0783018867924528
429,943,1.1506590112855868e-06,0.3152224824355972,0.0,12,3,0.0783018867924528
499,1013,4.648230902019537e-05,0.3376536499707333,0.0,12,3,0.0783018867924528
529,1043,1.2888621227141363e-06,0.3152224824355972,0.0,12,3,0.0783018867924528
531,1045,1.3197509828118388e-06,0.3152224824355972,0.0,12,3,0.0783018867924528
730,1244,1.139351548669171e-06,0.3152224824355972,0.0,12,3,0.0783018867924528
850,1364,1.426791676493293e-06,0.3152224824355972,0.0,12,3,0.0783018867924528
870,1384,1.5947220698609244e-06,0.315962441314554,0.0,12,3,0.0783018867924528
985,1499,1.1077900922113608e-06,0.3152224824355972,0.0,12,3,0.0783018867924528
1181,1696,1.251407686375022e-06,0.3152224824355972,0.0,12,3,0.0783018867924528
576,1090,1.12961362462156e-06,0.3152470918885159,0.0,13,3,0.0783018867924528
978,1492,1.4961312099213882e-06,0.31695447409733124,0.0,13,3,0.0783018867924528
1233,1748,1.1354964253071278e-06,0.3152470918885159,0.0,13,3,0.0783018867924528
1234,1749,1.1310293315344012e-06,0.3152470918885159,0.0,13,3,0.0783018867924528
491,1005,1.148724656693549e-06,0.31527170518425984,0.0,14,3,0.0783018867924528
575,1089,1.1413444778285446e-06,0.31527170518425984,0.0,14,3,0.0783018867924528
624,1138,1.125599105765331e-06,0.31527170518425984,0.0,14,3,0.0783018867924528
629,1143,1.3739481251624023e-06,0.31583887368009383,0.0,14,3,0.0783018867924528
1224,1739,1.1546444163318168e-06,0.31527170518425984,0.0,14,3,0.0783018867924528
1293,1808,4.983330307252016e-06,0.33416087388282023,0.0,14,3,0.0783018867924528
1386,1901,1.4442876370860442e-06,0.31583887368009383,0.0,14,3,0.0783018867924528
417,931,1.1797429374294424e-06,0.315937720053204,0.0,15,3,0.0783018867924528
528,1042,1.2231826561140184e-06,0.31529632232372923,0.0,15,3,0.0783018867924528
663,1177,1.142276549332067e-06,0.31529632232372923,0.0,15,3,0.0783018867924528
683,1197,2.917512562260467e-05,0.33303092783505156,0.0,15,3,0.0783018867924528
720,1234,1.1816421414287945e-06,0.31529632232372923,0.0,15,3,0.0783018867924528
735,1249,1.1799026463881198e-06,0.31529632232372923,0.0,15,3,0.0783018867924528
871,1385,1.6217733709618868e-06,0.3157647794807632,0.0,15,3,0.0783018867924528
1354,1869,1.2094992439410442e-06,0.31529632232372923,0.0,15,3,0.0783018867924528
1374,1889,1.13448262803849e-06,0.31529632232372923,0.0,15,3,0.0783018867924528
400,914,1.344332129251287e-06,0.31532094330782445,0.0,16,3,0.0783018867924528
451,965,1.2304069035684443e-06,0.31532094330782445,0.0,16,3,0.0783018867924528
486,1000,1.1486899422664425e-06,0.31532094330782445,0.0,16,3,0.0783018867924528
493,1007,1.26000161108831e-06,0.31532094330782445,0.0,16,3,0.0783018867924528
1241,1756,1.184892571955225e-06,0.31532094330782445,0.0,16,3,0.0783018867924528
1314,1829,1.2428578880035155e-06,0.31532094330782445,0.0,16,3,0.0783018867924528
1315,1830,1.3657015672150608e-06,0.3159130026599906,0.0,16,3,0.0783018867924528
425,939,1.2175194515710579e-06,0.3153455681374463,0.0,17,3,0.0783018867924528
426,940,1.2542425236745705e-06,0.3153455681374463,0.0,17,3,0.0783018867924528
638,1152,1.3907128555006414e-06,0.3153455681374463,0.0,17,3,0.0783018867924528
964,1478,1.2194291437166704e-06,0.3153455681374463,0.0,17,3,0.0783018867924528
967,1481,1.2015083451141194e-06,0.3153455681374463,0.0,17,3,0.0783018867924528
627,1141,1.1843397833154688e-06,0.31537019681349576,0.0,18,3,0.0783018867924528
1132,1646,1.7725990534953104e-06,0.31537019681349576,0.0,18,3,0.0783018867924528
655,1169,1.226497713805502e-06,0.3160366283165062,0.0,19,3,0.0783018867924528
1144,1658,1.940656764077679e-06,0.3163337250293772,0.0,19,3,0.0783018867924528
1230,1745,5.020623192422282e-06,0.3341332230037236,0.0,19,3,0.0783018867924528
699,1213,1.2240363761179022e-06,0.31541946570848306,0.0,20,3,0.0783018867924528
727,1241,1.279523651700015e-06,0.31541946570848306,0.0,20,3,0.0783018867924528
794,1308,1.1989820180827793e-06,0.31541946570848306,0.0,20,3,0.0783018867924528
842,1356,1.226971344099893e-06,0.31541946570848306,0.0,20,3,0.0783018867924528
1052,1566,1.3018915078448427e-06,0.31541946570848306,0.0,20,3,0.0783018867924528
1061,1575,1.4450070651999045e-06,0.31541946570848306,0.0,20,3,0.0783018867924528
613,1127,1.2042285073347224e-06,0.3154441059292243,0.0,21,3,0.0783018867924528
904,1418,1.4158377552404169e-06,0.3154441059292243,0.0,21,3,0.0783018867924528
1136,1650,1.286363769661324e-06,0.3158635794743429,0.0,21,3,0.0783018867924528
548,1062,1.5128295148099294e-06,0.31546875,0.0,22,3,0.0783018867924528
898,1412,1.3121369849144002e-06,0.31588828913400613,0.0,22,3,0.0783018867924528
975,1489,1.2608634289392835e-06,0.31546875,0.0,22,3,0.0783018867924528
1017,1531,1.3635272941683928e-06,0.31546875,0.0,22,3,0.0783018867924528
1391,1906,1.2910411681501023e-06,0.31546875,0.0,22,3,0.0783018867924528
435,949,1.319536895937251e-06,0.315962441314554,0.0,23,3,0.0783018867924528
714,1228,1.279889043595629e-06,0.31549339792171266,0.0,23,3,0.0783018867924528
772,1286,1.2895766863498357e-06,0.31549339792171266,0.0,23,3,0.0783018867924528
1119,1633,1.3172387516418957e-06,0.31549339792171266,0.0,23,3,0.0783018867924528
607,1121,1.3122404530643214e-06,0.31598716644494873,0.0,24,3,0.0783018867924528
625,1139,1.2947070368462244e-06,0.31551804969526487,0.0,24,3,0.0783018867924528
733,1247,1.437551499225161e-06,0.31551804969526487,0.0,24,3,0.0783018867924528
797,1311,1.3595130152609886e-06,0.3165569143932267,0.0,24,3,0.0783018867924528
1300,1815,1.2948191742332436e-06,0.31551804969526487,0.0,24,3,0.0783018867924528
419,933,1.3359081309789863e-06,0.31725329981143935,0.0,25,3,0.0783018867924528
782,1296,1.381935614060436e-06,0.3160118954452966,0.0,25,3,0.0783018867924528
1078,1592,1.2947575904422458e-06,0.31554270532155976,0.0,25,3,0.0783018867924528
1158,1672,1.2722383915087141e-06,0.31554270532155976,0.0,25,3,0.0783018867924528
1167,1681,1.3157211464530368e-06,0.3160118954452966,0.0,25,3,0.0783018867924528
1189,1704,1.2747522880798862e-06,0.31554270532155976,0.0,25,3,0.0783018867924528
1249,1764,1.3072027478074486e-06,0.31554270532155976,0.0,25,3,0.0783018867924528
450,964,1.3029226328700638e-06,0.3155673648015005,0.0,26,3,0.0783018867924528
463,977,1.2762888529883256e-06,0.3155673648015005,0.0,26,3,0.0783018867924528
521,1035,1.6748187391326457e-06,0.3155673648015005,0.0,26,3,0.0783018867924528
558,1072,1.277012591223419e-06,0.3155673648015005,0.0,26,3,0.0783018867924528
698,1212,1.4061626850128449e-06,0.3155673648015005,0.0,26,3,0.0783018867924528
792,1306,1.3233408869698919e-06,0.3155673648015005,0.0,26,3,0.0783018867924528
1223,1738,1.4511767267979377e-06,0.3160366283165062,0.0,26,3,0.0783018867924528
1228,1743,1.396643030030379e-06,0.3162098668754894,0.0,26,3,0.0783018867924528
1266,1781,1.31869620668053e-06,0.3155673648015005,0.0,26,3,0.0783018867924528
1332,1847,1.336668953735172e-06,0.3352706741946197,0.0,26,3,0.0783018867924528
480,994,1.5436322380923408e-06,0.31559202813599063,0.0,27,3,0.0783018867924528
550,1064,1.2953311375790318e-06,0.31559202813599063,0.0,27,3,0.0783018867924528
592,1106,1.3018560299621126e-06,0.31559202813599063,0.0,27,3,0.0783018867924528
796,1310,1.3653211870844623e-06,0.31559202813599063,0.0,27,3,0.0783018867924528
867,1381,1.341677255581e-06,0.31559202813599063,0.0,27,3,0.0783018867924528
1153,1667,1.2644629384448665e-06,0.31559202813599063,0.0,27,3,0.0783018867924528
530,1044,1.3340131697843503e-06,0.315616695325934,0.0,28,3,0.0783018867924528
653,1167,1.355016103869351e-06,0.315616695325934,0.0,28,3,0.0783018867924528
939,1453,1.7638126794247772e-06,0.315616695325934,0.0,28,3,0.0783018867924528
989,1503,1.3173389371602412e-06,0.315616695325934,0.0,28,3,0.0783018867924528
1360,1875,1.378064447149708e-06,0.31732809430255404,0.0,28,3,0.0783018867924528
1370,1885,2.420483037178936e-06,0.31670588235294117,0.0,28,3,0.0783018867924528
405,919,1.3987443427137542e-06,0.317353033637221,0.0,29,3,0.0783018867924528
914,1428,1.369149282598911e-06,0.31675556950109823,0.0,29,3,0.0783018867924528
983,1497,2.323862446760099e-06,0.31564136637223483,0.0,29,3,0.0783018867924528
986,1500,1.3570506296332154e-06,0.31564136637223483,0.0,29,3,0.0783018867924528
1335,1850,1.3636448195476765e-06,0.3173779768922424,0.0,29,3,0.0783018867924528
567,1081,1.3641196023958822e-06,0.3156660412757974,0.0,30,3,0.0783018867924528
711,1225,1.3922802765617358e-06,0.3156660412757974,0.0,30,3,0.0783018867924528
901,1415,1.3262189845019608e-06,0.3161355985281453,0.0,30,3,0.0783018867924528
922,1436,1.7349386193082083e-06,0.3164080865068171,0.0,30,3,0.0783018867924528
1270,1785,1.3318983896953074e-06,0.3156660412757974,0.0,30,3,0.0783018867924528
1303,1818,2.3530393744522504e-06,0.3156660412757974,0.0,30,3,0.0783018867924528
1389,1904,1.3460002499646452e-06,0.3156660412757974,0.0,30,3,0.0783018867924528
1392,1907,1.5296852737450093e-06,0.3173779768922424,0.0,30,3,0.0783018867924528
785,1299,1.3541786946884937e-06,0.3156907200375264,0.0,31,3,0.0783018867924528
892,1406,1.4059330416802628e-06,0.3174029240685427,0.0,31,3,0.0783018867924528
937,1451,1.5527567565810676e-06,0.3156907200375264,0.0,31,3,0.0783018867924528
1395,1910,1.4124399458102209e-06,0.3156907200375264,0.0,31,3,0.0783018867924528
455,969,1.3706159839448309e-06,0.3157154026583268,0.0,32,3,0.0783018867924528
497,1011,1.42879543742965e-06,0.3163585083046067,0.0,32,3,0.0783018867924528
617,1131,1.3362221234055925e-06,0.3157154026583268,0.0,32,3,0.0783018867924528
674,1188,1.4339239903926202e-06,0.3157154026583268,0.0,32,3,0.0783018867924528
802,1316,1.3831444104791374e-06,0.3157154026583268,0.0,32,3,0.0783018867924528
930,1444,1.9244205783297436e-06,0.31665621079046424,0.0,32,3,0.0783018867924528
1212,1727,1.637675324763368e-06,0.3161851068827813,0.0,32,3,0.0783018867924528
1213,1728,1.3686531630534037e-06,0.3157154026583268,0.0,32,3,0.0783018867924528
1369,1884,1.3850242061132343e-06,0.3157154026583268,0.0,32,3,0.0783018867924528
836,1350,1.4682487367357182e-06,0.3157400891391039,0.0,33,3,0.0783018867924528
994,1508,1.5018618635288406e-06,0.31745283018867926,0.0,33,3,0.0783018867924528
1027,1541,1.3846735483063083e-06,0.3157400891391039,0.0,33,3,0.0783018867924528
457,971,1.3787297620176475e-06,0.3157647794807632,0.0,34,3,0.0783018867924528
669,1183,1.7674779042292312e-06,0.3162346307463388,0.0,34,3,0.0783018867924528
924,1438,1.4034914488586126e-06,0.3157647794807632,0.0,34,3,0.0783018867924528
1121,1635,1.401129601576402e-06,0.3157647794807632,0.0,34,3,0.0783018867924528
1124,1638,1.460938167262637e-06,0.3174777891343659,0.0,34,3,0.0783018867924528
475,989,1.4161339303859016e-06,0.3157894736842105,0.0,35,3,0.0783018867924528
712,1226,5.205987995254073e-06,0.3348814065350804,0.0,35,3,0.0783018867924528
732,1246,1.4538144412312077e-06,0.3157894736842105,0.0,35,3,0.0783018867924528
1110,1624,1.4410289169464127e-06,0.3157894736842105,0.0,35,3,0.0783018867924528
1135,1649,1.4020252577089989e-06,0.3157894736842105,0.0,35,3,0.0783018867924528
1171,1686,1.4511083724637887e-06,0.3157894736842105,0.0,35,3,0.0783018867924528
496,1010,1.4133571621117308e-06,0.3162841701261064,0.0,36,3,0.0783018867924528
501,1015,1.4283264011607568e-06,0.3158141717503519,0.0,36,3,0.0783018867924528
601,1115,1.425786887816132e-06,0.3158141717503519,0.0,36,3,0.0783018867924528
656,1170,1.46547054246794e-06,0.3158141717503519,0.0,36,3,0.0783018867924528
1064,1578,1.4378443138074616e-06,0.316383295463449,0.0,36,3,0.0783018867924528
1333,1848,1.4785301621658156e-06,0.31752771880160413,0.0,36,3,0.0783018867924528
1382,1897,2.223954964800302e-06,0.3189069657242142,0.0,36,3,0.0783018867924528
430,944,1.4634653748066606e-06,0.31583887368009383,0.0,37,3,0.0783018867924528
523,1037,1.523991189738007e-06,0.31630894563684786,0.0,37,3,0.0783018867924528
829,1343,2.152294858359853e-06,0.31845425867507887,0.0,37,3,0.0783018867924528
834,1348,1.4415815251028043e-06,0.31630894563684786,0.0,37,3,0.0783018867924528
841,1355,1.4636978592991435e-06,0.31583887368009383,0.0,37,3,0.0783018867924528
878,1392,1.4990275430776903e-06,0.31755268952500787,0.0,37,3,0.0783018867924528
993,1507,1.450829774725624e-06,0.31630894563684786,0.0,37,3,0.0783018867924528
384,898,1.42811174072634e-06,0.3158635794743429,0.0,38,3,0.0783018867924528
595,1109,5.410584508445976e-06,0.33493696084936964,0.0,38,3,0.0783018867924528
675,1189,1.4890996605003958e-06,0.31690472453304036,0.0,38,3,0.0783018867924528
746,1260,1.4523006883492332e-06,0.3158635794743429,0.0,38,3,0.0783018867924528
790,1304,1.3853919685402658e-06,0.3158635794743429,0.0,38,3,0.0783018867924528
915,1429,1.6604964415209644e-06,0.3177275946179873,0.0,38,3,0.0783018867924528
1036,1550,1.447412206595557e-06,0.3158635794743429,0.0,38,3,0.0783018867924528
1120,1634,1.4358781445866726e-06,0.3158635794743429,0.0,38,3,0.0783018867924528
1168,1682,1.496281282932437e-06,0.3175776641761699,0.0,38,3,0.0783018867924528
676,1190,1.4950293134682544e-06,0.31588828913400613,0.0,39,3,0.0783018867924528
1081,1595,1.6836864938416773e-06,0.31775259678942397,0.0,39,3,0.0783018867924528
454,968,3.009361202633518e-06,0.3180028350921405,0.0,40,3,0.0783018867924528
731,1245,1.6950955966358162e-06,0.3176276252654763,0.0,40,3,0.0783018867924528
810,1324,1.5358417682795608e-06,0.31777760289604157,0.0,40,3,0.0783018867924528
1388,1903,1.4704585011010579e-06,0.3159130026599906,0.0,40,3,0.0783018867924528
474,988,1.4937983053991773e-06,0.315937720053204,0.0,41,3,0.0783018867924528
767,1281,1.534719813089556e-06,0.31765261170547515,0.0,41,3,0.0783018867924528
868,1382,1.5285889810580347e-06,0.31765261170547515,0.0,41,3,0.0783018867924528
1068,1582,1.5181550126492207e-06,0.31765261170547515,0.0,41,3,0.0783018867924528
1358,1873,1.4995346126084026e-06,0.315937720053204,0.0,41,3,0.0783018867924528
470,984,1.5523983363101742e-06,0.31767760207694123,0.0,42,3,0.0783018867924528
744,1258,1.960247679399095e-06,0.315962441314554,0.0,42,3,0.0783018867924528
1015,1529,1.731197248712632e-06,0.3176276252654763,0.0,42,3,0.0783018867924528
1184,1699,1.8702198692845176e-06,0.31690472453304036,0.0,42,3,0.0783018867924528
1191,1706,1.541410239085248e-06,0.31767760207694123,0.0,42,3,0.0783018867924528
1316,1831,1.5427405309441227e-06,0.315962441314554,0.0,42,3,0.0783018867924528
594,1108,1.5535705732036014e-06,0.3177025963808025,0.0,43,3,0.0783018867924528
701,1215,1.492788131020112e-06,0.3164080865068171,0.0,43,3,0.0783018867924528
722,1236,1.4861499992175486e-06,0.31598716644494873,0.0,43,3,0.0783018867924528
795,1309,1.5528041955656861e-06,0.3177025963808025,0.0,43,3,0.0783018867924528
399,913,2.813767196124897e-06,0.31710381655410713,0.0,44,3,0.0783018867924528
765,1279,1.506239410412844e-06,0.3160118954452966,0.0,44,3,0.0783018867924528
801,1315,1.5054070361474677e-06,0.3160118954452966,0.0,44,3,0.0783018867924528
1297,1812,1.5777486999732547e-06,0.3177275946179873,0.0,44,3,0.0783018867924528
410,924,1.5974209640518282e-06,0.3160366283165062,0.0,45,3,0.0783018867924528
374,596,1.8043582125798646e-06,0.32278177458033575,0.0,46,3,0.0783018867924528
388,902,1.5427475850592002e-06,0.3160613650594865,0.0,46,3,0.0783018867924528
537,1051,1.721586663942395e-06,0.3160613650594865,0.0,46,3,0.0783018867924528
1344,1859,1.5445725690744338e-06,0.3164824829532095,0.0,46,3,0.0783018867924528
467,981,1.547212405939644e-06,0.3160861056751468,0.0,47,3,0.0783018867924528
703,1217,6.289209467233501e-06,0.335493519441675,0.0,47,3,0.0783018867924528
715,1229,1.5315617083360373e-06,0.31650728954381563,0.0,47,3,0.0783018867924528
745,1259,1.605148245087054e-06,0.3165569143932267,0.0,47,3,0.0783018867924528
1255,1770,1.6347136733351296e-06,0.3165569143932267,0.0,47,3,0.0783018867924528
363,389,2.098654328532828e-06,0.3215480172001911,0.0,48,3,0.0783018867924528
527,1041,1.5598274169158033e-06,0.31658173265386125,0.0,48,3,0.0783018867924528
789,1303,1.6377459441402473e-06,0.317827626918536,0.0,48,3,0.0783018867924528
982,1496,1.7244711390601048e-06,0.31658173265386125,0.0,48,3,0.0783018867924528
1055,1569,2.0593644513685085e-06,0.31611085016439644,0.0,48,3,0.0783018867924528
1217,1732,1.5860409123636722e-06,0.317827626918536,0.0,48,3,0.0783018867924528
968,1482,1.6408775371203714e-06,0.3161355985281453,0.0,49,3,0.0783018867924528
1205,1720,1.6489418547072797e-06,0.3182785528493734,0.0,49,3,0.0783018867924528
1326,1841,1.5630682495587752e-06,0.3161355985281453,0.0,49,3,0.0783018867924528
890,1404,1.82914666250871e-06,0.3161603507673035,0.0,50,3,0.0783018867924528
1133,1647,1.5814654857641055e-06,0.3167307239783512,0.0,50,3,0.0783018867924528
1236,1751,1.611181033082581e-06,0.3178776666929072,0.0,50,3,0.0783018867924528
1357,1872,1.5746332349361093e-06,0.31658173265386125,0.0,50,3,0.0783018867924528
504,1018,1.651540822437794e-06,0.31805293005671076,0.0,51,3,0.0783018867924528
546,1060,1.7614905396920573e-06,0.3167804189220993,0.0,51,3,0.0783018867924528
588,1102,1.6300445247466598e-06,0.31790269248937175,0.0,51,3,0.0783018867924528
606,1120,1.5919617422810693e-06,0.3161851068827813,0.0,51,3,0.0783018867924528
865,1379,1.597773693268611e-06,0.3161851068827813,0.0,51,3,0.0783018867924528
1210,1725,1.5476683529351926e-06,0.3161851068827813,0.0,51,3,0.0783018867924528
1292,1807,2.4005119606354038e-06,0.3161851068827813,0.0,51,3,0.0783018867924528
934,1448,1.678272090334619e-06,0.31680527224227206,0.0,52,3,0.0783018867924528
940,1454,1.647079458309406e-06,0.3179277222265963,0.0,52,3,0.0783018867924528
1073,1587,1.6230074359434108e-06,0.3162346307463388,0.0,53,3,0.0783018867924528
427,941,1.5961940300246226e-06,0.31625939849624063,0.0,54,3,0.0783018867924528
461,975,1.6340346373268197e-06,0.31625939849624063,0.0,54,3,0.0783018867924528
882,1396,1.6531381221484983e-06,0.31797779352704936,0.0,54,3,0.0783018867924528
959,1473,2.503102510080802e-06,0.31863015860490806,0.0,54,3,0.0783018867924528
1347,1862,1.6112700337001157e-06,0.31625939849624063,0.0,54,3,0.0783018867924528
440,954,1.6825753676224526e-06,0.3180028350921405,0.0,55,3,0.0783018867924528
743,1257,1.6253397697742869e-06,0.3162841701261064,0.0,55,3,0.0783018867924528
778,1292,1.6372681767323732e-06,0.3162841701261064,0.0,55,3,0.0783018867924528
918,1432,1.6244063135694645e-06,0.3162841701261064,0.0,55,3,0.0783018867924528
585,1099,1.6759066110906116e-06,0.31802788060171694,0.0,56,3,0.0783018867924528
1141,1655,1.6236835089785447e-06,0.31630894563684786,0.0,56,3,0.0783018867924528
1313,1828,1.7211131874272455e-06,0.3183538315988647,0.0,56,3,0.0783018867924528
1361,1876,1.6833580530661715e-06,0.3167804189220993,0.0,56,3,0.0783018867924528
495,1009,1.6507580823493775e-06,0.3163337250293772,0.0,57,3,0.0783018867924528
568,1082,1.6494449188150252e-06,0.3163337250293772,0.0,57,3,0.0783018867924528
652,1166,1.7467281274216185e-06,0.31805293005671076,0.0,57,3,0.0783018867924528
761,1275,1.6894082706467533e-06,0.31680527224227206,0.0,57,3,0.0783018867924528
955,1469,1.677496533923077e-06,0.31680527224227206,0.0,57,3,0.0783018867924528
1011,1525,2.038895197099017e-06,0.3163337250293772,0.0,57,3,0.0783018867924528
1279,1794,2.0469098402950935e-06,0.31805293005671076,0.0,57,3,0.0783018867924528
505,1019,1.663012929639356e-06,0.3167804189220993,0.0,58,3,0.0783018867924528
506,1020,1.8267411178618437e-06,0.3180779834580543,0.0,58,3,0.0783018867924528
522,1036,1.6688984716406397e-06,0.3163585083046067,0.0,58,3,0.0783018867924528
990,1504,1.664682538538845e-06,0.3163585083046067,0.0,58,3,0.0783018867924528
1309,1824,1.7095317833286502e-06,0.3180779834580543,0.0,58,3,0.0783018867924528
615,1129,1.6769860556233465e-06,0.3168301294625343,0.0,60,3,0.0783018867924528
770,1284,1.7343809812845402e-06,0.3181281021035216,0.0,60,3,0.0783018867924528
899,1413,1.6801709419884887e-06,0.3164080865068171,0.0,60,3,0.0783018867924528
1176,1691,1.683849912717426e-06,0.3164080865068171,0.0,60,3,0.0783018867924528
1201,1716,1.698429504685965e-06,0.3169793547374205,0.0,60,3,0.0783018867924528
507,1021,1.93330588464806e-06,0.31643288143562415,0.0,61,3,0.0783018867924528
645,1159,1.912140192976131e-06,0.31643288143562415,0.0,61,3,0.0783018867924528
909,1423,1.8232444526169833e-06,0.31700423928403204,0.0,61,3,0.0783018867924528
1166,1680,1.8510653056837678e-06,0.31847937534505877,0.0,61,3,0.0783018867924528
1194,1709,1.7895746571987057e-06,0.31710381655410713,0.0,62,3,0.0783018867924528
538,1052,1.9721843899306948e-06,0.31695447409733124,0.0,63,3,0.0783018867924528
1379,1894,1.9630234999814845e-06,0.3182033096926714,0.0,63,3,0.0783018867924528
586,1100,1.720660621571124e-06,0.31650728954381563,0.0,64,3,0.0783018867924528
759,1273,1.882865898426923e-06,0.3182785528493734,0.0,64,3,0.0783018867924528
912,1426,1.7322766567341471e-06,0.31650728954381563,0.0,64,3,0.0783018867924528
428,942,1.757887323838339e-06,0.3182534678436318,0.0,65,3,0.0783018867924528
443,957,1.752971831226564e-06,0.31710381655410713,0.0,65,3,0.0783018867924528
634,1148,1.80094509529371e-06,0.3186804514245127,0.0,65,3,0.0783018867924528
1200,1715,1.84896523765604e-06,0.3165321000235165,0.0,65,3,0.0783018867924528
644,1158,1.8085435572737982e-06,0.3182785528493734,0.0,66,3,0.0783018867924528
852,1366,1.9687462553203903e-06,0.3165569143932267,0.0,66,3,0.0783018867924528
1062,1576,1.7373775661680905e-06,0.3169793547374205,0.0,66,3,0.0783018867924528
981,1495,1.7947559447923233e-06,0.31830364180986914,0.0,67,3,0.0783018867924528
1116,1630,2.4388744798439463e-06,0.31857988165680473,0.0,67,3,0.0783018867924528
1305,1820,1.7782561472547778e-06,0.31830364180986914,0.0,67,3,0.0783018867924528
552,1066,1.8125590819099964e-06,0.3183287347260544,0.0,68,3,0.0783018867924528
747,1261,1.801662599076633e-06,0.3183287347260544,0.0,68,3,0.0783018867924528
768,1282,1.8146707386270559e-06,0.3183287347260544,0.0,68,3,0.0783018867924528
824,1338,5.564536843000752e-06,0.3352428393524284,0.0,68,3,0.0783018867924528
1001,1515,1.8401162438961455e-06,0.3186804514245127,0.0,69,3,0.0783018867924528
988,1502,1.7824806848010305e-06,0.31665621079046424,0.0,70,3,0.0783018867924528
1188,1703,1.9472284853693526e-06,0.31665621079046424,0.0,70,3,0.0783018867924528
707,1221,1.8342272447312631e-06,0.3166810446239511,0.0,71,3,0.0783018867924528
784,1298,1.9078452007208083e-06,0.3166810446239511,0.0,71,3,0.0783018867924528
961,1475,1.9544779642441147e-06,0.31875592042942846,0.0,72,3,0.0783018867924528
1097,1611,1.9108367815671892e-06,0.3184291459664064,0.0,72,3,0.0783018867924528
859,1373,1.8858739384602158e-06,0.31845425867507887,0.0,73,3,0.0783018867924528
1342,1857,1.811903930452667e-06,0.3167307239783512,0.0,73,3,0.0783018867924528
717,1231,1.8570646806982236e-06,0.3169793547374205,0.0,74,3,0.0783018867924528
833,1347,1.8437794986196408e-06,0.31675556950109823,0.0,74,3,0.0783018867924528
553,1067,1.8700799839927317e-06,0.3173779768922424,0.0,76,3,0.0783018867924528
1082,1596,1.8615426772267874e-06,0.3168301294625343,0.0,77,3,0.0783018867924528
1122,1636,1.8899988145347324e-06,0.3168301294625343,0.0,77,3,0.0783018867924528
556,1070,5.7401767180883304e-06,0.33616383616383616,0.0,78,3,0.0783018867924528
518,1032,2.040030170787461e-06,0.31893215385830503,0.0,79,3,0.0783018867924528
1227,1742,1.927658979182913e-06,0.31860501814738834,0.0,79,3,0.0783018867924528
1384,1899,1.9277663945270767e-06,0.31860501814738834,0.0,79,3,0.0783018867924528
1147,1661,1.9513357536914616e-06,0.31863015860490806,0.0,80,3,0.0783018867924528
1214,1729,1.9338451743499108e-06,0.31863015860490806,0.0,80,3,0.0783018867924528
1022,1536,6.107922300562121e-06,0.33779488037476996,0.0,82,3,0.0783018867924528
1114,1628,1.9117215564640035e-06,0.31752771880160413,0.0,82,3,0.0783018867924528
1356,1871,1.9714743339255043e-06,0.31883142518752466,0.0,82,3,0.0783018867924528
1378,1893,1.9935857792397858e-06,0.3187307601231352,0.0,83,3,0.0783018867924528
713,1227,1.9352511147599023e-06,0.31700423928403204,0.0,84,3,0.0783018867924528
948,1462,1.920202456989538e-06,0.31700423928403204,0.0,84,3,0.0783018867924528
965,1479,1.951266968129302e-06,0.3175776641761699,0.0,84,3,0.0783018867924528
1059,1573,2.026675871151518e-06,0.3177275946179873,0.0,89,3,0.0783018867924528
808,1322,1.979505033133868e-06,0.3175776641761699,0.0,90,3,0.0783018867924528
958,1472,2.015475095291025e-06,0.3176276252654763,0.0,90,3,0.0783018867924528
1077,1591,2.036549995447413e-06,0.3172782273905869,0.0,95,3,0.0783018867924528
678,1192,2.270140672224959e-06,0.3192094861660079,0.0,97,3,0.0783018867924528
831,1345,2.0571545864190973e-06,0.31775259678942397,0.0,97,3,0.0783018867924528
1069,1583,2.050854535562866e-06,0.31732809430255404,0.0,97,3,0.0783018867924528
1271,1786,2.1206031580870965e-06,0.3190581542351454,0.0,97,3,0.0783018867924528
500,1014,2.1391610804765425e-06,0.319108582266477,0.0,99,3,0.0783018867924528
945,1459,2.1398391972416077e-06,0.31767760207694123,0.0,102,3,0.0783018867924528
690,1204,2.252992142350636e-06,0.3194620253164557,0.0,107,3,0.0783018867924528
721,1235,2.3420850225700397e-06,0.3182033096926714,0.0,107,3,0.0783018867924528
590,1104,2.253900099656134e-06,0.3195125811046052,0.0,109,3,0.0783018867924528
1268,1783,2.3381583608260787e-06,0.3196643445218493,0.0,121,3,0.0783018867924528
763,1277,2.4076222630029803e-06,0.31989226016002537,0.0,124,3,0.0783018867924528
382,896,2.419038972925798e-06,0.3199429522224863,0.0,126,3,0.0783018867924528
403,917,2.646079788425043e-06,0.3202982470056318,0.0,130,3,0.0783018867924528
107,107,0.00016726671464138929,0.45969945355191255,0.0,1045,3,0.0783018867924528
3059,2079,0.0005875688120910997,0.2597954062922216,0.0,1,4,0.127973289413241
3139,2195,0.0005875688120910997,0.2597954062922216,0.0,1,4,0.127973289413241
3195,2269,0.0005875688120910997,0.2597954062922216,0.0,1,4,0.127973289413241
3335,2457,0.0005875688120910997,0.2597954062922216,0.0,1,4,0.127973289413241
3342,2470,0.0005875688120910997,0.2597954062922216,0.0,1,4,0.127973289413241
3415,2569,0.0005875688120910997,0.2597954062922216,0.0,1,4,0.127973289413241
3435,2596,0.0005875688120910997,0.2597954062922216,0.0,1,4,0.127973289413241
3274,2382,0.0005914209951515597,0.25981212199202164,0.0,2,4,0.127973289413241
3393,2541,0.0005914209951515597,0.25981212199202164,0.0,2,4,0.127973289413241
3123,2168,0.0005950350686344763,0.25982883984299593,0.0,3,4,0.127973289413241
3129,2178,0.0005954671323110908,0.25982883984299593,0.0,3,4,0.127973289413241
3272,2380,0.000605248818864652,0.25982883984299593,0.0,3,4,0.127973289413241
3350,2481,0.0005952197853787909,0.25982883984299593,0.0,3,4,0.127973289413241
3352,2483,0.0005950721231588122,0.25982883984299593,0.0,3,4,0.127973289413241
3434,2595,0.0005950721231588116,0.25982883984299593,0.0,3,4,0.127973289413241
2961,1937,0.000599679221973501,0.25984555984555985,0.0,4,4,0.127973289413241
2982,1969,0.0006991697648501113,0.25984555984555985,0.0,4,4,0.127973289413241
3003,1996,0.0006079382648265644,0.25984555984555985,0.0,4,4,0.127973289413241
3082,2106,0.0005987229924487255,0.25984555984555985,0.0,4,4,0.127973289413241
3144,2204,0.0005988459127447638,0.25984555984555985,0.0,4,4,0.127973289413241
3322,2441,0.0006083776668398083,0.25984555984555985,0.0,4,4,0.127973289413241
3383,2527,0.0006232700754761604,0.25984555984555985,0.0,4,4,0.127973289413241
3412,2565,0.0006079382648265645,0.25984555984555985,0.0,4,4,0.127973289413241
3014,2015,0.0006036221713398847,0.25986228200012873,0.0,5,4,0.127973289413241
3122,2167,0.0006028082067006727,0.25986228200012873,0.0,5,4,0.127973289413241
3158,2219,0.0006346674513042908,0.25986228200012873,0.0,5,4,0.127973289413241
3166,2230,0.0006554024783943316,0.25986228200012873,0.0,5,4,0.127973289413241
3304,2422,0.0006123312156617009,0.25986228200012873,0.0,5,4,0.127973289413241
3313,2431,0.0006122414282557546,0.25986228200012873,0.0,5,4,0.127973289413241
3318,2437,0.0006025106525673413,0.25986228200012873,0.0,5,4,0.127973289413241
3368,2505,0.0006148574979184532,0.25986228200012873,0.0,5,4,0.127973289413241
3465,2634,0.0006039096638905842,0.25986228200012873,0.0,5,4,0.127973289413241
3078,2100,0.0006164227946747994,0.259879006307118,0.0,6,4,0.127973289413241
3255,2358,0.0006601890683569255,0.259879006307118,0.0,6,4,0.127973289413241
3269,2375,0.0006163183411740848,0.259879006307118,0.0,6,4,0.127973289413241
3278,2388,0.0006172538048674207,0.259879006307118,0.0,6,4,0.127973289413241
3361,2493,0.0006552883335692888,0.259879006307118,0.0,6,4,0.127973289413241
3374,2517,0.0006543851391770277,0.259879006307118,0.0,6,4,0.127973289413241
3425,2580,0.0006532946103528939,0.259879006307118,0.0,6,4,0.127973289413241
3453,2621,0.0006161316721857544,0.259879006307118,0.0,6,4,0.127973289413241
2975,1961,0.0006441672810131595,0.25989573276694344,0.0,7,4,0.127973289413241
2985,1974,0.0006448472016959636,0.25989573276694344,0.0,7,4,0.127973289413241
3009,2008,0.0006277332322263024,0.25989573276694344,0.0,7,4,0.127973289413241
3016,2017,0.000613176885819833,0.25989573276694344,0.0,7,4,0.127973289413241
3072,2094,0.0006103665654197968,0.25989573276694344,0.0,7,4,0.127973289413241
3163,2227,0.0006230275592087002,0.25989573276694344,0.0,7,4,0.127973289413241
3179,2245,0.0006104371771648149,0.25989573276694344,0.0,7,4,0.127973289413241
3186,2256,0.0006609863806442039,0.25989573276694344,0.0,7,4,0.127973289413241
3193,2263,0.0006198262316440995,0.25989573276694344,0.0,7,4,0.127973289413241
3232,2321,0.0006198118459882229,0.25989573276694344,0.0,7,4,0.127973289413241
3384,2528,0.0006198791573691502,0.25989573276694344,0.0,7,4,0.127973289413241
3463,2632,0.000621339304966919,0.25989573276694344,0.0,7,4,0.127973289413241
3475,2651,0.0006310810969220558,0.25989573276694344,0.0,7,4,0.127973289413241
2967,1949,0.000619764114701268,0.2599124613800206,0.0,8,4,0.127973289413241
2971,1956,0.0006143443258593532,0.2599124613800206,0.0,8,4,0.127973289413241
3026,2034,0.000614994121695332,0.2599124613800206,0.0,8,4,0.127973289413241
3031,2041,0.0006240838083983184,0.2599124613800206,0.0,8,4,0.127973289413241
3127,2175,0.000771033409237533,0.2599124613800206,0.0,8,4,0.127973289413241
3132,2182,0.0006667948556392403,0.2599124613800206,0.0,8,4,0.127973289413241
3303,2421,0.000613602516988548,0.2599124613800206,0.0,8,4,0.127973289413241
3334,2456,0.0006254941501253674,0.2599124613800206,0.0,8,4,0.127973289413241
3396,2548,0.0006241087113113224,0.2599124613800206,0.0,8,4,0.127973289413241
2987,1977,0.000647072073157356,0.25992919214676535,0.0,9,4,0.127973289413241
3039,2051,0.0006310829234429305,0.25992919214676535,0.0,9,4,0.127973289413241
3049,2066,0.0007411760501209712,0.25992919214676535,0.0,9,4,0.127973289413241
3060,2080,0.0006754819526648964,0.25992919214676535,0.0,9,4,0.127973289413241
3121,2166,0.0006581550251899332,0.25992919214676535,0.0,9,4,0.127973289413241
3182,2251,0.0006307709856297554,0.25992919214676535,0.0,9,4,0.127973289413241
3205,2281,0.0006180698232887109,0.25992919214676535,0.0,9,4,0.127973289413241
3356,2487,0.0006180698232887114,0.25992919214676535,0.0,9,4,0.127973289413241
3372,2514,0.0006945415629790409,0.25992919214676535,0.0,9,4,0.127973289413241
3088,2113,0.0006321218211539717,0.2599459250675937,0.0,10,4,0.127973289413241
3114,2158,0.0006311619956226277,0.2599459250675937,0.0,10,4,0.127973289413241
3183,2252,0.0008967100031413111,0.2599459250675937,0.0,10,4,0.127973289413241
3215,2301,0.0006244016843654119,0.2599459250675937,0.0,10,4,0.127973289413241
3228,2316,0.0006626695459610506,0.2599459250675937,0.0,10,4,0.127973289413241
3320,2439,0.0006316742435613536,0.2599459250675937,0.0,10,4,0.127973289413241
3330,2452,0.0006875048463609215,0.2599459250675937,0.0,10,4,0.127973289413241
2943,1915,0.0006303661094850678,0.2599626601429215,0.0,11,4,0.127973289413241
2957,1933,0.0006332282478476816,0.2599626601429215,0.0,11,4,0.127973289413241
3081,2105,0.0006332385872666271,0.2599626601429215,0.0,11,4,0.127973289413241
3100,2130,0.0006422110334403108,0.2599626601429215,0.0,11,4,0.127973289413241
3128,2177,0.0009012582304580044,0.2599626601429215,0.0,11,4,0.127973289413241
3194,2265,0.000664712010474012,0.2599626601429215,0.0,11,4,0.127973289413241
3306,2424,0.0006341121625732788,0.2599626601429215,0.0,11,4,0.127973289413241
3388,2535,0.0006279743695676882,0.2599626601429215,0.0,11,4,0.127973289413241
3414,2568,0.0007935368450823693,0.2599626601429215,0.0,11,4,0.127973289413241
2958,1934,0.0006482516939393377,0.25997939737316506,0.0,12,4,0.127973289413241
3257,2360,0.0006374175955666136,0.25997939737316506,0.0,12,4,0.127973289413241
3267,2373,0.0006368991871711385,0.25997939737316506,0.0,12,4,0.127973289413241
3329,2450,0.0006406216604203883,0.25997939737316506,0.0,12,4,0.127973289413241
2955,1930,0.0007243825793580967,0.25999613675874056,0.0,13,4,0.127973289413241
3052,2070,0.0006452475184504036,0.25999613675874056,0.0,13,4,0.127973289413241
3156,2217,0.0006459068572489869,0.25999613675874056,0.0,13,4,0.127973289413241
3174,2238,0.0006397652563719346,0.25999613675874056,0.0,13,4,0.127973289413241
3254,2357,0.0006424996983626547,0.25999613675874056,0.0,13,4,0.127973289413241
3138,2193,0.0006876872941859618,0.26001287830006437,0.0,14,4,0.127973289413241
3145,2205,0.000803297123334803,0.26001287830006437,0.0,14,4,0.127973289413241
3331,2453,0.0007463791767439667,0.26001287830006437,0.0,14,4,0.127973289413241
3378,2522,0.001436556824829633,0.26001287830006437,0.0,14,4,0.127973289413241
3409,2562,0.0006570721487624214,0.26001287830006437,0.0,14,4,0.127973289413241
3436,2599,0.0014352951586308887,0.26001287830006437,0.0,14,4,0.127973289413241
2948,1922,0.0006503205036546334,0.260029621997553,0.0,15,4,0.127973289413241
2988,1978,0.0006930300916009691,0.260029621997553,0.0,15,4,0.127973289413241
3089,2114,0.0006747697543790868,0.260029621997553,0.0,15,4,0.127973289413241
3092,2119,0.0006614556397040476,0.260029621997553,0.0,15,4,0.127973289413241
3118,2162,0.0006800877072505752,0.260029621997553,0.0,15,4,0.127973289413241
3196,2270,0.0007165040870837587,0.260029621997553,0.0,15,4,0.127973289413241
3288,2402,0.000661260315448058,0.260029621997553,0.0,15,4,0.127973289413241
3077,2099,0.0012155083130808348,0.2600463678516229,0.0,16,4,0.127973289413241
3202,2277,0.0007218929970639704,0.2600463678516229,0.0,16,4,0.127973289413241
3218,2305,0.0010689522820363823,0.2600463678516229,0.0,16,4,0.127973289413241
3225,2312,0.0008596941275610208,0.2600463678516229,0.0,16,4,0.127973289413241
3333,2455,0.000666161106941331,0.2600463678516229,0.0,16,4,0.127973289413241
3366,2503,0.0006986171608813033,0.2600463678516229,0.0,16,4,0.127973289413241
3479,2656,0.0006715259108576677,0.2600463678516229,0.0,16,4,0.127973289413241
2214,2298,0.0013155993311090356,0.2779077770130764,0.0,17,4,0.127973289413241
2221,2413,0.0009019184056758705,0.2779077770130764,0.0,17,4,0.127973289413241
2230,2605,0.0019079311005930483,0.2779077770130764,0.0,17,4,0.127973289413241
2939,2185,0.0009763764946958184,0.27813748450199755,0.0,17,4,0.127973289413241
2969,1952,0.0012392014702052021,0.2600631158626908,0.0,17,4,0.127973289413241
3036,2048,0.002039793762582716,0.2600631158626908,0.0,17,4,0.127973289413241
3131,2181,0.0006585948698740841,0.2600631158626908,0.0,17,4,0.127973289413241
3210,2291,0.0012748860473550284,0.2600631158626908,0.0,17,4,0.127973289413241
3289,2403,0.0007031121287619577,0.2600631158626908,0.0,17,4,0.127973289413241
3379,2523,0.0006664490159638947,0.2600631158626908,0.0,17,4,0.127973289413241
3448,2614,0.0006779459684184932,0.2600631158626908,0.0,17,4,0.127973289413241
3061,2082,0.0006958496058213242,0.2600798660311735,0.0,18,4,0.127973289413241
3111,2152,0.0006635874445868416,0.2600798660311735,0.0,18,4,0.127973289413241
3134,2186,0.0008258564188297373,0.2600798660311735,0.0,18,4,0.127973289413241
3180,2248,0.0007064924771463377,0.2600798660311735,0.0,18,4,0.127973289413241
3387,2534,0.0007152322565005899,0.2600798660311735,0.0,18,4,0.127973289413241
2191,1913,0.0009631463233553264,0.2779460352422907,0.0,19,4,0.127973289413241
2992,1982,0.0019489687514175266,0.26009661835748793,0.0,19,4,0.127973289413241
3181,2249,0.0012094395041721718,0.26009661835748793,0.0,19,4,0.127973289413241
3227,2314,0.000712960816076228,0.26009661835748793,0.0,19,4,0.127973289413241
3286,2400,0.001009919259639779,0.26009661835748793,0.0,19,4,0.127973289413241
3417,2572,0.0021823669612796377,0.26009661835748793,0.0,19,4,0.127973289413241
3430,2587,0.0006659075197546858,0.26009661835748793,0.0,19,4,0.127973289413241
3469,2641,0.000882366469052454,0.26009661835748793,0.0,19,4,0.127973289413241
1498,2635,0.0011318515798801779,0.2659728626004479,0.0,20,4,0.127973289413241
2979,1965,0.0007912723879320889,0.260113372842051,0.0,20,4,0.127973289413241
3000,1990,0.0007159262526824283,0.260113372842051,0.0,20,4,0.127973289413241
3190,2260,0.0007050106016061174,0.260113372842051,0.0,20,4,0.127973289413241
3291,2405,0.0006740446394367898,0.260113372842051,0.0,20,4,0.127973289413241
3422,2577,0.0006778866807220204,0.260113372842051,0.0,20,4,0.127973289413241
3028,2036,0.0008818019057766474,0.2601301294852799,0.0,21,4,0.127973289413241
3074,2096,0.0010947352763960524,0.2601301294852799,0.0,21,4,0.127973289413241
3416,2570,0.0006775377712364226,0.2601301294852799,0.0,21,4,0.127973289413241
2161,2496,0.001793671558791701,0.27760208992162794,0.0,22,4,0.127973289413241
2960,1936,0.0007229650106891747,0.2601468882875918,0.0,22,4,0.127973289413241
3140,2197,0.0007099240840427265,0.2601468882875918,0.0,22,4,0.127973289413241
3148,2208,0.004512400282778366,0.2601468882875918,0.0,22,4,0.127973289413241
3405,2558,0.0006821002733275879,0.2601468882875918,0.0,22,4,0.127973289413241
2213,2295,0.0016762906877324927,0.2780225833103828,0.0,23,4,0.127973289413241
3067,2089,0.0007014301210513471,0.26016364924940405,0.0,23,4,0.127973289413241
3093,2120,0.0006934200394946754,0.26016364924940405,0.0,23,4,0.127973289413241
3223,2310,0.0010264942522021662,0.26016364924940405,0.0,23,4,0.127973289413241
3385,2531,0.0015034856307284455,0.26016364924940405,0.0,23,4,0.127973289413241
3450,2618,0.0007448090422545758,0.26016364924940405,0.0,23,4,0.127973289413241
3105,2141,0.0009450099928634731,0.26018041237113404,0.0,24,4,0.127973289413241
3108,2146,0.0006954349195153384,0.26018041237113404,0.0,24,4,0.127973289413241
3116,2160,0.0006974931852411411,0.26018041237113404,0.0,24,4,0.127973289413241
3206,2286,0.0007371279627947468,0.26018041237113404,0.0,24,4,0.127973289413241
3426,2581,0.002086353193230364,0.26018041237113404,0.0,24,4,0.127973289413241
3021,2023,0.0007541429271748467,0.26019717765319933,0.0,25,4,0.127973289413241
3259,2362,0.0009311071885829161,0.26019717765319933,0.0,25,4,0.127973289413241
3363,2497,0.0007391459541017118,0.26019717765319933,0.0,25,4,0.127973289413241
2132,2065,0.004269600146044807,0.27767844863155,0.0,26,4,0.127973289413241
3243,2341,0.0007013533852825073,0.26021394509601753,0.0,26,4,0.127973289413241
3344,2474,0.0008041559486673084,0.26021394509601753,0.0,26,4,0.127973289413241
3413,2566,0.0008945937860536435,0.26021394509601753,0.0,26,4,0.127973289413241
3113,2156,0.0007008808640325279,0.26023071470000647,0.0,27,4,0.127973289413241
3154,2214,0.0014387303705565811,0.26023071470000647,0.0,27,4,0.127973289413241
3349,2480,0.0009590491558665043,0.26023071470000647,0.0,27,4,0.127973289413241
3470,2644,0.0007574495724006798,0.26023071470000647,0.0,27,4,0.127973289413241
2219,2389,0.0010501541032618205,0.27811832770851985,0.0,28,4,0.127973289413241
3244,2342,0.000767312945206725,0.26024748646558393,0.0,28,4,0.127973289413241
3314,2432,0.001229370757327754,0.26024748646558393,0.0,28,4,0.127973289413241
3446,2612,0.0009928102249727438,0.26024748646558393,0.0,28,4,0.127973289413241
3460,2628,0.0007561841470514796,0.26024748646558393,0.0,28,4,0.127973289413241
2166,2530,0.003997553933381023,0.2777357452369489,0.0,29,4,0.127973289413241
2965,1944,0.0009892733185830258,0.2602642603931679,0.0,29,4,0.127973289413241
3198,2272,0.0012550971788722683,0.2602642603931679,0.0,29,4,0.127973289413241
1492,2571,0.0015904411847150253,0.26614816767730026,0.0,30,4,0.127973289413241
2217,2355,0.001955525746076218,0.27815664393469725,0.0,30,4,0.127973289413241
2226,2544,0.0023363487351784015,0.27815664393469725,0.0,30,4,0.127973289413241
3027,2035,0.0007468593659634966,0.26028103648317646,0.0,30,4,0.127973289413241
3064,2085,0.0009016785275884406,0.26028103648317646,0.0,30,4,0.127973289413241
3126,2173,0.0007597589131056905,0.26028103648317646,0.0,30,4,0.127973289413241
2206,2163,0.0025981965330472596,0.2781758060071645,0.0,31,4,0.127973289413241
3298,2412,0.0007202931262033444,0.26029781473602787,0.0,31,4,0.127973289413241
3392,2540,0.0008012978765584501,0.26029781473602787,0.0,31,4,0.127973289413241
3404,2557,0.0010942540154438819,0.26029781473602787,0.0,31,4,0.127973289413241
3164,2228,0.0007961675228377017,0.2603145951521403,0.0,32,4,0.127973289413241
3297,2411,0.0007820040725331527,0.2603145951521403,0.0,32,4,0.127973289413241
3327,2448,0.0007863881082942773,0.26033137773193216,0.0,33,4,0.127973289413241
3023,2029,0.0012835794633816314,0.26034816247582204,0.0,34,4,0.127973289413241
3069,2091,0.0007637009836337824,0.26034816247582204,0.0,34,4,0.127973289413241
3211,2296,0.0010847091859277,0.26034816247582204,0.0,34,4,0.127973289413241
3240,2335,0.0007938204609150663,0.26034816247582204,0.0,34,4,0.127973289413241
3321,2440,0.0008246225754118997,0.26034816247582204,0.0,34,4,0.127973289413241
2225,2519,0.0020877458967679093,0.2782524807056229,0.0,35,4,0.127973289413241
3199,2274,0.001479693504744201,0.2603649493842285,0.0,35,4,0.127973289413241
3285,2397,0.0007855645344822665,0.2603649493842285,0.0,35,4,0.127973289413241
3381,2525,0.001176205073760086,0.2603649493842285,0.0,35,4,0.127973289413241
3466,2637,0.0011835558833805018,0.2603649493842285,0.0,35,4,0.127973289413241
1487,2529,0.0015231930591920787,0.2858356338925462,0.0,36,4,0.127973289413241
2986,1975,0.0008177689598788796,0.2603817384575703,0.0,36,4,0.127973289413241
2997,1987,0.002053693101476447,0.2603817384575703,0.0,36,4,0.127973289413241
3149,2209,0.0011752135805909649,0.2603817384575703,0.0,36,4,0.127973289413241
3167,2231,0.0008315564369460139,0.2603817384575703,0.0,36,4,0.127973289413241
3229,2317,0.0007981102297968388,0.2603817384575703,0.0,36,4,0.127973289413241
3262,2366,0.001189876678428326,0.2603817384575703,0.0,36,4,0.127973289413241
3266,2371,0.0008127597724706557,0.2603817384575703,0.0,36,4,0.127973289413241
3271,2379,0.0017373488238578978,0.2603817384575703,0.0,36,4,0.127973289413241
3292,2406,0.0010723466543821672,0.2603817384575703,0.0,36,4,0.127973289413241
3307,2425,0.0014553034889390824,0.2603817384575703,0.0,36,4,0.127973289413241
3037,2049,0.0008038950994308185,0.2603985296962662,0.0,37,4,0.127973289413241
3083,2107,0.0008432737337760683,0.2603985296962662,0.0,37,4,0.127973289413241
3172,2236,0.000768677523469423,0.2603985296962662,0.0,37,4,0.127973289413241
3230,2318,0.001090313980698251,0.2603985296962662,0.0,37,4,0.127973289413241
3301,2416,0.0011051044186443577,0.2603985296962662,0.0,37,4,0.127973289413241
3099,2129,0.0007622102902505584,0.2604153231007352,0.0,38,4,0.127973289413241
3357,2488,0.0007825795518021782,0.2604321186713963,0.0,39,4,0.127973289413241
3176,2242,0.0024237640966047742,0.26044891640866874,0.0,40,4,0.127973289413241
2938,2155,0.00142454591365398,0.2785980405685111,0.0,41,4,0.127973289413241
3160,2221,0.0014848753739549747,0.26046571631297166,0.0,41,4,0.127973289413241
3300,2415,0.0015630480755124637,0.26046571631297166,0.0,41,4,0.127973289413241
3042,2057,0.002819772493770553,0.2604825183847245,0.0,42,4,0.127973289413241
1483,2502,0.002201462064339097,0.2851292190368592,0.0,43,4,0.127973289413241
2974,1960,0.0008030071823604075,0.26049932262434683,0.0,43,4,0.127973289413241
3086,2110,0.0021405529591777073,0.26049932262434683,0.0,43,4,0.127973289413241
3107,2145,0.0011434800295733378,0.26049932262434683,0.0,43,4,0.127973289413241
2144,2239,0.003210657034221497,0.27936903279369035,0.0,44,4,0.127973289413241
3258,2361,0.0008909125967862064,0.26053293760887797,0.0,45,4,0.127973289413241
3161,2222,0.0015601993473928154,0.2605497483546264,0.0,46,4,0.127973289413241
3233,2322,0.0011345522791550698,0.2605497483546264,0.0,46,4,0.127973289413241
3348,2479,0.0018004598453232245,0.2605497483546264,0.0,46,4,0.127973289413241
2936,2003,0.0017858807929262976,0.27873265686477533,0.0,48,4,0.127973289413241
2941,2330,0.0022557316680760307,0.27873265686477533,0.0,48,4,0.127973289413241
3055,2075,0.002073315428164132,0.2605833763551884,0.0,48,4,0.127973289413241
3375,2518,0.0045554142931991315,0.2605833763551884,0.0,48,4,0.127973289413241
2203,2137,0.005902615986626906,0.2785211753345289,0.0,49,4,0.127973289413241
2231,2609,0.0035264192228846893,0.2785211753345289,0.0,49,4,0.127973289413241
3279,2390,0.0021795702079837366,0.2606001936108422,0.0,49,4,0.127973289413241
3343,2473,0.0022807845952831167,0.2606001936108422,0.0,49,4,0.127973289413241
3476,2652,0.0018629808381636257,0.2606001936108422,0.0,49,4,0.127973289413241
3263,2367,0.0020976582160281546,0.2606170130373048,0.0,50,4,0.127973289413241
3162,2226,0.002048242864638626,0.26063383463499645,0.0,51,4,0.127973289413241
3444,2610,0.0012983146251242942,0.26063383463499645,0.0,51,4,0.127973289413241
3245,2345,0.0027278506791668915,0.2606506584043377,0.0,52,4,0.127973289413241
2937,2031,0.0015178132871079993,0.2788288910371496,0.0,53,4,0.127973289413241
1491,2547,0.0036174147855983652,0.2863423627854205,0.0,54,4,0.127973289413241
2148,2293,0.004462021026492058,0.2787711425612703,0.0,54,4,0.127973289413241
3098,2126,0.0009597315418864064,0.2606843124596514,0.0,54,4,0.127973289413241
3151,2211,0.0014374045567105242,0.2606843124596514,0.0,54,4,0.127973289413241
2143,2198,0.0024050686453789072,0.2795818043342796,0.0,55,4,0.127973289413241
2147,2285,0.0031624298798720186,0.2787903893951947,0.0,55,4,0.127973289413241
2991,1981,0.0021392530058812922,0.2607011427464652,0.0,55,4,0.127973289413241
3189,2259,0.0034796347332621343,0.2607011427464652,0.0,55,4,0.127973289413241
2949,1923,0.0015592512215803702,0.26071797520661155,0.0,56,4,0.127973289413241
2158,2385,0.003758521835367693,0.2788288910371496,0.0,57,4,0.127973289413241
2208,2215,0.003919951083886068,0.2786941817930844,0.0,58,4,0.127973289413241
3177,2243,0.0027361174372501516,0.26076848563125604,0.0,59,4,0.127973289413241
3204,2280,0.002582146772497003,0.26076848563125604,0.0,59,4,0.127973289413241
2223,2465,0.0034218852635079875,0.27873265686477533,0.0,60,4,0.127973289413241
2196,1994,0.00459040234123963,0.2788096388869709,0.0,64,4,0.127973289413241
3217,2304,0.0024167250963058047,0.2608864194340354,0.0,66,4,0.127973289413241
3319,2438,0.0031743194338783843,0.2609201344016542,0.0,68,4,0.127973289413241
3440,2603,0.002224272664319925,0.2609201344016542,0.0,68,4,0.127973289413241
3284,2396,0.0025082394996381718,0.26093699515347335,0.0,69,4,0.127973289413241
1468,2417,0.003010844000258899,0.2856738592147152,0.0,70,4,0.127973289413241
1470,2445,0.0033857525883074706,0.2856738592147152,0.0,70,4,0.127973289413241
3171,2235,0.002345285476715409,0.26095385808452887,0.0,70,4,0.127973289413241
2202,2101,0.0028187230684292054,0.2789444597955236,0.0,71,4,0.127973289413241
3168,2232,0.002837112264980751,0.26097072319524334,0.0,71,4,0.127973289413241
1504,2653,0.0036244453522076003,0.2865658931232702,0.0,72,4,0.127973289413241
2983,1970,0.002394615025026446,0.2609875904860393,0.0,72,4,0.127973289413241
2149,2315,0.0043036451679339125,0.2791372874326006,0.0,73,4,0.127973289413241
1451,2264,0.003524744852441076,0.28676940558198993,0.0,75,4,0.127973289413241
2162,2501,0.007218336499511107,0.27863648909743305,0.0,76,4,0.127973289413241
2201,2062,0.0062003321962719295,0.2790408403012922,0.0,76,4,0.127973289413241
1478,2472,0.004135668494634541,0.2858154020385051,0.0,77,4,0.127973289413241
2159,2399,0.003380892093191421,0.2794657069693404,0.0,77,4,0.127973289413241
2204,2144,0.004037700614099607,0.27989186941152006,0.0,78,4,0.127973289413241
1399,1939,0.0032085625970257946,0.267010513786947,0.0,79,4,0.127973289413241
1494,2589,0.0032264186812953058,0.286708321499574,0.0,79,4,0.127973289413241
2156,2368,0.003460805765053267,0.2800471599972259,0.0,79,4,0.127973289413241
2192,1916,0.0030103329520374316,0.27991127131568,0.0,79,4,0.127973289413241
2215,2343,0.0038920089275783962,0.27991127131568,0.0,79,4,0.127973289413241
2940,2325,0.0022178740972948908,0.27933038184836745,0.0,79,4,0.127973289413241
2160,2420,0.0055553164022499445,0.27929174159634806,0.0,81,4,0.127973289413241
3117,2161,0.003374773024600185,0.26115638339154057,0.0,82,4,0.127973289413241
1452,2267,0.00324164147882303,0.28693242379023665,0.0,83,4,0.127973289413241
2198,2010,0.00392495808368664,0.28000832119825253,0.0,84,4,0.127973289413241
2136,2134,0.004408999605253499,0.27936903279369035,0.0,85,4,0.127973289413241
2197,2002,0.004568756650295581,0.2792144931544738,0.0,85,4,0.127973289413241
3226,2313,0.0020843842920482045,0.2612070638463031,0.0,85,4,0.127973289413241
2205,2151,0.00472480311605498,0.2800471599972259,0.0,86,4,0.127973289413241
1432,2135,0.004542779439866788,0.2862002976823304,0.0,88,4,0.127973289413241
2140,2191,0.005391614430579941,0.27942702927133073,0.0,88,4,0.127973289413241
2165,2516,0.004716204107346379,0.27942702927133073,0.0,88,4,0.127973289413241
1450,2254,0.003465194601949149,0.28632205913635395,0.0,90,4,0.127973289413241
2137,2148,0.004878808171588849,0.2802609661299278,0.0,90,4,0.127973289413241
2211,2273,0.003987884659324315,0.27933038184836745,0.0,91,4,0.127973289413241
2228,2588,0.004049436241696703,0.28014430414874425,0.0,91,4,0.127973289413241
3316,2434,0.0031513067063594882,0.2613084837895554,0.0,91,4,0.127973289413241
1402,1955,0.004350699090059674,0.28636266931423304,0.0,92,4,0.127973289413241
1430,2128,0.005903490598728596,0.28628146047500885,0.0,92,4,0.127973289413241
2193,1940,0.004642830007526927,0.2801831806827644,0.0,93,4,0.127973289413241
2195,1954,0.00345767695536446,0.2801831806827644,0.0,93,4,0.127973289413241
1469,2436,0.004952791543047237,0.28701400241666075,0.0,94,4,0.127973289413241
1482,2498,0.0035082999042895194,0.28701400241666075,0.0,94,4,0.127973289413241
2135,2132,0.003910736303575689,0.280338794779228,0.0,94,4,0.127973289413241
2218,2377,0.0038613385479387033,0.2793883622777278,0.0,94,4,0.127973289413241
2229,2594,0.0048505405836981215,0.2793883622777278,0.0,94,4,0.127973289413241
1398,1932,0.005141384749080265,0.2870344043218652,0.0,95,4,0.127973289413241
2210,2246,0.00476284193760928,0.28022206800832755,0.0,95,4,0.127973289413241
2220,2394,0.003881639703608356,0.28022206800832755,0.0,95,4,0.127973289413241
3390,2537,0.003780889287615508,0.2613761408505405,0.0,95,4,0.127973289413241
1419,2042,0.004966546226736669,0.2871977240398293,0.0,96,4,0.127973289413241
2199,2026,0.010400784094867527,0.27942702927133073,0.0,96,4,0.127973289413241
2978,1964,0.0024086640235840015,0.2613930605903677,0.0,96,4,0.127973289413241
1479,2475,0.0044879115386933,0.2870752168349211,0.0,97,4,0.127973289413241
1484,2508,0.005109299036896972,0.2872385830132309,0.0,98,4,0.127973289413241
1473,2458,0.0045462965134241504,0.2864236061852745,0.0,99,4,0.127973289413241
1488,2533,0.005996169988527114,0.2864236061852745,0.0,99,4,0.127973289413241
2172,2608,0.004329678361983863,0.2796398891966759,0.0,99,4,0.127973289413241
1444,2203,0.0037275799725069217,0.28727945361411494,0.0,100,4,0.127973289413241
1501,2643,0.0052022256475835315,0.28727945361411494,0.0,100,4,0.127973289413241
2232,2616,0.004352369928053338,0.2803193335647345,0.0,100,4,0.127973289413241
2227,2582,0.004841404448449244,0.280338794779228,0.0,101,4,0.127973289413241
1434,2143,0.004416682167662188,0.2871772989118839,0.0,102,4,0.127973289413241
2151,2332,0.005209700951391806,0.2797173732335827,0.0,103,4,0.127973289413241
2157,2372,0.005015509572294737,0.27975613135651933,0.0,105,4,0.127973289413241
2164,2512,0.00896763642341439,0.28055304661988467,0.0,105,4,0.127973289413241
2171,2597,0.006552816325571062,0.27975613135651933,0.0,105,4,0.127973289413241
2129,2028,0.005280875169033358,0.28057254030016676,0.0,106,4,0.127973289413241
2200,2052,0.005313848914129617,0.28043614139870826,0.0,106,4,0.127973289413241
951,1465,0.006145520725146925,0.35461491174145954,0.0,108,4,0.127973289413241
1467,2398,0.006727962250409874,0.2866065725033714,0.0,108,4,0.127973289413241
2127,1948,0.00550556793041799,0.2806115357887422,0.0,108,4,0.127973289413241
1449,2250,0.004881780546184655,0.287463515341354,0.0,109,4,0.127973289413241
1472,2451,0.00574131184821219,0.28732033584744554,0.0,109,4,0.127973289413241
2139,2169,0.0048835058395568275,0.28063103759816527,0.0,109,4,0.127973289413241
2141,2194,0.0056093796736658924,0.27983367983367985,0.0,109,4,0.127973289413241
2153,2338,0.0058875389402499746,0.27983367983367985,0.0,109,4,0.127973289413241
2222,2419,0.004111410095198538,0.2804945818282856,0.0,109,4,0.127973289413241
2142,2196,0.0055562441209014695,0.28065054211843204,0.0,110,4,0.127973289413241
2155,2351,0.00607810176751314,0.2798530736710791,0.0,110,4,0.127973289413241
1418,2039,0.005559015190144683,0.28652522528915064,0.0,112,4,0.127973289413241
1429,2127,0.004961980606949417,0.2873816810191445,0.0,112,4,0.127973289413241
1442,2189,0.01198720911566741,0.28740213523131675,0.0,113,4,0.127973289413241
1439,2180,0.005555746591788038,0.28756587380715,0.0,114,4,0.127973289413241
1496,2617,0.004448386851215991,0.2874225923553278,0.0,114,4,0.127973289413241
2131,2053,0.005909743532905049,0.2799500831946755,0.0,115,4,0.127973289413241
1445,2223,0.005986114295891716,0.2876068376068376,0.0,116,4,0.127973289413241
2169,2567,0.007296306115769578,0.27996949317063025,0.0,116,4,0.127973289413241
2207,2176,0.004153697832648495,0.28065054211843204,0.0,117,4,0.127973289413241
2209,2241,0.005400754773475755,0.28068955929375783,0.0,119,4,0.127973289413241
1438,2174,0.004262836096724645,0.28754539628284553,0.0,120,4,0.127973289413241
2128,1959,0.006304618450034187,0.2800471599972259,0.0,120,4,0.127973289413241
2194,1947,0.004875312085777304,0.2807090719499479,0.0,120,4,0.127973289413241
1480,2491,0.005774261493534332,0.28770929818311364,0.0,121,4,0.127973289413241
2134,2125,0.0057127476485918345,0.2808652709188287,0.0,121,4,0.127973289413241
2216,2344,0.004850493321242857,0.2807285873192436,0.0,121,4,0.127973289413241
1448,2247,0.005473715203220333,0.2877297990594271,0.0,122,4,0.127973289413241
1460,2319,0.006301273577357914,0.2877297990594271,0.0,122,4,0.127973289413241
1503,2649,0.005245918434778189,0.2877297990594271,0.0,122,4,0.127973289413241
2212,2294,0.004259882079961585,0.28074810540221096,0.0,122,4,0.127973289413241
1417,2038,0.004342768525482743,0.2876068376068376,0.0,123,4,0.127973289413241
1422,2071,0.006446846333771573,0.2876068376068376,0.0,123,4,0.127973289413241
1459,2302,0.007157903871409691,0.2869120363791388,0.0,123,4,0.127973289413241
2125,1920,0.0062411358110218175,0.280904347826087,0.0,123,4,0.127973289413241
1475,2461,0.005297469007104881,0.28762732388346746,0.0,124,4,0.127973289413241
1461,2327,0.005336337417767831,0.2869528140989198,0.0,125,4,0.127973289413241
2170,2592,0.006553262076350024,0.28014430414874425,0.0,125,4,0.127973289413241
1476,2463,0.005592179383195756,0.2876683051934174,0.0,126,4,0.127973289413241
1497,2629,0.006397561053997141,0.28783234728063295,0.0,127,4,0.127973289413241
2173,2642,0.005222759520645394,0.2809825342704057,0.0,127,4,0.127973289413241
2138,2149,0.0055359292025680415,0.2810020876826722,0.0,128,4,0.127973289413241
1423,2072,0.005679196330894581,0.2877297990594271,0.0,129,4,0.127973289413241
1446,2224,0.006008795890068947,0.2877297990594271,0.0,129,4,0.127973289413241
1454,2279,0.006928918078415443,0.2870344043218652,0.0,129,4,0.127973289413241
1453,2268,0.004572971743832197,0.28789391130757164,0.0,130,4,0.127973289413241
1425,2102,0.005874243305275337,0.2879349686252139,0.0,132,4,0.127973289413241
1477,2471,0.006086654145533566,0.28779131922172335,0.0,132,4,0.127973289413241
136,136,0.0038937646321166885,0.2941862159405508,0.0,133,4,0.127973289413241
1397,1926,0.005566866559535453,0.28721815207340495,0.0,134,4,0.127973289413241
1440,2183,0.006543967220564591,0.2871364573704046,0.0,134,4,0.127973289413241
2163,2509,0.005105122313985738,0.28111946532999166,0.0,134,4,0.127973289413241
2168,2555,0.006565871387047667,0.2811390378054724,0.0,135,4,0.127973289413241
1433,2138,0.006348344588705533,0.28721815207340495,0.0,138,4,0.127973289413241
1485,2510,0.006622355734105307,0.28805821087173633,0.0,138,4,0.127973289413241
1435,2153,0.007182777269197747,0.2880787615038881,0.0,139,4,0.127973289413241
1486,2511,0.0064879122389145515,0.2879555016758183,0.0,140,4,0.127973289413241
1421,2068,0.006147244009112742,0.2881198715661791,0.0,141,4,0.127973289413241
1428,2117,0.005677135914571921,0.28814043099757386,0.0,142,4,0.127973289413241
1458,2292,0.008062669648307468,0.28814043099757386,0.0,142,4,0.127973289413241
1400,1945,0.006389657470527979,0.28822269807280515,0.0,146,4,0.127973289413241
1416,2032,0.006381190475877284,0.2882432721821686,0.0,147,4,0.127973289413241
1441,2187,0.006556128935921789,0.288263849229012,0.0,148,4,0.127973289413241
1462,2336,0.007875366782871152,0.2883050121376553,0.0,150,4,0.127973289413241
2146,2282,0.006446486586913102,0.28151143335192413,0.0,154,4,0.127973289413241
1203,1718,0.004514925125159849,0.3566507684154743,0.0,155,4,0.127973289413241
2133,2087,0.007204660961116679,0.2815506902802956,0.0,156,4,0.127973289413241
1431,2133,0.0054870355175375305,0.28834618680377033,0.0,159,4,0.127973289413241
1457,2289,0.005852270921723689,0.2885110031437554,0.0,160,4,0.127973289413241
2152,2333,0.007583388996000722,0.28162923699260706,0.0,160,4,0.127973289413241
1455,2283,0.007054338147249893,0.2885316184351554,0.0,161,4,0.127973289413241
1420,2054,0.006709490012387801,0.2885728578575002,0.0,163,4,0.127973289413241
1495,2598,0.006918121984660585,0.2885934819897084,0.0,164,4,0.127973289413241
2150,2328,0.007791105655431113,0.2817471392687692,0.0,166,4,0.127973289413241
1063,1577,0.0071592872491488945,0.35718708536045995,0.0,170,4,0.127973289413241
1411,2007,0.015231121104268714,0.2887379335001788,0.0,171,4,0.127973289413241
1424,2081,0.008476380851961172,0.2887585812356979,0.0,172,4,0.127973289413241
1443,2199,0.007216124118140278,0.2888205421643659,0.0,175,4,0.127973289413241
1426,2111,0.007134018751472765,0.28900658459776696,0.0,184,4,0.127973289413241
1466,2384,0.008060325957364462,0.2882432721821686,0.0,188,4,0.127973289413241
2130,2047,0.007519209202457485,0.28170782754290496,0.0,205,4,0.127973289413241
2126,1941,0.0516805408540329,0.2820620284995809,0.0,223,4,0.127973289413241
352,1912,0.09540586441269956,0.35094733182687293,0.0,755,4,0.127973289413241
385,899,1.0468448015353715e-06,0.31500117013807627,0.0,3,5,0.2191152597402597
520,1034,1.0691950941995305e-06,0.31500117013807627,0.0,3,5,0.2191152597402597
869,1383,1.264176603886623e-06,0.31502574504602904,0.0,4,5,0.2191152597402597
1137,1651,1.4046453683508043e-06,0.31502574504602904,0.0,4,5,0.2191152597402597
1341,1856,1.4216801090289222e-06,0.31502574504602904,0.0,4,5,0.2191152597402597
524,1038,1.1482344794117416e-06,0.3150503237887181,0.0,5,5,0.2191152597402597
643,1157,1.279091725771276e-06,0.3150503237887181,0.0,5,5,0.2191152597402597
832,1346,1.433961197542484e-06,0.3150503237887181,0.0,5,5,0.2191152597402597
928,1442,1.2332578897306827e-06,0.3150503237887181,0.0,5,5,0.2191152597402597
962,1476,1.0807273674260833e-06,0.3153948293368742,0.0,5,5,0.2191152597402597
1282,1797,1.2689973562918634e-06,0.3150503237887181,0.0,5,5,0.2191152597402597
619,1133,1.4803449076614868e-06,0.3150749063670412,0.0,6,5,0.2191152597402597
637,1151,1.6495305908243645e-06,0.3151486771247951,0.0,6,5,0.2191152597402597
984,1498,1.544404406757226e-06,0.3150749063670412,0.0,6,5,0.2191152597402597
1007,1521,2.122133290272004e-06,0.3150749063670412,0.0,6,5,0.2191152597402597
1182,1697,2.9890725709692257e-05,0.33283877349159247,0.0,8,5,0.2191152597402597
1260,1775,1.6188128171590909e-06,0.3151240830341814,0.0,8,5,0.2191152597402597
1350,1865,2.1604270493848052e-06,0.3151240830341814,0.0,8,5,0.2191152597402597
484,998,1.994128758087393e-06,0.3151486771247951,0.0,9,5,0.2191152597402597
706,1220,2.1013979816194624e-06,0.3151486771247951,0.0,9,5,0.2191152597402597
725,1239,1.7607962180400386e-06,0.3151486771247951,0.0,9,5,0.2191152597402597
897,1411,2.445410453852631e-06,0.31537019681349576,0.0,10,5,0.2191152597402597
949,1463,2.0055431164694212e-06,0.31517327505463627,0.0,10,5,0.2191152597402597
536,1050,1.1354782089837332e-06,0.3151978768246039,0.0,11,5,0.2191152597402597
1156,1670,1.403604539091456e-06,0.31554270532155976,0.0,11,5,0.2191152597402597
1390,1905,1.2816075431786323e-06,0.3151978768246039,0.0,11,5,0.2191152597402597
887,1401,2.1943209969038636e-06,0.3152224824355972,0.0,12,5,0.2191152597402597
1013,1527,2.06292752724759e-06,0.3155673648015005,0.0,12,5,0.2191152597402597
1307,1822,1.4204545021490896e-06,0.3155673648015005,0.0,12,5,0.2191152597402597
393,907,1.8197055226710795e-06,0.3152470918885159,0.0,13,5,0.2191152597402597
406,920,2.8417657741729927e-06,0.3152470918885159,0.0,13,5,0.2191152597402597
752,1266,1.5697547079839799e-06,0.31559202813599063,0.0,13,5,0.2191152597402597
1359,1874,2.1199767973369442e-06,0.3152470918885159,0.0,13,5,0.2191152597402597
541,1055,1.7883386628919655e-06,0.315616695325934,0.0,14,5,0.2191152597402597
636,1150,2.4856709325383845e-06,0.31551804969526487,0.0,14,5,0.2191152597402597
1004,1518,1.8362231222090925e-06,0.33493696084936964,0.0,14,5,0.2191152597402597
570,1084,3.1717737301816124e-06,0.31529632232372923,0.0,15,5,0.2191152597402597
920,1434,2.0665649219223706e-06,0.31564136637223483,0.0,15,5,0.2191152597402597
1030,1544,1.8618184354218677e-06,0.3157647794807632,0.0,15,5,0.2191152597402597
1195,1710,2.2641738101786307e-06,0.3158141717503519,0.0,15,5,0.2191152597402597
1302,1817,3.101627156079446e-05,0.33303092783505156,0.0,15,5,0.2191152597402597
927,1441,1.8763816075737353e-06,0.3156660412757974,0.0,16,5,0.2191152597402597
1050,1564,1.6894977546234529e-06,0.3156660412757974,0.0,16,5,0.2191152597402597
1080,1594,2.359241624028237e-06,0.31546875,0.0,16,5,0.2191152597402597
1185,1700,2.7951870510073786e-06,0.3153455681374463,0.0,17,5,0.2191152597402597
1345,1860,2.106406894310019e-06,0.3158141717503519,0.0,17,5,0.2191152597402597
459,973,3.0656572968182934e-06,0.3162346307463388,0.0,18,5,0.2191152597402597
987,1501,2.436742262705676e-06,0.31537019681349576,0.0,18,5,0.2191152597402597
1164,1678,2.111443294009406e-06,0.315937720053204,0.0,18,5,0.2191152597402597
1368,1883,4.122863704889649e-05,0.33355360978027426,0.0,18,5,0.2191152597402597
477,991,2.4567021627919607e-06,0.3161603507673035,0.0,19,5,0.2191152597402597
647,1161,3.584435605158062e-06,0.31564136637223483,0.0,19,5,0.2191152597402597
1023,1537,2.274620952837076e-06,0.33507592730893704,0.0,19,5,0.2191152597402597
577,1091,2.6911225449227573e-06,0.31541946570848306,0.0,20,5,0.2191152597402597
1071,1585,2.013315213248831e-06,0.3157647794807632,0.0,20,5,0.2191152597402597
1256,1771,2.831606532769067e-06,0.31541946570848306,0.0,20,5,0.2191152597402597
1265,1780,3.142897037401741e-05,0.3333333333333333,0.0,20,5,0.2191152597402597
412,926,3.438056501212379e-06,0.3154441059292243,0.0,21,5,0.2191152597402597
458,972,2.7417595978245087e-06,0.3154441059292243,0.0,21,5,0.2191152597402597
555,1069,2.8970053566432956e-06,0.3154441059292243,0.0,21,5,0.2191152597402597
925,1439,4.113252374020183e-06,0.3154441059292243,0.0,21,5,0.2191152597402597
549,1063,2.882057347498853e-06,0.31546875,0.0,22,5,0.2191152597402597
970,1484,3.1575695733567674e-06,0.31546875,0.0,22,5,0.2191152597402597
1264,1779,2.349933030292705e-06,0.315937720053204,0.0,22,5,0.2191152597402597
1290,1805,4.165755831410617e-06,0.31546875,0.0,22,5,0.2191152597402597
1337,1852,3.1330082928713037e-05,0.33349851337958375,0.0,22,5,0.2191152597402597
905,1419,3.015510209449752e-06,0.3417400135409614,0.0,24,5,0.2191152597402597
1104,1618,7.584471308850362e-05,0.3349647449191207,0.0,24,5,0.2191152597402597
807,1321,4.504832887059695e-06,0.31554270532155976,0.0,25,5,0.2191152597402597
1042,1556,3.2973318690018788e-06,0.31554270532155976,0.0,25,5,0.2191152597402597
1047,1561,3.720636478217571e-06,0.3162841701261064,0.0,25,5,0.2191152597402597
1160,1674,4.143229560956975e-06,0.317353033637221,0.0,25,5,0.2191152597402597
1254,1769,3.186731380990936e-05,0.3333058192323566,0.0,25,5,0.2191152597402597
1321,1836,3.254001394758207e-05,0.3333058192323566,0.0,25,5,0.2191152597402597
682,1196,3.2624641329837115e-05,0.3333333333333333,0.0,26,5,0.2191152597402597
1385,1900,3.3690210290625824e-06,0.3155673648015005,0.0,26,5,0.2191152597402597
525,1039,3.3255205908885013e-06,0.31559202813599063,0.0,27,5,0.2191152597402597
650,1164,4.434987747786824e-06,0.31559202813599063,0.0,27,5,0.2191152597402597
1306,1821,4.158878151815248e-06,0.31559202813599063,0.0,27,5,0.2191152597402597
926,1440,3.287752287960408e-05,0.33355360978027426,0.0,28,5,0.2191152597402597
602,1116,4.860956549414121e-06,0.31564136637223483,0.0,29,5,0.2191152597402597
1343,1858,4.9093659045950965e-06,0.315937720053204,0.0,29,5,0.2191152597402597
408,922,4.982664963847879e-06,0.3156660412757974,0.0,30,5,0.2191152597402597
751,1265,4.531374792476925e-06,0.3162098668754894,0.0,31,5,0.2191152597402597
769,1283,3.886005766954134e-06,0.3163337250293772,0.0,32,5,0.2191152597402597
944,1458,3.283549632356534e-05,0.33352605930453455,0.0,33,5,0.2191152597402597
1005,1519,4.043094475166993e-06,0.31660655480633526,0.0,33,5,0.2191152597402597
764,1278,4.215934559237794e-06,0.3163337250293772,0.0,36,5,0.2191152597402597
823,1337,5.219005812240801e-06,0.3158141717503519,0.0,36,5,0.2191152597402597
1003,1517,5.202339493409133e-06,0.3158141717503519,0.0,36,5,0.2191152597402597
893,1407,4.87413530349837e-06,0.3163585083046067,0.0,37,5,0.2191152597402597
1112,1626,3.312376706091014e-05,0.3336362885235066,0.0,37,5,0.2191152597402597
1331,1846,3.313958191268547e-05,0.3341885293387404,0.0,38,5,0.2191152597402597
1018,1532,5.2932379347831185e-06,0.31588828913400613,0.0,39,5,0.2191152597402597
1396,1911,3.353324970429066e-05,0.333856965688301,0.0,39,5,0.2191152597402597
1259,1774,6.561561445590904e-06,0.3159130026599906,0.0,40,5,0.2191152597402597
1328,1843,6.0951720860756615e-06,0.3160613650594865,0.0,40,5,0.2191152597402597
1010,1524,5.390087064012282e-06,0.315937720053204,0.0,41,5,0.2191152597402597
1394,1909,3.4364290990382016e-05,0.33391218060034733,0.0,41,5,0.2191152597402597
851,1365,6.098380228405795e-06,0.315962441314554,0.0,42,5,0.2191152597402597
1336,1851,6.447044848095431e-06,0.31643288143562415,0.0,42,5,0.2191152597402597
1058,1572,5.04083144361892e-06,0.31598716644494873,0.0,43,5,0.2191152597402597
884,1398,6.307767866196081e-06,0.3160118954452966,0.0,44,5,0.2191152597402597
666,1180,6.754959723856364e-06,0.3160366283165062,0.0,45,5,0.2191152597402597
1187,1702,7.178629321921874e-05,0.33538205980066443,0.0,45,5,0.2191152597402597
445,959,5.176218837641337e-06,0.3160613650594865,0.0,46,5,0.2191152597402597
875,1389,6.603502273969591e-06,0.3160613650594865,0.0,46,5,0.2191152597402597
946,1460,7.2331406400645315e-06,0.3166810446239511,0.0,46,5,0.2191152597402597
1317,1832,5.00086425572847e-06,0.3160613650594865,0.0,46,5,0.2191152597402597
971,1485,3.5533297448614296e-05,0.33443763458671527,0.0,47,5,0.2191152597402597
779,1293,7.427746253892734e-06,0.31611085016439644,0.0,48,5,0.2191152597402597
554,1068,5.134854373304268e-06,0.3161355985281453,0.0,49,5,0.2191152597402597
681,1195,8.061331857623327e-06,0.3161355985281453,0.0,49,5,0.2191152597402597
813,1327,3.574561414380179e-05,0.3342438539855972,0.0,49,5,0.2191152597402597
1208,1723,7.495941964336448e-06,0.3161355985281453,0.0,49,5,0.2191152597402597
1219,1734,7.339286918395656e-06,0.3161355985281453,0.0,49,5,0.2191152597402597
1348,1863,3.539536599731424e-05,0.33396741377884376,0.0,49,5,0.2191152597402597
578,1092,8.087264782346492e-06,0.3161603507673035,0.0,50,5,0.2191152597402597
891,1405,5.239434580031804e-06,0.3424936386768448,0.0,50,5,0.2191152597402597
999,1513,3.4974703115000014e-05,0.3345761869251802,0.0,52,5,0.2191152597402597
855,1369,3.528486879263165e-05,0.3354377803621864,0.0,53,5,0.2191152597402597
879,1393,7.4978327307817694e-06,0.31675556950109823,0.0,53,5,0.2191152597402597
540,1054,6.035592882491146e-06,0.3167804189220993,0.0,54,5,0.2191152597402597
598,1112,6.162027865222219e-06,0.31625939849624063,0.0,54,5,0.2191152597402597
705,1219,8.771152337495518e-06,0.31625939849624063,0.0,54,5,0.2191152597402597
771,1285,5.9218001249091355e-06,0.3162841701261064,0.0,55,5,0.2191152597402597
822,1336,6.639617374702922e-06,0.3162841701261064,0.0,55,5,0.2191152597402597
1028,1542,7.026991663735274e-06,0.3162841701261064,0.0,55,5,0.2191152597402597
921,1435,4.819474204856899e-06,0.3188566013897663,0.0,56,5,0.2191152597402597
923,1437,8.20902810389006e-06,0.3164576802507837,0.0,56,5,0.2191152597402597
1207,1722,7.4320278215747815e-06,0.31630894563684786,0.0,56,5,0.2191152597402597
1239,1754,7.046723736073274e-06,0.3168549905838041,0.0,57,5,0.2191152597402597
687,1201,7.990317743411433e-06,0.3163585083046067,0.0,58,5,0.2191152597402597
1209,1724,6.63788094314584e-06,0.31690472453304036,0.0,59,5,0.2191152597402597
1057,1571,6.895057942006864e-06,0.3164080865068171,0.0,60,5,0.2191152597402597
1257,1772,8.090998688227377e-06,0.31643288143562415,0.0,61,5,0.2191152597402597
469,983,6.846604566721257e-06,0.3164576802507837,0.0,62,5,0.2191152597402597
943,1457,7.464805417367566e-06,0.3164576802507837,0.0,62,5,0.2191152597402597
418,932,8.079009913153342e-06,0.3164824829532095,0.0,63,5,0.2191152597402597
560,1074,8.99846851445477e-05,0.33661220406802267,0.0,63,5,0.2191152597402597
826,1340,7.0651285676091474e-06,0.3164824829532095,0.0,63,5,0.2191152597402597
1296,1811,9.249272402414345e-06,0.3164824829532095,0.0,63,5,0.2191152597402597
1021,1535,8.825901722344326e-06,0.31650728954381563,0.0,64,5,0.2191152597402597
1362,1877,8.543968253145924e-06,0.31650728954381563,0.0,64,5,0.2191152597402597
533,1047,9.769577598908455e-06,0.3165321000235165,0.0,65,5,0.2191152597402597
542,1056,7.458479662887007e-06,0.3165321000235165,0.0,65,5,0.2191152597402597
383,897,9.796561245255856e-06,0.3165569143932267,0.0,66,5,0.2191152597402597
481,995,8.942013405323689e-06,0.3167804189220993,0.0,66,5,0.2191152597402597
616,1130,7.927623644562343e-06,0.3165569143932267,0.0,66,5,0.2191152597402597
668,1182,3.8047232964867676e-05,0.33504812479256557,0.0,66,5,0.2191152597402597
773,1287,9.368466166552031e-06,0.3165569143932267,0.0,66,5,0.2191152597402597
1250,1765,9.444643383339775e-06,0.3170291277380859,0.0,66,5,0.2191152597402597
514,1028,3.75003522283253e-05,0.3344653358734366,0.0,67,5,0.2191152597402597
526,1040,7.145126449847954e-06,0.31658173265386125,0.0,67,5,0.2191152597402597
837,1351,1.0283910076245529e-05,0.31658173265386125,0.0,67,5,0.2191152597402597
1267,1782,3.742260564562386e-05,0.3344653358734366,0.0,67,5,0.2191152597402597
468,982,8.210537807603936e-06,0.31660655480633526,0.0,68,5,0.2191152597402597
621,1135,1.0132005986198027e-05,0.31660655480633526,0.0,68,5,0.2191152597402597
1009,1523,3.7985337383100146e-05,0.334520752216055,0.0,69,5,0.2191152597402597
1026,1540,3.585507803424923e-05,0.33510373443983404,0.0,69,5,0.2191152597402597
1130,1644,8.161724463847987e-06,0.3171536286522149,0.0,69,5,0.2191152597402597
596,1110,8.194750141747279e-06,0.31760264275601696,0.0,70,5,0.2191152597402597
1014,1528,8.668756093495741e-06,0.3178026129387691,0.0,70,5,0.2191152597402597
609,1123,9.39253314497332e-06,0.3166810446239511,0.0,71,5,0.2191152597402597
956,1470,9.983272154868504e-06,0.3166810446239511,0.0,71,5,0.2191152597402597
1100,1614,1.0346623868521792e-05,0.3171536286522149,0.0,71,5,0.2191152597402597
1281,1796,9.367456122832579e-06,0.3166810446239511,0.0,71,5,0.2191152597402597
1376,1891,1.1065135516114062e-05,0.3166810446239511,0.0,71,5,0.2191152597402597
693,1207,7.918307395988215e-06,0.31670588235294117,0.0,72,5,0.2191152597402597
1024,1538,8.519399550914297e-06,0.31670588235294117,0.0,72,5,0.2191152597402597
861,1375,9.026531614258567e-06,0.31675556950109823,0.0,74,5,0.2191152597402597
888,1402,9.85623564859801e-06,0.31675556950109823,0.0,74,5,0.2191152597402597
1139,1653,8.721078240686235e-06,0.31675556950109823,0.0,74,5,0.2191152597402597
413,927,1.0804578328999065e-05,0.31725329981143935,0.0,75,5,0.2191152597402597
695,1209,9.16487975755152e-06,0.31732809430255404,0.0,76,5,0.2191152597402597
766,1280,9.586949600408743e-06,0.31680527224227206,0.0,76,5,0.2191152597402597
485,999,1.0964115944946712e-05,0.3168301294625343,0.0,77,5,0.2191152597402597
809,1323,1.1310340152278259e-05,0.3168301294625343,0.0,77,5,0.2191152597402597
392,906,9.083602598017832e-06,0.3173779768922424,0.0,78,5,0.2191152597402597
1125,1639,1.0978364506991902e-05,0.31732809430255404,0.0,78,5,0.2191152597402597
515,1029,5.309193064137798e-05,0.3375125376128385,0.0,79,5,0.2191152597402597
1025,1539,1.0960104121801647e-05,0.31687985560699994,0.0,79,5,0.2191152597402597
1118,1632,1.1012668268001297e-05,0.31687985560699994,0.0,79,5,0.2191152597402597
1222,1737,9.617523221851661e-06,0.31687985560699994,0.0,79,5,0.2191152597402597
512,1026,1.1852024739620647e-05,0.31690472453304036,0.0,80,5,0.2191152597402597
561,1075,9.021143254770148e-06,0.3182785528493734,0.0,80,5,0.2191152597402597
798,1312,4.0206047835342046e-05,0.33535420646125735,0.0,80,5,0.2191152597402597
1138,1652,8.80099086821604e-06,0.3169295973628444,0.0,81,5,0.2191152597402597
420,934,1.2005531935711246e-05,0.31695447409733124,0.0,82,5,0.2191152597402597
535,1049,9.76278477760431e-06,0.317827626918536,0.0,82,5,0.2191152597402597
1145,1659,1.0690492663703618e-05,0.31695447409733124,0.0,82,5,0.2191152597402597
1238,1753,1.2684253695216757e-05,0.31695447409733124,0.0,82,5,0.2191152597402597
684,1198,1.1148159416536508e-05,0.3169793547374205,0.0,83,5,0.2191152597402597
1066,1580,1.0557856237366947e-05,0.3169793547374205,0.0,83,5,0.2191152597402597
438,952,1.2098188253020813e-05,0.31700423928403204,0.0,84,5,0.2191152597402597
758,1272,1.1898160470858602e-05,0.3174777891343659,0.0,84,5,0.2191152597402597
845,1359,1.0225904471554184e-05,0.31700423928403204,0.0,84,5,0.2191152597402597
874,1388,1.051408512292574e-05,0.31700423928403204,0.0,84,5,0.2191152597402597
510,1024,1.034976552359742e-05,0.3170291277380859,0.0,85,5,0.2191152597402597
775,1289,5.520408014069316e-05,0.336359850062474,0.0,85,5,0.2191152597402597
866,1380,1.0439464599057476e-05,0.3170291277380859,0.0,85,5,0.2191152597402597
776,1290,1.090833834919753e-05,0.31760264275601696,0.0,87,5,0.2191152597402597
646,1160,1.0842846721230846e-05,0.3182033096926714,0.0,88,5,0.2191152597402597
1076,1590,4.036758021921811e-05,0.3355771628022937,0.0,88,5,0.2191152597402597
1304,1819,1.2046778304940078e-05,0.31710381655410713,0.0,88,5,0.2191152597402597
667,1181,1.1318521605325634e-05,0.3171287206471374,0.0,89,5,0.2191152597402597
1280,1795,1.1483078795890785e-05,0.3171287206471374,0.0,89,5,0.2191152597402597
935,1449,1.1596626778018711e-05,0.3171536286522149,0.0,90,5,0.2191152597402597
1091,1605,1.162619052315069e-05,0.3171536286522149,0.0,90,5,0.2191152597402597
830,1344,1.0432669892032693e-05,0.3177025963808025,0.0,91,5,0.2191152597402597
774,1288,1.0697738777448997e-05,0.31720345640219955,0.0,92,5,0.2191152597402597
1095,1609,1.211398915856107e-05,0.3177275946179873,0.0,92,5,0.2191152597402597
728,1242,1.0751082948655798e-05,0.31775259678942397,0.0,93,5,0.2191152597402597
966,1480,1.0194658261386317e-05,0.31775259678942397,0.0,93,5,0.2191152597402597
1170,1685,1.2723292271002949e-05,0.3172283761489512,0.0,93,5,0.2191152597402597
489,1003,1.1595679116825378e-05,0.3172782273905869,0.0,95,5,0.2191152597402597
1173,1688,1.3180028885769335e-05,0.3368930418821959,0.0,95,5,0.2191152597402597
483,997,1.1676574997891826e-05,0.3173031588873173,0.0,96,5,0.2191152597402597
757,1271,1.124646719322836e-05,0.3173031588873173,0.0,96,5,0.2191152597402597
969,1483,4.9431199879315676e-05,0.33493696084936964,0.0,96,5,0.2191152597402597
614,1128,1.2087546327779177e-05,0.3191842542091534,0.0,98,5,0.2191152597402597
642,1156,1.1597824050943828e-05,0.3173779768922424,0.0,99,5,0.2191152597402597
1123,1637,1.3692170608595665e-05,0.317852644836272,0.0,99,5,0.2191152597402597
1346,1861,1.1779490255841313e-05,0.31790269248937175,0.0,99,5,0.2191152597402597
649,1163,1.2125274270176008e-05,0.3174029240685427,0.0,100,5,0.2191152597402597
820,1334,4.002695892745958e-05,0.33644392601233125,0.0,100,5,0.2191152597402597
825,1339,1.1844725480059286e-05,0.3174029240685427,0.0,100,5,0.2191152597402597
1109,1623,1.2274425839118804e-05,0.3174029240685427,0.0,100,5,0.2191152597402597
1129,1643,1.4260242215252738e-05,0.3174029240685427,0.0,100,5,0.2191152597402597
1330,1845,1.242450270108696e-05,0.3174278751670466,0.0,101,5,0.2191152597402597
1383,1898,1.2299900647445643e-05,0.3174278751670466,0.0,101,5,0.2191152597402597
635,1149,1.5233992742188185e-05,0.31745283018867926,0.0,102,5,0.2191152597402597
691,1205,1.2705246475449985e-05,0.31745283018867926,0.0,102,5,0.2191152597402597
1295,1810,1.1657752055099831e-05,0.31745283018867926,0.0,102,5,0.2191152597402597
1311,1826,1.3179728753634804e-05,0.31745283018867926,0.0,102,5,0.2191152597402597
446,960,1.1525113469041757e-05,0.3174777891343659,0.0,103,5,0.2191152597402597
1274,1789,1.1573274869504735e-05,0.3174777891343659,0.0,103,5,0.2191152597402597
464,978,1.395955312786418e-05,0.31750275200503225,0.0,104,5,0.2191152597402597
791,1305,1.4617761662362288e-05,0.31775259678942397,0.0,104,5,0.2191152597402597
1226,1741,1.35203829128316e-05,0.31750275200503225,0.0,104,5,0.2191152597402597
1016,1530,1.3625157838079821e-05,0.31752771880160413,0.0,105,5,0.2191152597402597
1197,1712,1.226723067786565e-05,0.31752771880160413,0.0,105,5,0.2191152597402597
1371,1886,1.3516493309141252e-05,0.31752771880160413,0.0,105,5,0.2191152597402597
407,921,4.2461746051183903e-05,0.33554927704836296,0.0,106,5,0.2191152597402597
534,1048,1.4184409906992135e-05,0.31775259678942397,0.0,106,5,0.2191152597402597
569,1083,1.1907739525351358e-05,0.31755268952500787,0.0,106,5,0.2191152597402597
895,1409,1.3722423252962828e-05,0.31755268952500787,0.0,106,5,0.2191152597402597
453,967,1.4964494647638306e-05,0.31805293005671076,0.0,107,5,0.2191152597402597
788,1302,1.3967205144279541e-05,0.3175776641761699,0.0,107,5,0.2191152597402597
1349,1864,1.3350854847841476e-05,0.31810304080668034,0.0,107,5,0.2191152597402597
439,953,1.3613992317467458e-05,0.3187307601231352,0.0,109,5,0.2191152597402597
1220,1735,1.5442601837113964e-05,0.3176276252654763,0.0,109,5,0.2191152597402597
677,1191,1.4901114318938874e-05,0.31817823654558347,0.0,110,5,0.2191152597402597
902,1416,1.2895700068281314e-05,0.3182033096926714,0.0,111,5,0.2191152597402597
729,1243,1.486338304580358e-05,0.3177025963808025,0.0,112,5,0.2191152597402597
856,1370,1.2700293314055817e-05,0.3177025963808025,0.0,112,5,0.2191152597402597
1049,1563,1.681062228105051e-05,0.3177025963808025,0.0,112,5,0.2191152597402597
1083,1597,1.416071631040102e-05,0.3177025963808025,0.0,112,5,0.2191152597402597
658,1172,1.5019403019889188e-05,0.3177275946179873,0.0,113,5,0.2191152597402597
777,1291,1.500867852954718e-05,0.3177275946179873,0.0,113,5,0.2191152597402597
1294,1809,1.2678467383486324e-05,0.3177275946179873,0.0,113,5,0.2191152597402597
700,1214,1.5186250165781264e-05,0.31775259678942397,0.0,114,5,0.2191152597402597
1105,1619,1.3360313760255655e-05,0.31775259678942397,0.0,114,5,0.2191152597402597
433,947,1.5148587327399168e-05,0.31777760289604157,0.0,115,5,0.2191152597402597
452,966,1.4294557282949382e-05,0.31777760289604157,0.0,115,5,0.2191152597402597
659,1173,5.7195910151134205e-05,0.33892899110290414,0.0,115,5,0.2191152597402597
1206,1721,1.4025821334635488e-05,0.31777760289604157,0.0,115,5,0.2191152597402597
1237,1752,1.4068330675776161e-05,0.31777760289604157,0.0,115,5,0.2191152597402597
611,1125,1.3758455599010568e-05,0.317827626918536,0.0,117,5,0.2191152597402597
1006,1520,1.667926328826796e-05,0.317827626918536,0.0,117,5,0.2191152597402597
1086,1600,1.3967241116190321e-05,0.3183538315988647,0.0,117,5,0.2191152597402597
1094,1608,1.6043308032206183e-05,0.317827626918536,0.0,117,5,0.2191152597402597
1103,1617,4.3989118024944264e-05,0.33585627547201197,0.0,117,5,0.2191152597402597
1161,1675,1.4756138839246961e-05,0.317827626918536,0.0,117,5,0.2191152597402597
1327,1842,1.7053529389809293e-05,0.3178776666929072,0.0,119,5,0.2191152597402597
1334,1849,1.5800280537233056e-05,0.3178776666929072,0.0,119,5,0.2191152597402597
490,1004,1.4629807733663548e-05,0.31790269248937175,0.0,120,5,0.2191152597402597
753,1267,1.633952080659706e-05,0.31790269248937175,0.0,120,5,0.2191152597402597
1246,1761,1.4589731795550349e-05,0.3179277222265963,0.0,121,5,0.2191152597402597
1353,1868,1.441510901183759e-05,0.3179277222265963,0.0,121,5,0.2191152597402597
603,1117,1.565484152211799e-05,0.3179527559055118,0.0,122,5,0.2191152597402597
816,1330,1.536373129291145e-05,0.3179527559055118,0.0,122,5,0.2191152597402597
1033,1547,1.5344287319920725e-05,0.3179527559055118,0.0,122,5,0.2191152597402597
1154,1668,1.55222716247054e-05,0.3179527559055118,0.0,122,5,0.2191152597402597
565,1079,1.5186832378262398e-05,0.31797779352704936,0.0,123,5,0.2191152597402597
587,1101,1.4977281438077935e-05,0.31797779352704936,0.0,123,5,0.2191152597402597
827,1341,1.640703199616633e-05,0.31797779352704936,0.0,123,5,0.2191152597402597
1169,1683,1.559573380995181e-05,0.31797779352704936,0.0,123,5,0.2191152597402597
1352,1867,1.5227766363528024e-05,0.31797779352704936,0.0,123,5,0.2191152597402597
741,1255,1.7467349833329162e-05,0.31847937534505877,0.0,124,5,0.2191152597402597
953,1467,1.6355932859032237e-05,0.31847937534505877,0.0,124,5,0.2191152597402597
1056,1570,1.68033417716053e-05,0.3180028350921405,0.0,124,5,0.2191152597402597
1174,1689,1.5629347902246165e-05,0.3180028350921405,0.0,124,5,0.2191152597402597
716,1230,1.7147219976582228e-05,0.31802788060171694,0.0,125,5,0.2191152597402597
977,1491,1.5537529155221536e-05,0.31802788060171694,0.0,125,5,0.2191152597402597
755,1269,1.7047883498520086e-05,0.31805293005671076,0.0,126,5,0.2191152597402597
1235,1750,1.5918160968649846e-05,0.31805293005671076,0.0,126,5,0.2191152597402597
1151,1665,1.468766699619157e-05,0.3180779834580543,0.0,127,5,0.2191152597402597
1308,1823,1.645459388885342e-05,0.3180779834580543,0.0,127,5,0.2191152597402597
466,980,1.665173071216257e-05,0.31810304080668034,0.0,128,5,0.2191152597402597
821,1335,1.653171596211488e-05,0.31810304080668034,0.0,128,5,0.2191152597402597
1106,1620,1.3764487658086109e-05,0.3196643445218493,0.0,128,5,0.2191152597402597
610,1124,1.7228973877429768e-05,0.3181531673495115,0.0,130,5,0.2191152597402597
1387,1902,1.7346353231012277e-05,0.3181531673495115,0.0,130,5,0.2191152597402597
995,1509,4.568573636088198e-05,0.3367806505421184,0.0,131,5,0.2191152597402597
1242,1757,1.6035331711403765e-05,0.31817823654558347,0.0,131,5,0.2191152597402597
1276,1791,1.6841761066807757e-05,0.31870560378847673,0.0,131,5,0.2191152597402597
1301,1816,1.534970972528095e-05,0.31817823654558347,0.0,131,5,0.2191152597402597
661,1175,1.705076883775867e-05,0.3186804514245127,0.0,132,5,0.2191152597402597
942,1456,1.5157736750855015e-05,0.3182033096926714,0.0,132,5,0.2191152597402597
742,1256,1.6368182752427683e-05,0.3182785528493734,0.0,135,5,0.2191152597402597
974,1488,1.5708858417312635e-05,0.3182785528493734,0.0,135,5,0.2191152597402597
815,1329,1.7539902656059513e-05,0.3193104538984659,0.0,136,5,0.2191152597402597
1084,1598,1.512916290556406e-05,0.3194114855244423,0.0,136,5,0.2191152597402597
736,1250,1.531498369026207e-05,0.3188566013897663,0.0,137,5,0.2191152597402597
847,1361,0.00012725599990892373,0.3383042895442359,0.0,137,5,0.2191152597402597
1155,1669,1.8660288307197778e-05,0.3183287347260544,0.0,137,5,0.2191152597402597
639,1153,1.6502293088161012e-05,0.318378932429236,0.0,139,5,0.2191152597402597
1202,1717,1.7950087062943758e-05,0.318378932429236,0.0,139,5,0.2191152597402597
593,1107,1.7418635557482688e-05,0.3184291459664064,0.0,141,5,0.2191152597402597
492,1006,1.6998053474297976e-05,0.31845425867507887,0.0,142,5,0.2191152597402597
562,1076,1.8093825885922006e-05,0.31845425867507887,0.0,142,5,0.2191152597402597
618,1132,1.696914617315013e-05,0.31845425867507887,0.0,142,5,0.2191152597402597
708,1222,1.9026502746191375e-05,0.31845425867507887,0.0,142,5,0.2191152597402597
933,1447,1.719196909724404e-05,0.31845425867507887,0.0,142,5,0.2191152597402597
1089,1603,1.915627152604319e-05,0.3185296205726907,0.0,145,5,0.2191152597402597
1278,1793,1.9245228312883786e-05,0.3185296205726907,0.0,145,5,0.2191152597402597
817,1331,1.810989496047758e-05,0.3185547491322184,0.0,146,5,0.2191152597402597
1148,1662,1.790841441736336e-05,0.3185547491322184,0.0,146,5,0.2191152597402597
402,916,4.589625823094699e-05,0.33669640623697156,0.0,147,5,0.2191152597402597
632,1146,1.8156939233910353e-05,0.31878108470829714,0.0,147,5,0.2191152597402597
906,1420,1.980978992584109e-05,0.33870156014091596,0.0,148,5,0.2191152597402597
1090,1604,1.7270087327475128e-05,0.3197149643705463,0.0,148,5,0.2191152597402597
503,1017,1.8600528870862175e-05,0.31863015860490806,0.0,149,5,0.2191152597402597
1364,1879,1.935496289467749e-05,0.31865530303030304,0.0,150,5,0.2191152597402597
1043,1557,1.8714420101520612e-05,0.3192094861660079,0.0,151,5,0.2191152597402597
724,1238,1.688072619948179e-05,0.3198162521780453,0.0,152,5,0.2191152597402597
1284,1799,1.8844239914376856e-05,0.31870560378847673,0.0,152,5,0.2191152597402597
479,993,2.005774723402313e-05,0.3192852059777022,0.0,154,5,0.2191152597402597
671,1185,1.9996328642664738e-05,0.31880625296068216,0.0,156,5,0.2191152597402597
1008,1522,4.736212467722215e-05,0.33694926568758343,0.0,156,5,0.2191152597402597
1221,1736,1.9413306132639243e-05,0.31880625296068216,0.0,156,5,0.2191152597402597
1298,1813,2.008924943403729e-05,0.3199176041831722,0.0,156,5,0.2191152597402597
670,1184,1.903171880772893e-05,0.3188566013897663,0.0,158,5,0.2191152597402597
1002,1516,2.0504152432038328e-05,0.31888178156834873,0.0,159,5,0.2191152597402597
1040,1554,2.143246332060417e-05,0.3189069657242142,0.0,160,5,0.2191152597402597
545,1059,1.967392259990274e-05,0.319032946195781,0.0,165,5,0.2191152597402597
1324,1839,1.9848280318015606e-05,0.319032946195781,0.0,165,5,0.2191152597402597
432,946,2.1162604498227016e-05,0.31953786499960435,0.0,166,5,0.2191152597402597
853,1367,1.9796410579015558e-05,0.319588444796201,0.0,166,5,0.2191152597402597
411,925,4.7784243190037086e-05,0.3372588323728389,0.0,167,5,0.2191152597402597
957,1471,2.0105275597978346e-05,0.3191338022603335,0.0,169,5,0.2191152597402597
1037,1551,2.182749600304885e-05,0.3191842542091534,0.0,171,5,0.2191152597402597
697,1211,2.179327260198786e-05,0.31923472211241993,0.0,173,5,0.2191152597402597
877,1391,2.1120405342900227e-05,0.3192852059777022,0.0,175,5,0.2191152597402597
1108,1622,2.088608754453795e-05,0.3198162521780453,0.0,177,5,0.2191152597402597
885,1399,2.2148881586727294e-05,0.3193609617209744,0.0,178,5,0.2191152597402597
1096,1610,2.0269231451540952e-05,0.3193862216246144,0.0,179,5,0.2191152597402597
862,1376,5.091769675483067e-05,0.3382192813468465,0.0,182,5,0.2191152597402597
1099,1613,2.2297561134363066e-05,0.3194620253164557,0.0,182,5,0.2191152597402597
1320,1835,5.082166864715065e-05,0.3384177003017097,0.0,182,5,0.2191152597402597
564,1078,2.242567776056293e-05,0.3200190204469805,0.0,183,5,0.2191152597402597
1192,1707,2.2006698482608987e-05,0.31953786499960435,0.0,185,5,0.2191152597402597
1045,1559,2.260052181581042e-05,0.31956315289648624,0.0,186,5,0.2191152597402597
1199,1714,2.2873167676313033e-05,0.319588444796201,0.0,187,5,0.2191152597402597
1107,1621,5.0762777903448064e-05,0.3378796753409756,0.0,189,5,0.2191152597402597
863,1377,2.3240988773550576e-05,0.3201966537150107,0.0,190,5,0.2191152597402597
1098,1612,2.3492682978323176e-05,0.32014588123364784,0.0,190,5,0.2191152597402597
1318,1833,2.2869517319075846e-05,0.3196896524424036,0.0,191,5,0.2191152597402597
876,1390,2.3298232423657316e-05,0.3197402803072294,0.0,193,5,0.2191152597402597
1289,1804,2.2731037320705147e-05,0.31979092421002614,0.0,195,5,0.2191152597402597
612,1126,5.190180502477868e-05,0.33813431585998993,0.0,198,5,0.2191152597402597
1312,1827,2.2802040688512407e-05,0.3199429522224863,0.0,201,5,0.2191152597402597
1231,1746,2.228633037820186e-05,0.31996830427892237,0.0,202,5,0.2191152597402597
572,1086,2.0489511975106695e-05,0.322240842710079,0.0,205,5,0.2191152597402597
1075,1589,2.4931069756157206e-05,0.3200443845605136,0.0,205,5,0.2191152597402597
1253,1768,2.535262086716843e-05,0.32067979669631513,0.0,209,5,0.2191152597402597
1070,1584,2.4567554371898746e-05,0.3212921705919796,0.0,211,5,0.2191152597402597
685,1199,2.5397498550645585e-05,0.3203490678302261,0.0,217,5,0.2191152597402597
917,1431,2.5127982548388163e-05,0.3204253293128075,0.0,220,5,0.2191152597402597
1215,1730,2.6516457128797375e-05,0.32111332007952287,0.0,226,5,0.2191152597402597
838,1352,5.488482562233405e-05,0.3391567277003192,0.0,234,5,0.2191152597402597
1149,1663,5.56543493034634e-05,0.3391852162956741,0.0,235,5,0.2191152597402597
1285,1800,2.7183948786914357e-05,0.32159923542529467,0.0,245,5,0.2191152597402597
1373,1888,2.8511288310634232e-05,0.3212921705919796,0.0,254,5,0.2191152597402597
482,996,1.0652573130988524e-06,0.31564136637223483,0.0,4,6,0.247457627118644
517,1031,1.511936842513069e-06,0.31537019681349576,0.0,4,6,0.247457627118644
1065,1579,1.0876633345061716e-06,0.3150503237887181,0.0,5,6,0.247457627118644
787,1301,1.3044150332174568e-06,0.3150749063670412,0.0,6,6,0.247457627118644
573,1087,1.1068263968421114e-06,0.3157154026583268,0.0,7,6,0.247457627118644
409,923,1.3165667071887546e-06,0.3158635794743429,0.0,8,6,0.247457627118644
494,1008,1.3367391509384773e-06,0.3157400891391039,0.0,8,6,0.247457627118644
689,1203,1.3318169585458592e-06,0.3151240830341814,0.0,8,6,0.247457627118644
947,1461,1.5470574768936383e-06,0.3158635794743429,0.0,8,6,0.247457627118644
414,928,1.0971117624110635e-06,0.3151486771247951,0.0,9,6,0.247457627118644
509,1023,1.216107183214077e-06,0.31517327505463627,0.0,9,6,0.247457627118644
931,1445,1.7582152279453737e-06,0.3157647794807632,0.0,9,6,0.247457627118644
436,950,1.4302209332709515e-06,0.31517327505463627,0.0,10,6,0.247457627118644
547,1061,1.1577929251245264e-06,0.31517327505463627,0.0,10,6,0.247457627118644
559,1073,1.223272114788536e-06,0.31517327505463627,0.0,10,6,0.247457627118644
1193,1708,1.148017884311044e-06,0.31517327505463627,0.0,10,6,0.247457627118644
1393,1908,1.408995567039661e-06,0.3155673648015005,0.0,10,6,0.247457627118644
737,1251,1.1884121180896648e-06,0.3152224824355972,0.0,12,6,0.247457627118644
386,900,1.4548633728402899e-06,0.3152470918885159,0.0,13,6,0.247457627118644
447,961,1.976495523232633e-06,0.3158635794743429,0.0,13,6,0.247457627118644
664,1178,1.5567860685735967e-06,0.3352428393524284,0.0,13,6,0.247457627118644
574,1088,1.552703539115843e-06,0.33493696084936964,0.0,14,6,0.247457627118644
1127,1641,1.779874980396384e-06,0.31527170518425984,0.0,14,6,0.247457627118644
456,970,1.207495762743891e-06,0.31529632232372923,0.0,15,6,0.247457627118644
563,1077,8.463917521759221e-05,0.33504812479256557,0.0,15,6,0.247457627118644
1162,1676,1.2140158725149619e-06,0.31532094330782445,0.0,16,6,0.247457627118644
519,1033,1.8139728926305348e-06,0.3153455681374463,0.0,17,6,0.247457627118644
660,1174,1.2317732890263317e-06,0.31537019681349576,0.0,18,6,0.247457627118644
811,1325,1.6670686775073667e-06,0.31537019681349576,0.0,18,6,0.247457627118644
1183,1698,1.8609550482057492e-06,0.3153948293368742,0.0,19,6,0.247457627118644
1204,1719,1.6721369205349938e-06,0.33507592730893704,0.0,19,6,0.247457627118644
437,951,3.0823163160434625e-05,0.3334434351775392,0.0,20,6,0.247457627118644
673,1187,1.5824373024270688e-06,0.33510373443983404,0.0,20,6,0.247457627118644
814,1328,1.254257130119022e-06,0.33510373443983404,0.0,20,6,0.247457627118644
630,1144,1.4990765237750197e-06,0.3154441059292243,0.0,21,6,0.247457627118644
803,1317,1.9641285335748648e-06,0.33616383616383616,0.0,21,6,0.247457627118644
896,1410,1.2706482641743602e-06,0.3351315461864055,0.0,21,6,0.247457627118644
584,1098,1.994104442150339e-06,0.3363318340829585,0.0,23,6,0.247457627118644
919,1433,1.5408146914868967e-06,0.31549339792171266,0.0,23,6,0.247457627118644
1074,1588,1.5404864836106418e-06,0.3351871835311696,0.0,23,6,0.247457627118644
907,1421,1.7289318361247713e-06,0.33521500913166197,0.0,24,6,0.247457627118644
1101,1615,1.5663321865219788e-06,0.31551804969526487,0.0,24,6,0.247457627118644
760,1274,1.8688803790080958e-06,0.33552139592854174,0.0,25,6,0.247457627118644
1288,1803,1.3331581297724056e-06,0.3352428393524284,0.0,25,6,0.247457627118644
651,1165,3.0492933903102518e-05,0.3564933345104617,0.0,26,6,0.247457627118644
980,1494,1.3126356406558244e-06,0.3352706741946197,0.0,26,6,0.247457627118644
1190,1705,1.3318225359502761e-06,0.3352985136593872,0.0,27,6,0.247457627118644
1310,1825,1.8742734869840434e-06,0.33574457470690944,0.0,29,6,0.247457627118644
997,1511,1.8133344003460698e-06,0.33566084788029926,0.0,30,6,0.247457627118644
793,1307,1.6309277586178593e-06,0.3354099177672564,0.0,31,6,0.247457627118644
1351,1866,2.306757360007336e-06,0.3354099177672564,0.0,31,6,0.247457627118644
394,908,3.9989882851468736e-05,0.3331683168316832,0.0,32,6,0.247457627118644
1079,1593,1.6456950820382015e-06,0.33627581612258495,0.0,32,6,0.247457627118644
1291,1806,2.445220736655157e-06,0.3357166611240439,0.0,32,6,0.247457627118644
622,1136,5.2910919376971334e-06,0.3563045971940351,0.0,33,6,0.247457627118644
1053,1567,1.6764011152805137e-06,0.33546564758660796,0.0,33,6,0.247457627118644
1041,1555,1.6861398319646837e-06,0.3359400998336107,0.0,35,6,0.247457627118644
846,1360,1.7233609940497992e-06,0.3358004158004158,0.0,37,6,0.247457627118644
1039,1553,3.937863648152346e-06,0.3355771628022937,0.0,37,6,0.247457627118644
1172,1687,6.1616561857428636e-06,0.35725028753428295,0.0,43,6,0.247457627118644
1287,1802,1.1181379373542667e-06,0.3152224824355972,0.0,12,7,0.7396870554765291
1377,1892,1.1182826994598694e-06,0.3152224824355972,0.0,12,7,0.7396870554765291
672,1186,1.1571522713606377e-06,0.3153455681374463,0.0,17,7,0.7396870554765291
1269,1784,1.160613719362978e-06,0.3153455681374463,0.0,17,7,0.7396870554765291
910,1424,1.2357105979216933e-06,0.3153948293368742,0.0,19,7,0.7396870554765291
849,1363,1.189986598956902e-06,0.3154441059292243,0.0,21,7,0.7396870554765291
1115,1629,1.2260336711164108e-06,0.31546875,0.0,22,7,0.7396870554765291
1232,1747,1.197876403540153e-06,0.31546875,0.0,22,7,0.7396870554765291
444,958,1.2134439238543016e-06,0.31551804969526487,0.0,24,7,0.7396870554765291
1134,1648,1.2196925195874758e-06,0.31554270532155976,0.0,25,7,0.7396870554765291
800,1314,1.2760706581607938e-06,0.3160366283165062,0.0,26,7,0.7396870554765291
979,1493,1.2278538065164524e-06,0.3155673648015005,0.0,26,7,0.7396870554765291
805,1319,1.2368603778342994e-06,0.31559202813599063,0.0,27,7,0.7396870554765291
424,938,1.2591548338514323e-06,0.31564136637223483,0.0,29,7,0.7396870554765291
623,1137,1.2502351899984792e-06,0.31564136637223483,0.0,29,7,0.7396870554765291
718,1232,1.255164422514583e-06,0.31564136637223483,0.0,29,7,0.7396870554765291
1054,1568,1.2533074223691342e-06,0.31564136637223483,0.0,29,7,0.7396870554765291
478,992,1.2763489257033572e-06,0.3156907200375264,0.0,31,7,0.7396870554765291
954,1468,1.2670916778311635e-06,0.3156907200375264,0.0,31,7,0.7396870554765291
864,1378,1.2754192547239977e-06,0.3157154026583268,0.0,32,7,0.7396870554765291
1087,1601,1.2759199858808839e-06,0.3157154026583268,0.0,32,7,0.7396870554765291
1365,1880,1.275119754970285e-06,0.3157154026583268,0.0,32,7,0.7396870554765291
449,963,1.3228227821636014e-06,0.3162098668754894,0.0,33,7,0.7396870554765291
819,1333,1.282904785150949e-06,0.3157400891391039,0.0,33,7,0.7396870554765291
387,901,1.2899295013478338e-06,0.3157647794807632,0.0,34,7,0.7396870554765291
389,903,1.298323480308584e-06,0.3157647794807632,0.0,34,7,0.7396870554765291
938,1452,1.2922605396323234e-06,0.3157647794807632,0.0,34,7,0.7396870554765291
1283,1798,1.2898080577777931e-06,0.3157647794807632,0.0,34,7,0.7396870554765291
604,1118,1.297261615554499e-06,0.3157894736842105,0.0,35,7,0.7396870554765291
1019,1533,1.311346814856255e-06,0.315962441314554,0.0,35,7,0.7396870554765291
583,1097,1.3041648881825763e-06,0.3158141717503519,0.0,36,7,0.7396870554765291
702,1216,1.313815227764818e-06,0.3158141717503519,0.0,36,7,0.7396870554765291
857,1371,1.5211515244598587e-06,0.3164824829532095,0.0,37,7,0.7396870554765291
1380,1895,1.31671623176122e-06,0.31583887368009383,0.0,37,7,0.7396870554765291
1034,1548,1.3586356680210424e-06,0.3163337250293772,0.0,38,7,0.7396870554765291
1218,1733,1.3281258037705882e-06,0.3158635794743429,0.0,38,7,0.7396870554765291
1272,1787,1.3689490811420478e-06,0.3160366283165062,0.0,38,7,0.7396870554765291
1322,1837,1.3247993325767086e-06,0.3160366283165062,0.0,38,7,0.7396870554765291
3495,3451,4.70924896824855e-10,0.239218009478673,0.0,1,8,0.0357357317284724
3497,3453,4.70924896824855e-10,0.239218009478673,0.0,1,8,0.0357357317284724
3603,3570,4.70924896824855e-10,0.239218009478673,0.0,1,8,0.0357357317284724
3676,3650,4.70924896824855e-10,0.239218009478673,0.0,1,8,0.0357357317284724
3730,3709,4.70924896824855e-10,0.239218009478673,0.0,1,8,0.0357357317284724
3748,3729,4.70924896824855e-10,0.239218009478673,0.0,1,8,0.0357357317284724
3766,3748,4.70924896824855e-10,0.239218009478673,0.0,1,8,0.0357357317284724
3812,3798,4.70924896824855e-10,0.239218009478673,0.0,1,8,0.0357357317284724
3834,3820,4.70924896824855e-10,0.239218009478673,0.0,1,8,0.0357357317284724
3865,3853,4.70924896824855e-10,0.239218009478673,0.0,1,8,0.0357357317284724
3868,3856,4.70924896824855e-10,0.239218009478673,0.0,1,8,0.0357357317284724
3943,3935,4.70924896824855e-10,0.239218009478673,0.0,1,8,0.0357357317284724
3978,3974,4.70924896824855e-10,0.239218009478673,0.0,1,8,0.0357357317284724
3620,3589,5.40152418363228e-10,0.2392321820013034,0.0,2,8,0.0357357317284724
3710,3688,5.408133274102957e-10,0.2392321820013034,0.0,2,8,0.0357357317284724
3725,3704,4.750357071983469e-10,0.2392321820013034,0.0,2,8,0.0357357317284724
3751,3732,4.746242406694042e-10,0.2392321820013034,0.0,2,8,0.0357357317284724
3764,3746,4.738431181834e-10,0.2392321820013034,0.0,2,8,0.0357357317284724
3821,3807,4.739602418256523e-10,0.2392321820013034,0.0,2,8,0.0357357317284724
3822,3808,4.74380534987925e-10,0.2392321820013034,0.0,2,8,0.0357357317284724
3859,3846,4.738431181975697e-10,0.2392321820013034,0.0,2,8,0.0357357317284724
3866,3854,4.748955223434126e-10,0.2392321820013034,0.0,2,8,0.0357357317284724
3885,3875,4.739017861621712e-10,0.2392321820013034,0.0,2,8,0.0357357317284724
3888,3879,4.748955223434126e-10,0.2392321820013034,0.0,2,8,0.0357357317284724
3894,3885,4.738649397054926e-10,0.2392321820013034,0.0,2,8,0.0357357317284724
3930,3922,4.740141319010712e-10,0.2392321820013034,0.0,2,8,0.0357357317284724
3950,3942,5.392886682124728e-10,0.2392321820013034,0.0,2,8,0.0357357317284724
3965,3959,4.743424344577e-10,0.2392321820013034,0.0,2,8,0.0357357317284724
3509,3467,5.586291045502658e-10,0.23924635620334161,0.0,3,8,0.0357357317284724
3594,3560,5.55852109558645e-10,0.23924635620334161,0.0,3,8,0.0357357317284724
3608,3575,5.493846893322688e-10,0.23924635620334161,0.0,3,8,0.0357357317284724
3614,3582,4.779930597339257e-10,0.23924635620334161,0.0,3,8,0.0357357317284724
3627,3597,4.82252986282862e-10,0.23924635620334161,0.0,3,8,0.0357357317284724
3711,3689,5.571313956397438e-10,0.23924635620334161,0.0,3,8,0.0357357317284724
3713,3691,5.558521096894809e-10,0.23924635620334161,0.0,3,8,0.0357357317284724
3720,3699,4.770868884348933e-10,0.23924635620334161,0.0,3,8,0.0357357317284724
3738,3717,5.558521097993653e-10,0.23924635620334161,0.0,3,8,0.0357357317284724
3752,3733,8.479903966251709e-10,0.23924635620334161,0.0,3,8,0.0357357317284724
3762,3744,5.558521096255457e-10,0.23924635620334161,0.0,3,8,0.0357357317284724
3815,3801,4.773863719053145e-10,0.23924635620334161,0.0,3,8,0.0357357317284724
3825,3811,4.772161904053201e-10,0.23924635620334161,0.0,3,8,0.0357357317284724
3830,3816,4.772284367388633e-10,0.23924635620334161,0.0,3,8,0.0357357317284724
3936,3928,5.605769271516812e-10,0.23924635620334161,0.0,3,8,0.0357357317284724
3961,3955,4.78645263567023e-10,0.23924635620334161,0.0,3,8,0.0357357317284724
2011,865,8.547422687633543e-11,0.23234938719143794,0.0,4,8,0.0357357317284724
2014,868,8.547422681103862e-11,0.23234938719143794,0.0,4,8,0.0357357317284724
3535,3494,4.811928721306177e-10,0.2392605320850862,0.0,4,8,0.0357357317284724
3574,3537,4.800259079374841e-10,0.2392605320850862,0.0,4,8,0.0357357317284724
3598,3565,5.589901358738967e-10,0.2392605320850862,0.0,4,8,0.0357357317284724
3619,3588,4.814436725663654e-10,0.2392605320850862,0.0,4,8,0.0357357317284724
3648,3619,4.881145612105237e-10,0.2392605320850862,0.0,4,8,0.0357357317284724
3678,3653,4.810048454197551e-10,0.2392605320850862,0.0,4,8,0.0357357317284724
3698,3673,8.546295173347659e-10,0.2392605320850862,0.0,4,8,0.0357357317284724
3708,3686,4.967857949612444e-10,0.2392605320850862,0.0,4,8,0.0357357317284724
3781,3765,5.73455294362049e-10,0.2392605320850862,0.0,4,8,0.0357357317284724
3796,3781,4.804823762331235e-10,0.2392605320850862,0.0,4,8,0.0357357317284724
3876,3865,4.823705222671421e-10,0.2392605320850862,0.0,4,8,0.0357357317284724
3891,3882,4.814804689700391e-10,0.2392605320850862,0.0,4,8,0.0357357317284724
3905,3897,4.82028880429496e-10,0.2392605320850862,0.0,4,8,0.0357357317284724
3918,3910,4.806719775625352e-10,0.2392605320850862,0.0,4,8,0.0357357317284724
3947,3939,4.802303274467686e-10,0.2392605320850862,0.0,4,8,0.0357357317284724
3953,3946,4.804823762504009e-10,0.2392605320850862,0.0,4,8,0.0357357317284724
3958,3952,4.801948763467998e-10,0.2392605320850862,0.0,4,8,0.0357357317284724
3959,3953,4.845346083818708e-10,0.2392605320850862,0.0,4,8,0.0357357317284724
3960,3954,8.532456189294515e-10,0.2392605320850862,0.0,4,8,0.0357357317284724
3969,3965,4.80594659650524e-10,0.2392605320850862,0.0,4,8,0.0357357317284724
3982,3978,5.675584468455599e-10,0.2392605320850862,0.0,4,8,0.0357357317284724
3488,3444,8.586306867156737e-10,0.23927470964683575,0.0,5,8,0.0357357317284724
3530,3489,4.837818836200239e-10,0.23927470964683575,0.0,5,8,0.0357357317284724
3580,3544,5.611055873755068e-10,0.23927470964683575,0.0,5,8,0.0357357317284724
3636,3606,4.832482283095271e-10,0.23927470964683575,0.0,5,8,0.0357357317284724
3663,3637,5.621532809944062e-10,0.23927470964683575,0.0,5,8,0.0357357317284724
3700,3676,4.837818835806939e-10,0.23927470964683575,0.0,5,8,0.0357357317284724
3701,3678,4.844073563029847e-10,0.23927470964683575,0.0,5,8,0.0357357317284724
3715,3694,4.839241670474899e-10,0.23927470964683575,0.0,5,8,0.0357357317284724
3760,3742,8.585663631074777e-10,0.23927470964683575,0.0,5,8,0.0357357317284724
3802,3787,4.830128661744983e-10,0.23927470964683575,0.0,5,8,0.0357357317284724
3810,3795,6.405475819230803e-10,0.23927470964683575,0.0,5,8,0.0357357317284724
3819,3805,5.67370080196681e-10,0.23927470964683575,0.0,5,8,0.0357357317284724
3852,3839,5.778381657598813e-10,0.23927470964683575,0.0,5,8,0.0357357317284724
3857,3844,4.833124761782688e-10,0.23927470964683575,0.0,5,8,0.0357357317284724
3862,3849,8.586306870365098e-10,0.23927470964683575,0.0,5,8,0.0357357317284724
3895,3887,4.833692450071253e-10,0.23927470964683575,0.0,5,8,0.0357357317284724
3898,3890,4.85127534847021e-10,0.23927470964683575,0.0,5,8,0.0357357317284724
3933,3925,1.2367946908681724e-09,0.23927470964683575,0.0,5,8,0.0357357317284724
3485,3441,4.868240752823182e-10,0.23928888888888888,0.0,6,8,0.0357357317284724
3491,3447,4.863571319854971e-10,0.23928888888888888,0.0,6,8,0.0357357317284724
3499,3457,5.862519642425496e-10,0.23928888888888888,0.0,6,8,0.0357357317284724
3519,3477,6.392993870222922e-10,0.23928888888888888,0.0,6,8,0.0357357317284724
3552,3513,4.862588594730068e-10,0.23928888888888888,0.0,6,8,0.0357357317284724
3659,3632,4.876393556445519e-10,0.23928888888888888,0.0,6,8,0.0357357317284724
3685,3660,4.951360490310129e-10,0.23928888888888888,0.0,6,8,0.0357357317284724
3686,3661,5.681877149834631e-10,0.23928888888888888,0.0,6,8,0.0357357317284724
3690,3665,4.871337714385608e-10,0.23928888888888888,0.0,6,8,0.0357357317284724
3743,3724,4.883351548526117e-10,0.23928888888888888,0.0,6,8,0.0357357317284724
3746,3727,4.861081156576583e-10,0.23928888888888888,0.0,6,8,0.0357357317284724
3763,3745,4.862627197046755e-10,0.23928888888888888,0.0,6,8,0.0357357317284724
3767,3749,4.870156494196874e-10,0.23928888888888888,0.0,6,8,0.0357357317284724
3768,3751,4.860258141471581e-10,0.23928888888888888,0.0,6,8,0.0357357317284724
3820,3806,4.862814207209597e-10,0.23928888888888888,0.0,6,8,0.0357357317284724
3861,3848,4.872587977218717e-10,0.23928888888888888,0.0,6,8,0.0357357317284724
3871,3859,8.567107117057927e-10,0.23928888888888888,0.0,6,8,0.0357357317284724
3901,3893,4.888254939316149e-10,0.23928888888888888,0.0,6,8,0.0357357317284724
3944,3936,4.924794512909863e-10,0.23928888888888888,0.0,6,8,0.0357357317284724
3967,3963,4.862399408933049e-10,0.23928888888888888,0.0,6,8,0.0357357317284724
3974,3970,6.50602758438181e-10,0.23928888888888888,0.0,6,8,0.0357357317284724
3981,3977,4.883499038760718e-10,0.23928888888888888,0.0,6,8,0.0357357317284724
1826,3961,6.068785937725503e-08,0.25999613675874056,0.0,7,8,0.0357357317284724
3489,3445,4.909253697066027e-10,0.2393030698115444,0.0,7,8,0.0357357317284724
3587,3552,7.262373747766785e-10,0.2393030698115444,0.0,7,8,0.0357357317284724
3630,3600,9.30568253351212e-10,0.2393030698115444,0.0,7,8,0.0357357317284724
3677,3652,4.902884888142106e-10,0.2393030698115444,0.0,7,8,0.0357357317284724
3694,3669,5.700037558272279e-10,0.2393030698115444,0.0,7,8,0.0357357317284724
3721,3700,5.700037559151523e-10,0.2393030698115444,0.0,7,8,0.0357357317284724
3737,3716,4.894332875924991e-10,0.2393030698115444,0.0,7,8,0.0357357317284724
3787,3771,4.898565658477812e-10,0.2393030698115444,0.0,7,8,0.0357357317284724
3826,3812,4.897203933012866e-10,0.2393030698115444,0.0,7,8,0.0357357317284724
3827,3813,5.700037559510602e-10,0.2393030698115444,0.0,7,8,0.0357357317284724
3847,3834,4.922318682852123e-10,0.2393030698115444,0.0,7,8,0.0357357317284724
3875,3864,5.700037558523792e-10,0.2393030698115444,0.0,7,8,0.0357357317284724
3907,3899,4.908230273254933e-10,0.2393030698115444,0.0,7,8,0.0357357317284724
3912,3904,8.637543661437792e-10,0.2393030698115444,0.0,7,8,0.0357357317284724
3916,3908,5.79781622693152e-10,0.2393030698115444,0.0,7,8,0.0357357317284724
3919,3911,5.700037560720469e-10,0.2393030698115444,0.0,7,8,0.0357357317284724
3924,3916,5.608316122022397e-10,0.2393030698115444,0.0,7,8,0.0357357317284724
3931,3923,4.899721363937297e-10,0.2393030698115444,0.0,7,8,0.0357357317284724
3949,3941,4.989130246823523e-10,0.2393030698115444,0.0,7,8,0.0357357317284724
1824,3723,6.069607011411116e-08,0.26001287830006437,0.0,8,8,0.0357357317284724
2045,3626,5.693393401867521e-10,0.23935981031416717,0.0,8,8,0.0357357317284724
3503,3461,6.663554431617918e-10,0.23931725241510104,0.0,8,8,0.0357357317284724
3541,3502,5.736956968862193e-10,0.23931725241510104,0.0,8,8,0.0357357317284724
3543,3504,1.3246362721218515e-09,0.23931725241510104,0.0,8,8,0.0357357317284724
3567,3530,1.2535789153444022e-09,0.23931725241510104,0.0,8,8,0.0357357317284724
3584,3548,6.550282427977867e-10,0.23931725241510104,0.0,8,8,0.0357357317284724
3605,3572,4.95996932088864e-10,0.23931725241510104,0.0,8,8,0.0357357317284724
3617,3585,4.9277129327839e-10,0.23931725241510104,0.0,8,8,0.0357357317284724
3637,3607,4.941043285194355e-10,0.23931725241510104,0.0,8,8,0.0357357317284724
3673,3647,4.933796092379031e-10,0.23931725241510104,0.0,8,8,0.0357357317284724
3733,3712,6.886238525145969e-10,0.23931725241510104,0.0,8,8,0.0357357317284724
3771,3754,4.963309227978024e-10,0.23931725241510104,0.0,8,8,0.0357357317284724
3772,3755,6.674198750375195e-10,0.23931725241510104,0.0,8,8,0.0357357317284724
3788,3772,5.908475780094679e-10,0.23931725241510104,0.0,8,8,0.0357357317284724
3804,3789,4.928609213182681e-10,0.23931725241510104,0.0,8,8,0.0357357317284724
3828,3814,4.92947951000203e-10,0.23931725241510104,0.0,8,8,0.0357357317284724
3841,3827,4.995162520540032e-10,0.23931725241510104,0.0,8,8,0.0357357317284724
3856,3843,4.968472741514338e-10,0.23931725241510104,0.0,8,8,0.0357357317284724
3882,3871,4.941232305150676e-10,0.23931725241510104,0.0,8,8,0.0357357317284724
3909,3901,4.939199406603019e-10,0.23931725241510104,0.0,8,8,0.0357357317284724
3913,3905,4.928686906477312e-10,0.23931725241510104,0.0,8,8,0.0357357317284724
3922,3914,5.060562447883716e-10,0.23931725241510104,0.0,8,8,0.0357357317284724
3940,3932,4.924096427558556e-10,0.23931725241510104,0.0,8,8,0.0357357317284724
3977,3973,4.966308621569002e-10,0.23931725241510104,0.0,8,8,0.0357357317284724
3484,3439,4.95329856592934e-10,0.23933143669985776,0.0,9,8,0.0357357317284724
3533,3492,7.460099320218748e-10,0.23933143669985776,0.0,9,8,0.0357357317284724
3546,3507,4.988519385993406e-10,0.23933143669985776,0.0,9,8,0.0357357317284724
3560,3522,7.224788429165727e-10,0.23933143669985776,0.0,9,8,0.0357357317284724
3568,3531,4.960406225213124e-10,0.23933143669985776,0.0,9,8,0.0357357317284724
3586,3551,1.7024553586069806e-09,0.23933143669985776,0.0,9,8,0.0357357317284724
3599,3566,1.6125591798919058e-09,0.23933143669985776,0.0,9,8,0.0357357317284724
3612,3580,4.956125769001998e-10,0.23933143669985776,0.0,9,8,0.0357357317284724
3633,3603,6.034407189594437e-10,0.23933143669985776,0.0,9,8,0.0357357317284724
3691,3666,5.036203913638383e-10,0.23933143669985776,0.0,9,8,0.0357357317284724
3696,3671,4.976239105886854e-10,0.23933143669985776,0.0,9,8,0.0357357317284724
3705,3682,4.957895108166639e-10,0.23933143669985776,0.0,9,8,0.0357357317284724
3791,3775,8.771714006759762e-10,0.23933143669985776,0.0,9,8,0.0357357317284724
3886,3876,5.037371125396661e-10,0.23933143669985776,0.0,9,8,0.0357357317284724
3902,3894,4.955328233368375e-10,0.23933143669985776,0.0,9,8,0.0357357317284724
3964,3958,4.99416120570607e-10,0.23933143669985776,0.0,9,8,0.0357357317284724
1823,3487,6.071340418863048e-08,0.2600463678516229,0.0,10,8,0.0357357317284724
3558,3520,6.820785498598415e-10,0.23934562266611345,0.0,10,8,0.0357357317284724
3576,3539,5.02041096978504e-10,0.23934562266611345,0.0,10,8,0.0357357317284724
3579,3543,5.193748593160649e-10,0.23934562266611345,0.0,10,8,0.0357357317284724
3615,3583,5.045117491185949e-10,0.23934562266611345,0.0,10,8,0.0357357317284724
3643,3614,5.031497381851086e-10,0.23934562266611345,0.0,10,8,0.0357357317284724
3658,3631,5.02903633479504e-10,0.23934562266611345,0.0,10,8,0.0357357317284724
3667,3641,5.001812019278517e-10,0.23934562266611345,0.0,10,8,0.0357357317284724
3684,3659,5.167754544180012e-10,0.23934562266611345,0.0,10,8,0.0357357317284724
3689,3664,5.004778937234561e-10,0.23934562266611345,0.0,10,8,0.0357357317284724
3704,3681,5.319441100343131e-10,0.23934562266611345,0.0,10,8,0.0357357317284724
3741,3720,4.991338629121563e-10,0.23934562266611345,0.0,10,8,0.0357357317284724
3782,3766,5.006412872623996e-10,0.23934562266611345,0.0,10,8,0.0357357317284724
3783,3767,5.021469151671525e-10,0.23934562266611345,0.0,10,8,0.0357357317284724
3786,3770,5.115339513652316e-10,0.23934562266611345,0.0,10,8,0.0357357317284724
3793,3777,5.036735632678965e-10,0.23934562266611345,0.0,10,8,0.0357357317284724
3887,3878,5.025076306820887e-10,0.23934562266611345,0.0,10,8,0.0357357317284724
3889,3880,1.045213104925215e-09,0.23934562266611345,0.0,10,8,0.0357357317284724
3896,3888,7.88385130352631e-10,0.23934562266611345,0.0,10,8,0.0357357317284724
3942,3934,5.936825557749014e-10,0.23934562266611345,0.0,10,8,0.0357357317284724
2044,3621,1.622745101258021e-09,0.23940238335210767,0.0,11,8,0.0357357317284724
3490,3446,5.021517278707548e-10,0.23935981031416717,0.0,11,8,0.0357357317284724
3554,3515,5.123983001766559e-10,0.23935981031416717,0.0,11,8,0.0357357317284724
3573,3536,5.016113224567293e-10,0.23935981031416717,0.0,11,8,0.0357357317284724
3628,3598,5.081624037848943e-10,0.23935981031416717,0.0,11,8,0.0357357317284724
3664,3638,5.022596431361072e-10,0.23935981031416717,0.0,11,8,0.0357357317284724
3693,3668,5.07310793701091e-10,0.23935981031416717,0.0,11,8,0.0357357317284724
3811,3796,9.885662346447639e-10,0.23935981031416717,0.0,11,8,0.0357357317284724
3869,3857,5.036399776527344e-10,0.23935981031416717,0.0,11,8,0.0357357317284724
3874,3863,5.022406642653603e-10,0.23935981031416717,0.0,11,8,0.0357357317284724
3948,3940,5.27607212244398e-10,0.23935981031416717,0.0,11,8,0.0357357317284724
2003,857,8.192228420028562e-10,0.25420207743153916,0.0,12,8,0.0357357317284724
3577,3541,5.067815773856541e-10,0.239373999644318,0.0,12,8,0.0357357317284724
3613,3581,5.114360651597432e-10,0.239373999644318,0.0,12,8,0.0357357317284724
3624,3594,5.887927265236522e-10,0.239373999644318,0.0,12,8,0.0357357317284724
3645,3616,5.052169747248499e-10,0.239373999644318,0.0,12,8,0.0357357317284724
3650,3622,5.092220580971278e-10,0.239373999644318,0.0,12,8,0.0357357317284724
3665,3639,5.893138411142405e-10,0.239373999644318,0.0,12,8,0.0357357317284724
3679,3654,7.803322837037115e-10,0.239373999644318,0.0,12,8,0.0357357317284724
3755,3736,7.94577596423883e-10,0.239373999644318,0.0,12,8,0.0357357317284724
3779,3763,5.099108856351859e-10,0.239373999644318,0.0,12,8,0.0357357317284724
3799,3784,5.144178415272156e-10,0.239373999644318,0.0,12,8,0.0357357317284724
3803,3788,8.150783598867068e-10,0.239373999644318,0.0,12,8,0.0357357317284724
3831,3817,7.642114450624287e-10,0.239373999644318,0.0,12,8,0.0357357317284724
3845,3832,6.130300059217947e-10,0.239373999644318,0.0,12,8,0.0357357317284724
3853,3840,5.129536455549273e-10,0.239373999644318,0.0,12,8,0.0357357317284724
3927,3919,5.893138411142405e-10,0.239373999644318,0.0,12,8,0.0357357317284724
3955,3949,5.043802600015466e-10,0.239373999644318,0.0,12,8,0.0357357317284724
3983,3979,7.246524859735418e-10,0.239373999644318,0.0,12,8,0.0357357317284724
2051,3592,1.1240745590401708e-08,0.27764026402640263,0.0,13,8,0.0357357317284724
2080,3556,1.1348059968431206e-08,0.27760208992162794,0.0,13,8,0.0357357317284724
3524,3482,5.150515560806323e-10,0.23938819065686506,0.0,13,8,0.0357357317284724
3525,3483,5.115050302234703e-10,0.23938819065686506,0.0,13,8,0.0357357317284724
3542,3503,5.54919071827451e-10,0.23938819065686506,0.0,13,8,0.0357357317284724
3551,3512,7.822296391437857e-10,0.23938819065686506,0.0,13,8,0.0357357317284724
3583,3547,1.1319973812366848e-09,0.23938819065686506,0.0,13,8,0.0357357317284724
3657,3630,5.139098089382385e-10,0.23938819065686506,0.0,13,8,0.0357357317284724
3670,3644,5.11037454783456e-10,0.23938819065686506,0.0,13,8,0.0357357317284724
3682,3657,5.097871781673359e-10,0.23938819065686506,0.0,13,8,0.0357357317284724
3702,3679,5.075576733829727e-10,0.23938819065686506,0.0,13,8,0.0357357317284724
3785,3769,5.174479787394688e-10,0.23938819065686506,0.0,13,8,0.0357357317284724
3794,3778,5.167518469310992e-10,0.23938819065686506,0.0,13,8,0.0357357317284724
3798,3783,5.098362746666082e-10,0.23938819065686506,0.0,13,8,0.0357357317284724
3833,3819,5.098616082014331e-10,0.23938819065686506,0.0,13,8,0.0357357317284724
3860,3847,7.320141286468823e-10,0.23938819065686506,0.0,13,8,0.0357357317284724
3900,3892,5.099592601754555e-10,0.23938819065686506,0.0,13,8,0.0357357317284724
3903,3895,5.159481060946468e-10,0.23938819065686506,0.0,13,8,0.0357357317284724
3951,3944,9.197389480295039e-10,0.23938819065686506,0.0,13,8,0.0357357317284724
1822,3454,6.044796913854388e-08,0.260113372842051,0.0,14,8,0.0357357317284724
2058,3872,1.1470910460508318e-08,0.27765935501615896,0.0,14,8,0.0357357317284724
2081,3561,1.110049507500047e-08,0.27762117566173944,0.0,14,8,0.0357357317284724
3523,3481,5.960072908012969e-10,0.23940238335210767,0.0,14,8,0.0357357317284724
3555,3516,5.960514505737675e-10,0.23940238335210767,0.0,14,8,0.0357357317284724
3561,3523,5.960072908012969e-10,0.23940238335210767,0.0,14,8,0.0357357317284724
3600,3567,5.130996624838471e-10,0.23940238335210767,0.0,14,8,0.0357357317284724
3625,3595,5.130609858181201e-10,0.23940238335210767,0.0,14,8,0.0357357317284724
3652,3624,5.113002608821654e-10,0.23940238335210767,0.0,14,8,0.0357357317284724
3688,3663,5.171086036091454e-10,0.23940238335210767,0.0,14,8,0.0357357317284724
3699,3675,5.131876004925356e-10,0.23940238335210767,0.0,14,8,0.0357357317284724
3736,3715,5.173502664150148e-10,0.23940238335210767,0.0,14,8,0.0357357317284724
3789,3773,5.213938400005482e-10,0.23940238335210767,0.0,14,8,0.0357357317284724
3813,3799,5.166845952702993e-10,0.23940238335210767,0.0,14,8,0.0357357317284724
3832,3818,5.176928678585169e-10,0.23940238335210767,0.0,14,8,0.0357357317284724
3837,3823,5.149323256703247e-10,0.23940238335210767,0.0,14,8,0.0357357317284724
3884,3874,5.131003626040739e-10,0.23940238335210767,0.0,14,8,0.0357357317284724
3945,3937,5.178156174319526e-10,0.23940238335210767,0.0,14,8,0.0357357317284724
3501,3459,5.201216913134565e-10,0.23941657773034508,0.0,15,8,0.0357357317284724
3514,3472,5.230386529955629e-10,0.23941657773034508,0.0,15,8,0.0357357317284724
3518,3476,5.164833225607028e-10,0.23941657773034508,0.0,15,8,0.0357357317284724
3521,3479,5.996554082417003e-10,0.23941657773034508,0.0,15,8,0.0357357317284724
3526,3484,8.043883025989275e-10,0.23941657773034508,0.0,15,8,0.0357357317284724
3531,3490,5.142347282148681e-10,0.23941657773034508,0.0,15,8,0.0357357317284724
3569,3532,5.194179958359761e-10,0.23941657773034508,0.0,15,8,0.0357357317284724
3570,3533,1.0067637506477861e-09,0.23941657773034508,0.0,15,8,0.0357357317284724
3585,3549,5.211078503617983e-10,0.23941657773034508,0.0,15,8,0.0357357317284724
3595,3562,5.996554081190725e-10,0.23941657773034508,0.0,15,8,0.0357357317284724
3607,3574,7.111458668186965e-10,0.23941657773034508,0.0,15,8,0.0357357317284724
3639,3610,6.006770030278037e-10,0.23941657773034508,0.0,15,8,0.0357357317284724
3642,3613,5.996554080028337e-10,0.23941657773034508,0.0,15,8,0.0357357317284724
3675,3649,5.996554080407964e-10,0.23941657773034508,0.0,15,8,0.0357357317284724
3680,3655,5.164619342586321e-10,0.23941657773034508,0.0,15,8,0.0357357317284724
3707,3685,5.234566761563563e-10,0.23941657773034508,0.0,15,8,0.0357357317284724
3716,3695,5.996554078657517e-10,0.23941657773034508,0.0,15,8,0.0357357317284724
3717,3696,5.159652430751867e-10,0.23941657773034508,0.0,15,8,0.0357357317284724
3722,3701,5.160849947933345e-10,0.23941657773034508,0.0,15,8,0.0357357317284724
3724,3703,8.04758582280616e-10,0.23941657773034508,0.0,15,8,0.0357357317284724
3729,3708,5.172960700921561e-10,0.23941657773034508,0.0,15,8,0.0357357317284724
3745,3726,8.900856711620477e-10,0.23941657773034508,0.0,15,8,0.0357357317284724
3758,3739,5.161247302380463e-10,0.23941657773034508,0.0,15,8,0.0357357317284724
3807,3792,5.192103968852564e-10,0.23941657773034508,0.0,15,8,0.0357357317284724
3829,3815,5.246973216372139e-10,0.23941657773034508,0.0,15,8,0.0357357317284724
3867,3855,5.201655158916964e-10,0.23941657773034508,0.0,15,8,0.0357357317284724
3892,3883,5.996554078499228e-10,0.23941657773034508,0.0,15,8,0.0357357317284724
3897,3889,1.1285331025318466e-09,0.23941657773034508,0.0,15,8,0.0357357317284724
3920,3912,5.162407710532278e-10,0.23941657773034508,0.0,15,8,0.0357357317284724
3925,3917,5.160868727667644e-10,0.23941657773034508,0.0,15,8,0.0357357317284724
3937,3929,1.0179498404342668e-09,0.23941657773034508,0.0,15,8,0.0357357317284724
3968,3964,5.816243164482611e-10,0.23941657773034508,0.0,15,8,0.0357357317284724
3979,3975,5.173138048681921e-10,0.23941657773034508,0.0,15,8,0.0357357317284724
3980,3976,5.212452604518276e-10,0.23941657773034508,0.0,15,8,0.0357357317284724
1825,3861,6.037236604857973e-08,0.2601468882875918,0.0,16,8,0.0357357317284724
3496,3452,6.499163396170936e-10,0.23943077379187666,0.0,16,8,0.0357357317284724
3507,3465,5.204549889581808e-10,0.23943077379187666,0.0,16,8,0.0357357317284724
3512,3470,5.303037113931896e-10,0.23943077379187666,0.0,16,8,0.0357357317284724
3562,3524,5.222622229388898e-10,0.23943077379187666,0.0,16,8,0.0357357317284724
3582,3546,5.171618449638768e-10,0.23943077379187666,0.0,16,8,0.0357357317284724
3611,3579,5.204549887078801e-10,0.23943077379187666,0.0,16,8,0.0357357317284724
3649,3620,5.242158141968214e-10,0.23943077379187666,0.0,16,8,0.0357357317284724
3683,3658,6.503717209372606e-10,0.23943077379187666,0.0,16,8,0.0357357317284724
3754,3735,5.279951348025427e-10,0.23943077379187666,0.0,16,8,0.0357357317284724
3795,3780,1.1591853197504783e-09,0.23943077379187666,0.0,16,8,0.0357357317284724
3816,3802,5.281431901511827e-10,0.23943077379187666,0.0,16,8,0.0357357317284724
3823,3809,5.190990414075341e-10,0.23943077379187666,0.0,16,8,0.0357357317284724
3906,3898,6.031669574515098e-10,0.23943077379187666,0.0,16,8,0.0357357317284724
3928,3920,5.196393017518621e-10,0.23943077379187666,0.0,16,8,0.0357357317284724
3956,3950,8.215501247729478e-10,0.23943077379187666,0.0,16,8,0.0357357317284724
3971,3967,5.197535065264421e-10,0.23943077379187666,0.0,16,8,0.0357357317284724
2048,3517,1.3273667304652933e-09,0.23947337207923142,0.0,17,8,0.0357357317284724
3515,3473,5.223480071195611e-10,0.2394449715370019,0.0,17,8,0.0357357317284724
3520,3478,5.226664953017381e-10,0.2394449715370019,0.0,17,8,0.0357357317284724
3557,3519,5.24165916418429e-10,0.2394449715370019,0.0,17,8,0.0357357317284724
3596,3563,1.1606014351166054e-09,0.2394449715370019,0.0,17,8,0.0357357317284724
3597,3564,5.269338156726824e-10,0.2394449715370019,0.0,17,8,0.0357357317284724
3604,3571,5.232396090824868e-10,0.2394449715370019,0.0,17,8,0.0357357317284724
3618,3587,5.227036908116209e-10,0.2394449715370019,0.0,17,8,0.0357357317284724
3632,3602,5.266085557550198e-10,0.2394449715370019,0.0,17,8,0.0357357317284724
3672,3646,5.280223440963135e-10,0.2394449715370019,0.0,17,8,0.0357357317284724
3687,3662,5.270057537658242e-10,0.2394449715370019,0.0,17,8,0.0357357317284724
3706,3683,1.1687967931307193e-09,0.2394449715370019,0.0,17,8,0.0357357317284724
3773,3757,5.23459280587811e-10,0.2394449715370019,0.0,17,8,0.0357357317284724
3776,3760,1.0953376646881876e-09,0.2394449715370019,0.0,17,8,0.0357357317284724
3778,3762,6.512115794021858e-10,0.2394449715370019,0.0,17,8,0.0357357317284724
3850,3837,5.24140300357236e-10,0.2394449715370019,0.0,17,8,0.0357357317284724
3966,3960,5.225843900312819e-10,0.2394449715370019,0.0,17,8,0.0357357317284724
2085,3741,1.1970408634556137e-08,0.2776975448731174,0.0,18,8,0.0357357317284724
3494,3450,5.952315142480548e-10,0.2394591709660203,0.0,18,8,0.0357357317284724
3516,3474,5.415370885547949e-10,0.2394591709660203,0.0,18,8,0.0357357317284724
3538,3498,5.349333290032007e-10,0.2394591709660203,0.0,18,8,0.0357357317284724
3671,3645,5.404113071028339e-10,0.2394591709660203,0.0,18,8,0.0357357317284724
3719,3698,5.328669579006857e-10,0.2394591709660203,0.0,18,8,0.0357357317284724
3790,3774,5.264014387065149e-10,0.2394591709660203,0.0,18,8,0.0357357317284724
3879,3868,5.254488031137975e-10,0.2394591709660203,0.0,18,8,0.0357357317284724
3890,3881,5.297175057946361e-10,0.2394591709660203,0.0,18,8,0.0357357317284724
3911,3903,5.303384575798435e-10,0.2394591709660203,0.0,18,8,0.0357357317284724
3921,3913,6.749248610590259e-10,0.2394591709660203,0.0,18,8,0.0357357317284724
3963,3957,6.044643302460159e-10,0.2394591709660203,0.0,18,8,0.0357357317284724
3976,3972,5.336936620010643e-10,0.2394591709660203,0.0,18,8,0.0357357317284724
2049,3550,1.160351265844997e-08,0.27775484936029715,0.0,19,8,0.0357357317284724
2057,3779,1.2328155670820633e-09,0.2395017793594306,0.0,19,8,0.0357357317284724
3527,3485,5.769337772571736e-10,0.23947337207923142,0.0,19,8,0.0357357317284724
3534,3493,5.356177078293339e-10,0.23947337207923142,0.0,19,8,0.0357357317284724
3536,3496,1.5951413702320085e-09,0.23947337207923142,0.0,19,8,0.0357357317284724
3572,3535,5.326880119444582e-10,0.23947337207923142,0.0,19,8,0.0357357317284724
3622,3591,5.386704503132486e-10,0.23947337207923142,0.0,19,8,0.0357357317284724
3638,3608,5.386491539576168e-10,0.23947337207923142,0.0,19,8,0.0357357317284724
3641,3612,6.020838632746236e-10,0.23947337207923142,0.0,19,8,0.0357357317284724
3651,3623,5.34726459842582e-10,0.23947337207923142,0.0,19,8,0.0357357317284724
3654,3627,5.913386363949569e-10,0.23947337207923142,0.0,19,8,0.0357357317284724
3744,3725,5.284732955433607e-10,0.23947337207923142,0.0,19,8,0.0357357317284724
3761,3743,5.284732954530773e-10,0.23947337207923142,0.0,19,8,0.0357357317284724
3769,3752,6.009923190603469e-10,0.23947337207923142,0.0,19,8,0.0357357317284724
3775,3759,5.307929127804877e-10,0.23947337207923142,0.0,19,8,0.0357357317284724
3792,3776,5.293912440219471e-10,0.23947337207923142,0.0,19,8,0.0357357317284724
3800,3785,6.718994759722007e-10,0.23947337207923142,0.0,19,8,0.0357357317284724
3873,3862,5.347619144287092e-10,0.23947337207923142,0.0,19,8,0.0357357317284724
3877,3866,5.338545153153123e-10,0.23947337207923142,0.0,19,8,0.0357357317284724
3500,3458,5.383395794744634e-10,0.23948757487693495,0.0,20,8,0.0357357317284724
3504,3462,7.538158574472496e-10,0.23948757487693495,0.0,20,8,0.0357357317284724
3540,3500,5.32452816423199e-10,0.23948757487693495,0.0,20,8,0.0357357317284724
3549,3510,5.380921862398907e-10,0.23948757487693495,0.0,20,8,0.0357357317284724
3575,3538,5.31453110307362e-10,0.23948757487693495,0.0,20,8,0.0357357317284724
3590,3555,5.530567267456033e-10,0.23948757487693495,0.0,20,8,0.0357357317284724
3644,3615,5.409672217844412e-10,0.23948757487693495,0.0,20,8,0.0357357317284724
3647,3618,1.4430511841235578e-09,0.23948757487693495,0.0,20,8,0.0357357317284724
3858,3845,6.89989074308538e-10,0.23948757487693495,0.0,20,8,0.0357357317284724
3863,3850,5.408773102628173e-10,0.23948757487693495,0.0,20,8,0.0357357317284724
3539,3499,5.406815751860982e-10,0.2395017793594306,0.0,21,8,0.0357357317284724
3589,3554,6.087092726636159e-10,0.2395017793594306,0.0,21,8,0.0357357317284724
3631,3601,5.510818406468532e-10,0.2395017793594306,0.0,21,8,0.0357357317284724
3674,3648,5.396065080192605e-10,0.2395017793594306,0.0,21,8,0.0357357317284724
3718,3697,1.2267308942521383e-09,0.2395017793594306,0.0,21,8,0.0357357317284724
3777,3761,5.418998227275309e-10,0.2395017793594306,0.0,21,8,0.0357357317284724
3801,3786,5.429084685729258e-10,0.2395017793594306,0.0,21,8,0.0357357317284724
3806,3791,5.358116983993316e-10,0.2395017793594306,0.0,21,8,0.0357357317284724
3817,3803,6.055042542019065e-10,0.2395017793594306,0.0,21,8,0.0357357317284724
3904,3896,5.414137543780425e-10,0.2395017793594306,0.0,21,8,0.0357357317284724
3487,3443,5.466931272538882e-10,0.23951598552701822,0.0,22,8,0.0357357317284724
3548,3509,5.467689226281372e-10,0.23951598552701822,0.0,22,8,0.0357357317284724
3550,3511,5.546284206145321e-10,0.23951598552701822,0.0,22,8,0.0357357317284724
3606,3573,8.866977196644773e-10,0.23951598552701822,0.0,22,8,0.0357357317284724
3660,3634,5.451716835037527e-10,0.23951598552701822,0.0,22,8,0.0357357317284724
3681,3656,1.5163561657085105e-09,0.23951598552701822,0.0,22,8,0.0357357317284724
3695,3670,7.662518641879018e-10,0.23951598552701822,0.0,22,8,0.0357357317284724
3765,3747,5.428144339671075e-10,0.23951598552701822,0.0,22,8,0.0357357317284724
3849,3836,5.401854275200452e-10,0.23951598552701822,0.0,22,8,0.0357357317284724
3864,3852,9.155248113366174e-10,0.23951598552701822,0.0,22,8,0.0357357317284724
3917,3909,5.505585946989053e-10,0.23951598552701822,0.0,22,8,0.0357357317284724
3923,3915,5.561889824465123e-10,0.23951598552701822,0.0,22,8,0.0357357317284724
3939,3931,5.47611148669326e-10,0.23951598552701822,0.0,22,8,0.0357357317284724
3941,3933,5.386036002121128e-10,0.23951598552701822,0.0,22,8,0.0357357317284724
3532,3491,1.039699248327123e-09,0.23953019337999762,0.0,23,8,0.0357357317284724
3564,3527,7.09776090071551e-10,0.23953019337999762,0.0,23,8,0.0357357317284724
3571,3534,5.493608006074468e-10,0.23953019337999762,0.0,23,8,0.0357357317284724
3655,3628,6.238454186700111e-10,0.23953019337999762,0.0,23,8,0.0357357317284724
3668,3642,1.0678616720270758e-09,0.23953019337999762,0.0,23,8,0.0357357317284724
3692,3667,1.2947744880939755e-09,0.23953019337999762,0.0,23,8,0.0357357317284724
3740,3719,5.483797301154409e-10,0.23953019337999762,0.0,23,8,0.0357357317284724
3784,3768,5.485408589620537e-10,0.23953019337999762,0.0,23,8,0.0357357317284724
2008,862,1.2187680484806789e-08,0.28182579564489113,0.0,24,8,0.0357357317284724
3483,3438,1.191343269433519e-09,0.2395444029186688,0.0,24,8,0.0357357317284724
3505,3463,9.230233633208828e-10,0.2395444029186688,0.0,24,8,0.0357357317284724
3537,3497,6.25298623991489e-10,0.2395444029186688,0.0,24,8,0.0357357317284724
3547,3508,5.513079356762431e-10,0.2395444029186688,0.0,24,8,0.0357357317284724
3610,3578,8.687295582131515e-10,0.2395444029186688,0.0,24,8,0.0357357317284724
3669,3643,5.520017670370502e-10,0.2395444029186688,0.0,24,8,0.0357357317284724
3728,3707,6.663721929139151e-10,0.2395444029186688,0.0,24,8,0.0357357317284724
3899,3891,6.674884959936179e-10,0.2395444029186688,0.0,24,8,0.0357357317284724
3935,3927,6.150082552242956e-10,0.2395444029186688,0.0,24,8,0.0357357317284724
3962,3956,5.530804505433597e-10,0.2395444029186688,0.0,24,8,0.0357357317284724
2092,3943,1.2136900091934775e-08,0.27783129214256225,0.0,25,8,0.0357357317284724
3513,3471,9.380757343411162e-10,0.23955861414333174,0.0,25,8,0.0357357317284724
3522,3480,1.360491550555695e-09,0.23955861414333174,0.0,25,8,0.0357357317284724
3544,3505,5.644386657791366e-10,0.23955861414333174,0.0,25,8,0.0357357317284724
3662,3636,5.548912944723436e-10,0.23955861414333174,0.0,25,8,0.0357357317284724
3727,3706,5.594315173902656e-10,0.23955861414333174,0.0,25,8,0.0357357317284724
3770,3753,5.590304611383571e-10,0.23955861414333174,0.0,25,8,0.0357357317284724
3844,3831,1.0952272470130199e-09,0.23955861414333174,0.0,25,8,0.0357357317284724
3973,3969,5.568082346044467e-10,0.23955861414333174,0.0,25,8,0.0357357317284724
2077,3440,1.1975650051594297e-08,0.27785040941305994,0.0,26,8,0.0357357317284724
3508,3466,5.598600328674535e-10,0.23957282705428656,0.0,26,8,0.0357357317284724
3602,3569,5.639663520368757e-10,0.23957282705428656,0.0,26,8,0.0357357317284724
3712,3690,5.564709208888955e-10,0.23957282705428656,0.0,26,8,0.0357357317284724
3731,3710,5.620606453468404e-10,0.23957282705428656,0.0,26,8,0.0357357317284724
3734,3713,5.632794852460583e-10,0.23957282705428656,0.0,26,8,0.0357357317284724
3735,3714,5.632524819488168e-10,0.23957282705428656,0.0,26,8,0.0357357317284724
3835,3821,5.57820779637851e-10,0.23957282705428656,0.0,26,8,0.0357357317284724
3848,3835,5.629222419621034e-10,0.23957282705428656,0.0,26,8,0.0357357317284724
3878,3867,5.621771489399773e-10,0.23957282705428656,0.0,26,8,0.0357357317284724
3881,3870,5.62212396448212e-10,0.23957282705428656,0.0,26,8,0.0357357317284724
3915,3907,5.622970820233762e-10,0.23957282705428656,0.0,26,8,0.0357357317284724
2052,3609,1.2613511580845372e-08,0.2779077770130764,0.0,27,8,0.0357357317284724
3593,3559,6.952640102883658e-10,0.2395870416518334,0.0,27,8,0.0357357317284724
3621,3590,6.455261940146002e-10,0.2395870416518334,0.0,27,8,0.0357357317284724
3661,3635,7.977768802678139e-10,0.2395870416518334,0.0,27,8,0.0357357317284724
3739,3718,5.64617005553308e-10,0.2395870416518334,0.0,27,8,0.0357357317284724
3759,3740,5.649942491051385e-10,0.2395870416518334,0.0,27,8,0.0357357317284724
3839,3825,6.264354420127536e-10,0.2395870416518334,0.0,27,8,0.0357357317284724
3502,3460,5.663379743837638e-10,0.23960125793627246,0.0,28,8,0.0357357317284724
3511,3469,6.431400791354792e-10,0.23960125793627246,0.0,28,8,0.0357357317284724
3747,3728,5.687701090204765e-10,0.23960125793627246,0.0,28,8,0.0357357317284724
3749,3730,6.460471918598019e-10,0.23960125793627246,0.0,28,8,0.0357357317284724
3842,3828,1.1167461028134368e-09,0.23960125793627246,0.0,28,8,0.0357357317284724
2086,3750,1.2283476266921967e-08,0.2779077770130764,0.0,29,8,0.0357357317284724
2091,3886,1.2333621367566475e-08,0.2779077770130764,0.0,29,8,0.0357357317284724
3510,3468,5.683560969132451e-10,0.2396154759079041,0.0,29,8,0.0357357317284724
3714,3693,1.9465894964878894e-09,0.2396154759079041,0.0,29,8,0.0357357317284724
3732,3711,5.693094807387254e-10,0.2396154759079041,0.0,29,8,0.0357357317284724
3780,3764,5.695421407539409e-10,0.2396154759079041,0.0,29,8,0.0357357317284724
2056,3721,1.2374943969943349e-08,0.2779651683072899,0.0,30,8,0.0357357317284724
3528,3486,5.767194974289418e-10,0.23962969556702865,0.0,30,8,0.0357357317284724
3563,3526,6.690636193354297e-10,0.23962969556702865,0.0,30,8,0.0357357317284724
3757,3738,6.409172057297357e-10,0.23962969556702865,0.0,30,8,0.0357357317284724
3836,3822,5.755819433816088e-10,0.23962969556702865,0.0,30,8,0.0357357317284724
3929,3921,5.753102780220372e-10,0.23962969556702865,0.0,30,8,0.0357357317284724
3506,3464,5.88347235165617e-10,0.2396439169139466,0.0,31,8,0.0357357317284724
3591,3557,7.5454735711557e-10,0.2396439169139466,0.0,31,8,0.0357357317284724
3926,3918,6.447261144503186e-10,0.2396439169139466,0.0,31,8,0.0357357317284724
2082,3651,1.2388424802541937e-08,0.2779651683072899,0.0,32,8,0.0357357317284724
3517,3475,1.075420132117033e-09,0.2396581399489584,0.0,32,8,0.0357357317284724
3797,3782,5.794109317877068e-10,0.2396581399489584,0.0,32,8,0.0357357317284724
3840,3826,5.835847525522824e-10,0.2396581399489584,0.0,32,8,0.0357357317284724
3846,3833,5.815450732548462e-10,0.2396581399489584,0.0,32,8,0.0357357317284724
3870,3858,9.782164717951421e-10,0.2396581399489584,0.0,32,8,0.0357357317284724
3880,3869,5.952278430064286e-10,0.2396581399489584,0.0,32,8,0.0357357317284724
3954,3947,5.826760135904226e-10,0.2396581399489584,0.0,32,8,0.0357357317284724
3556,3518,7.659682051300671e-10,0.23967236467236466,0.0,33,8,0.0357357317284724
3578,3542,6.770872292415909e-10,0.23967236467236466,0.0,33,8,0.0357357317284724
3588,3553,5.879103468463549e-10,0.23967236467236466,0.0,33,8,0.0357357317284724
3629,3599,5.8196205471371e-10,0.23967236467236466,0.0,33,8,0.0357357317284724
3646,3617,6.704504600324697e-10,0.23967236467236466,0.0,33,8,0.0357357317284724
3709,3687,9.96584791144985e-10,0.23967236467236466,0.0,33,8,0.0357357317284724
3742,3722,6.032766179803735e-10,0.23967236467236466,0.0,33,8,0.0357357317284724
3854,3841,1.920947811104684e-09,0.23967236467236466,0.0,33,8,0.0357357317284724
2079,3540,1.2243321225290801e-08,0.2780034423407917,0.0,34,8,0.0357357317284724
3893,3884,1.307435919408032e-09,0.23968659108446608,0.0,34,8,0.0357357317284724
3908,3900,5.876353292519371e-10,0.23968659108446608,0.0,34,8,0.0357357317284724
3952,3945,6.527327413442975e-10,0.23968659108446608,0.0,34,8,0.0357357317284724
3566,3529,5.920697236568435e-10,0.23970081918556335,0.0,35,8,0.0357357317284724
3601,3568,5.914845273363914e-10,0.23970081918556335,0.0,35,8,0.0357357317284724
3809,3794,5.945628721128313e-10,0.23970081918556335,0.0,35,8,0.0357357317284724
3824,3810,5.904926482961751e-10,0.23970081918556335,0.0,35,8,0.0357357317284724
3957,3951,5.937490984894723e-10,0.23970081918556335,0.0,35,8,0.0357357317284724
2078,3525,1.2460971334593928e-08,0.27804172691592643,0.0,36,8,0.0357357317284724
3565,3528,7.024982079150456e-10,0.23971504897595725,0.0,36,8,0.0357357317284724
3653,3625,2.1292322351017385e-09,0.2397292804559487,0.0,37,8,0.0357357317284724
3656,3629,6.054027950918239e-10,0.2397292804559487,0.0,37,8,0.0357357317284724
3843,3829,5.97982015960317e-10,0.2397292804559487,0.0,37,8,0.0357357317284724
3872,3860,1.0247870450519553e-09,0.2397292804559487,0.0,37,8,0.0357357317284724
2083,3674,1.2503057145990279e-08,0.2780800220370498,0.0,38,8,0.0357357317284724
2084,3692,1.2815847407857651e-08,0.2780800220370498,0.0,38,8,0.0357357317284724
3498,3455,6.736968924316314e-10,0.23974351362583862,0.0,38,8,0.0357357317284724
3592,3558,6.041268737069207e-10,0.23974351362583862,0.0,38,8,0.0357357317284724
3723,3702,1.0811342505271387e-09,0.23974351362583862,0.0,38,8,0.0357357317284724
3726,3705,6.062689892942373e-10,0.23974351362583862,0.0,38,8,0.0357357317284724
3883,3873,1.9951082444838266e-09,0.23974351362583862,0.0,38,8,0.0357357317284724
2093,3962,1.2676897504676638e-08,0.278099173553719,0.0,39,8,0.0357357317284724
3635,3605,1.3920169200497314e-09,0.23975774848592804,0.0,39,8,0.0357357317284724
3756,3737,8.346659603234785e-10,0.23975774848592804,0.0,39,8,0.0357357317284724
3750,3731,8.011842628870395e-10,0.23977198503651803,0.0,40,8,0.0357357317284724
3553,3514,1.0361981418305662e-09,0.23978622327790974,0.0,41,8,0.0357357317284724
3855,3842,1.8695557088662878e-09,0.23978622327790974,0.0,41,8,0.0357357317284724
3932,3924,6.149780341760814e-10,0.23978622327790974,0.0,41,8,0.0357357317284724
3609,3576,1.1057311929262273e-09,0.2398004632104044,0.0,42,8,0.0357357317284724
3666,3640,7.554624515780182e-10,0.2398004632104044,0.0,42,8,0.0357357317284724
3910,3902,9.770798975186311e-10,0.2398004632104044,0.0,42,8,0.0357357317284724
2046,3797,1.3026963359263846e-08,0.2782333080686281,0.0,43,8,0.0357357317284724
3703,3680,6.971154769199525e-10,0.23981470483430337,0.0,43,8,0.0357357317284724
3934,3926,9.893302900439566e-10,0.23981470483430337,0.0,43,8,0.0357357317284724
2043,3586,2.35815773786066e-09,0.2398716882499703,0.0,44,8,0.0357357317284724
3774,3758,6.223457520469689e-10,0.23982894814990793,0.0,44,8,0.0357357317284724
3914,3906,6.237609579140413e-10,0.23982894814990793,0.0,44,8,0.0357357317284724
3486,3442,6.244134920610161e-10,0.2398431931575196,0.0,45,8,0.0357357317284724
3493,3449,2.3021528535524012e-09,0.2398431931575196,0.0,45,8,0.0357357317284724
3805,3790,9.048084250231893e-10,0.2398431931575196,0.0,45,8,0.0357357317284724
3972,3968,2.4704387741252722e-09,0.23985743985743985,0.0,46,8,0.0357357317284724
3492,3448,1.9351495491754094e-09,0.2398716882499703,0.0,47,8,0.0357357317284724
3529,3488,9.182031432128148e-10,0.2398716882499703,0.0,47,8,0.0357357317284724
3623,3593,6.351355754238431e-10,0.2398716882499703,0.0,47,8,0.0357357317284724
3697,3672,1.2689153490849688e-09,0.2398716882499703,0.0,47,8,0.0357357317284724
3938,3930,1.0559928510729946e-09,0.2398716882499703,0.0,47,8,0.0357357317284724
3970,3966,1.2299777411986773e-09,0.2398716882499703,0.0,47,8,0.0357357317284724
3975,3971,1.988159343361402e-09,0.2398716882499703,0.0,47,8,0.0357357317284724
3545,3506,6.354869694170026e-10,0.23988593833541258,0.0,48,8,0.0357357317284724
3616,3584,6.389726297584099e-10,0.23990019011406843,0.0,49,8,0.0357357317284724
3753,3734,2.266752956713012e-09,0.23990019011406843,0.0,49,8,0.0357357317284724
3808,3793,6.411219198353083e-10,0.23990019011406843,0.0,49,8,0.0357357317284724
3814,3800,1.546613268371028e-09,0.23990019011406843,0.0,49,8,0.0357357317284724
3818,3804,1.0022881216125152e-09,0.23990019011406843,0.0,49,8,0.0357357317284724
2047,3501,1.3120519854730823e-08,0.27834838353898117,0.0,50,8,0.0357357317284724
2054,3677,1.3107795652401923e-08,0.27834838353898117,0.0,50,8,0.0357357317284724
3838,3824,1.3878223967408584e-09,0.23991444358623967,0.0,50,8,0.0357357317284724
2041,3456,1.2766740804182521e-08,0.2783867631851086,0.0,51,8,0.0357357317284724
2050,3577,1.3138122497295211e-08,0.2783867631851086,0.0,52,8,0.0357357317284724
2090,3877,1.2738738389440528e-08,0.27840595697738557,0.0,55,8,0.0357357317284724
2042,3495,1.3055482005053152e-08,0.27848275862068966,0.0,56,8,0.0357357317284724
3640,3611,1.2876391421205412e-09,0.24001426533523537,0.0,57,8,0.0357357317284724
3559,3521,1.2149730508605337e-09,0.24002853236640315,0.0,58,8,0.0357357317284724
2059,3948,1.3241442536677671e-08,0.2785211753345289,0.0,59,8,0.0357357317284724
2089,3851,1.3173152765659776e-08,0.27848275862068966,0.0,59,8,0.0357357317284724
2087,3756,1.3098047423430497e-08,0.2785211753345289,0.0,61,8,0.0357357317284724
3851,3838,1.0881131229125903e-09,0.24007134363852556,0.0,61,8,0.0357357317284724
2053,3633,1.3288238282594179e-08,0.27863648909743305,0.0,65,8,0.0357357317284724
571,1085,1.7169224526149677e-06,0.35785182559376105,0.0,66,8,0.0357357317284724
2055,3684,1.3206748276245148e-08,0.27867494824016564,0.0,67,8,0.0357357317284724
3634,3604,2.3263261088226077e-09,0.2402856292770009,0.0,76,8,0.0357357317284724
3581,3545,2.1333195924318013e-09,0.24038576020954874,0.0,83,8,0.0357357317284724
3946,3938,2.6722716143661966e-09,0.24038576020954874,0.0,83,8,0.0357357317284724
3626,3596,2.635107204779615e-09,0.24042869901756475,0.0,86,8,0.0357357317284724
2088,3830,1.3234114251179545e-08,0.27942702927133073,0.0,108,8,0.0357357317284724
1821,3437,7.646593202232129e-08,0.31441252043914975,0.0,547,8,0.0357357317284724
3012,2013,0.0006330671065758712,0.25992919214676535,0.0,9,9,0.5654490106544902
3013,2014,0.0006347801834007955,0.2599459250675937,0.0,10,9,0.5654490106544902
2968,1950,0.0006453539380199836,0.25997939737316506,0.0,12,9,0.5654490106544902
3011,2012,0.0006730757528641034,0.260029621997553,0.0,15,9,0.5654490106544902
3015,2016,0.0006886068376860593,0.2600798660311735,0.0,18,9,0.5654490106544902
2953,1928,0.0007497686802988105,0.26016364924940405,0.0,23,9,0.5654490106544902
3038,2050,0.000709202795310869,0.26016364924940405,0.0,23,9,0.5654490106544902
3317,2435,0.0007321564853549298,0.26023071470000647,0.0,27,9,0.5654490106544902
3022,2025,0.0007452175459270933,0.26028103648317646,0.0,30,9,0.5654490106544902
3006,2000,0.0007821004403765277,0.26033137773193216,0.0,33,9,0.5654490106544902
2973,1958,0.0007707651728381281,0.26034816247582204,0.0,34,9,0.5654490106544902
3005,1999,0.0008134290430490865,0.26034816247582204,0.0,34,9,0.5654490106544902
3458,2626,0.0007619235176514403,0.26034816247582204,0.0,34,9,0.5654490106544902
1463,2337,0.0007989415141612401,0.26623590690314497,0.0,35,9,0.5654490106544902
2981,1968,0.0008358484315418614,0.2603649493842285,0.0,35,9,0.5654490106544902
3246,2346,0.0007805576420608048,0.2603817384575703,0.0,36,9,0.5654490106544902
3481,2658,0.0007939079261127316,0.2603817384575703,0.0,36,9,0.5654490106544902
3468,2639,0.0008109724065617155,0.2603985296962662,0.0,37,9,0.5654490106544902
1499,2636,0.0008162850506544242,0.26628857821155366,0.0,38,9,0.5654490106544902
1505,2660,0.0008401768876924847,0.26628857821155366,0.0,38,9,0.5654490106544902
3075,2097,0.0007902610609442164,0.2604153231007352,0.0,38,9,0.5654490106544902
3212,2297,0.0008056501947918066,0.2604153231007352,0.0,38,9,0.5654490106544902
1405,1976,0.0009034165105834877,0.266306139945921,0.0,39,9,0.5654490106544902
1436,2157,0.0008545713655686701,0.266306139945921,0.0,39,9,0.5654490106544902
1481,2494,0.0008112982175659051,0.266306139945921,0.0,39,9,0.5654490106544902
2956,1931,0.000837463986760293,0.2604321186713963,0.0,39,9,0.5654490106544902
2972,1957,0.0008003178659842714,0.2604321186713963,0.0,39,9,0.5654490106544902
2947,1921,0.000893335930471773,0.26044891640866874,0.0,40,9,0.5654490106544902
3010,2011,0.0008268394076609734,0.26044891640866874,0.0,40,9,0.5654490106544902
3428,2585,0.0008161995162458104,0.26044891640866874,0.0,40,9,0.5654490106544902
3137,2192,0.0008283489764833922,0.26046571631297166,0.0,41,9,0.5654490106544902
3459,2627,0.0008445770072085253,0.26046571631297166,0.0,41,9,0.5654490106544902
3464,2633,0.0008116609308438761,0.26046571631297166,0.0,41,9,0.5654490106544902
1447,2225,0.0008540239435007869,0.2663588390501319,0.0,42,9,0.5654490106544902
1415,2027,0.0008695974116211884,0.26639398337511544,0.0,44,9,0.5654490106544902
1412,2009,0.0009499347664107396,0.26641155901563635,0.0,45,9,0.5654490106544902
1474,2459,0.0009526698296864648,0.2664291369754553,0.0,46,9,0.5654490106544902
1493,2583,0.0008815009799228986,0.2664291369754553,0.0,46,9,0.5654490106544902
2942,1914,0.0008440142696285326,0.2605665612699232,0.0,47,9,0.5654490106544902
1502,2647,0.0008632507704649003,0.2664642998548238,0.0,48,9,0.5654490106544902
3046,2061,0.0008667970352079327,0.2605833763551884,0.0,48,9,0.5654490106544902
3115,2159,0.0008716546497041537,0.2605833763551884,0.0,48,9,0.5654490106544902
3473,2648,0.000870825999495522,0.2605833763551884,0.0,48,9,0.5654490106544902
1406,1991,0.000872182944436167,0.266481884775292,0.0,49,9,0.5654490106544902
1471,2447,0.0009084821243545374,0.266481884775292,0.0,49,9,0.5654490106544902
3143,2202,0.0008710175830593032,0.2606001936108422,0.0,49,9,0.5654490106544902
1410,2004,0.000915189699139276,0.26649947201689544,0.0,50,9,0.5654490106544902
1465,2378,0.000914728278508121,0.26649947201689544,0.0,50,9,0.5654490106544902
2959,1935,0.0008702086418288875,0.2606170130373048,0.0,50,9,0.5654490106544902
3020,2022,0.000902530088139874,0.2606170130373048,0.0,50,9,0.5654490106544902
3008,2006,0.0008689576405244176,0.2606506584043377,0.0,52,9,0.5654490106544902
3480,2657,0.0008652935983798005,0.2606506584043377,0.0,52,9,0.5654490106544902
1414,2024,0.0009307158804979426,0.26655224767311375,0.0,53,9,0.5654490106544902
1408,1998,0.0009014253144883699,0.2665698442038553,0.0,54,9,0.5654490106544902
3471,2645,0.0009003894138435132,0.2606843124596514,0.0,54,9,0.5654490106544902
1413,2018,0.0009625374486034781,0.2665874430580313,0.0,55,9,0.5654490106544902
2946,1919,0.0009160096685020425,0.2607011427464652,0.0,55,9,0.5654490106544902
2952,1927,0.0008972450417362352,0.2607011427464652,0.0,55,9,0.5654490106544902
3261,2365,0.0009216878607668417,0.2607011427464652,0.0,55,9,0.5654490106544902
3452,2620,0.000918854687323225,0.2607011427464652,0.0,55,9,0.5654490106544902
1456,2284,0.0009087572853186569,0.26660504423610193,0.0,56,9,0.5654490106544902
1489,2538,0.0009614871634772505,0.26660504423610193,0.0,56,9,0.5654490106544902
1500,2640,0.0009629843155294862,0.26660504423610193,0.0,56,9,0.5654490106544902
2990,1980,0.0009121696394105192,0.2607348098405114,0.0,57,9,0.5654490106544902
3482,2659,0.0008979744191357763,0.2607516466485858,0.0,58,9,0.5654490106544902
1409,2001,0.0009729911331641687,0.2666754721965394,0.0,60,9,0.5654490106544902
1407,1995,0.0009789827518683215,0.2667283175903296,0.0,63,9,0.5654490106544902
1401,1951,0.0009677050078925751,0.2667459373761395,0.0,64,9,0.5654490106544902
1404,1973,0.0011406630964925593,0.2667635594899914,0.0,65,9,0.5654490106544902
1427,2116,0.0016950925407096492,0.2667635594899914,0.0,65,9,0.5654490106544902
1464,2364,0.0009770874834975688,0.2667635594899914,0.0,65,9,0.5654490106544902
1437,2171,0.0009956827128830659,0.26678118393234673,0.0,66,9,0.5654490106544902
1403,1972,0.0011704240841934254,0.2668517049960349,0.0,70,9,0.5654490106544902
3323,2442,0.0012422491341824902,0.25982883984299593,0.0,3,10,0.5915397268111278
3394,2545,0.0014942415784454733,0.25992919214676535,0.0,9,10,0.5915397268111278
3380,2524,0.0051432512187867116,0.25999613675874056,0.0,13,10,0.5915397268111278
3192,2262,0.002634974785014029,0.26001287830006437,0.0,14,10,0.5915397268111278
3427,2584,0.0022774639184134026,0.260029621997553,0.0,15,10,0.5915397268111278
3332,2454,0.004878871350547405,0.2600463678516229,0.0,16,10,0.5915397268111278
3017,2019,0.003148979786461891,0.26009661835748793,0.0,19,10,0.5915397268111278
3208,2288,0.003948637011563367,0.2601301294852799,0.0,21,10,0.5915397268111278
3324,2443,0.004606810635877635,0.26016364924940405,0.0,23,10,0.5915397268111278
3275,2383,0.007985573018971048,0.26018041237113404,0.0,24,10,0.5915397268111278
3033,2044,0.007399483561068456,0.26019717765319933,0.0,25,10,0.5915397268111278
3309,2427,0.0074217873638955595,0.26019717765319933,0.0,25,10,0.5915397268111278
3249,2350,0.008450094365525827,0.26024748646558393,0.0,28,10,0.5915397268111278
3170,2234,0.006233268098021596,0.2602642603931679,0.0,29,10,0.5915397268111278
3216,2303,0.008366022659404122,0.2602642603931679,0.0,29,10,0.5915397268111278
3019,2021,0.013796861013584847,0.26029781473602787,0.0,31,10,0.5915397268111278
3447,2613,0.013919503270253967,0.26029781473602787,0.0,31,10,0.5915397268111278
3282,2393,0.008160760890465047,0.2603145951521403,0.0,32,10,0.5915397268111278
3050,2067,0.007629848384617659,0.26033137773193216,0.0,33,10,0.5915397268111278
3345,2476,0.01163131206139823,0.2603817384575703,0.0,36,10,0.5915397268111278
2963,1942,0.011134866094596643,0.2604321186713963,0.0,39,10,0.5915397268111278
3109,2147,0.012809251780655118,0.26046571631297166,0.0,41,10,0.5915397268111278
3070,2092,0.011504341303763798,0.26049932262434683,0.0,43,10,0.5915397268111278
3421,2576,0.0163907580950361,0.26053293760887797,0.0,45,10,0.5915397268111278
3328,2449,0.013087487546917862,0.2605497483546264,0.0,46,10,0.5915397268111278
3188,2258,0.021306750322520954,0.2606001936108422,0.0,49,10,0.5915397268111278
3277,2387,0.014114776768155516,0.2606170130373048,0.0,50,10,0.5915397268111278
3224,2311,0.02138145903660795,0.26063383463499645,0.0,51,10,0.5915397268111278
3389,2536,0.025979692733067456,0.26083586331632325,0.0,63,10,0.5915397268111278
3207,2287,0.030463024040791903,0.2609201344016542,0.0,68,10,0.5915397268111278
3280,2391,0.02643197294015847,0.2609875904860393,0.0,72,10,0.5915397268111278
3040,2055,0.03178204876661315,0.26100445995733956,0.0,73,10,0.5915397268111278
3102,2136,0.03251159533446491,0.2610213316095669,0.0,74,10,0.5915397268111278
3442,2606,0.03453800036319723,0.2610382054431444,0.0,75,10,0.5915397268111278
3043,2058,0.030733249607871473,0.26105508145849493,0.0,76,10,0.5915397268111278
2977,1963,0.03846660444437991,0.2612239617026782,0.0,86,10,0.5915397268111278
3251,2353,0.0379371347753908,0.2612239617026782,0.0,86,10,0.5915397268111278
3311,2429,0.03207503330422769,0.2612239617026782,0.0,86,10,0.5915397268111278
2999,1989,0.03869819932406589,0.2612408617454875,0.0,87,10,0.5915397268111278
3293,2407,0.03997290704799175,0.2612746683921061,0.0,89,10,0.5915397268111278
3119,2164,0.03976598639365655,0.26132539477090344,0.0,92,10,0.5915397268111278
3281,2392,0.04071962704530201,0.26132539477090344,0.0,92,10,0.5915397268111278
3347,2478,0.0321868869690464,0.2613423079412336,0.0,93,10,0.5915397268111278
3364,2499,0.03682836657887148,0.2613423079412336,0.0,93,10,0.5915397268111278
3402,2554,0.0423723897083714,0.2613423079412336,0.0,93,10,0.5915397268111278
3130,2179,0.04194272811855787,0.2613592233009709,0.0,94,10,0.5915397268111278
3337,2462,0.040067069553095754,0.2613930605903677,0.0,96,10,0.5915397268111278
3432,2591,0.043034989553277135,0.2613930605903677,0.0,96,10,0.5915397268111278
3150,2210,0.04237454100314804,0.26142690664249646,0.0,98,10,0.5915397268111278
3153,2213,0.04556465866302574,0.2615115601321158,0.0,103,10,0.5915397268111278
3419,2574,0.04466960226427339,0.2615115601321158,0.0,103,10,0.5915397268111278
3045,2060,0.044455497356089405,0.2615623785464438,0.0,106,10,0.5915397268111278
3386,2532,0.048298834061246264,0.2615623785464438,0.0,106,10,0.5915397268111278
3358,2489,0.04760634063792632,0.26159626846333245,0.0,108,10,0.5915397268111278
3410,2563,0.04874401873166587,0.2616301671634055,0.0,110,10,0.5915397268111278
3400,2552,0.05009440774313381,0.26166407465007774,0.0,112,10,0.5915397268111278
3219,2306,0.05095034134909356,0.2616810316894563,0.0,113,10,0.5915397268111278
3346,2477,0.050103877230096065,0.2616810316894563,0.0,113,10,0.5915397268111278
3041,2056,0.04407732364766036,0.26171495236243436,0.0,115,10,0.5915397268111278
3424,2579,0.052451123620779576,0.2617319159968888,0.0,116,10,0.5915397268111278
3462,2631,0.05050309191379061,0.2617319159968888,0.0,116,10,0.5915397268111278
3076,2098,0.051789915430165485,0.26174888183055683,0.0,117,10,0.5915397268111278
3302,2418,0.052314523075256636,0.26174888183055683,0.0,117,10,0.5915397268111278
3214,2300,0.04727354671983632,0.26183374400207493,0.0,122,10,0.5915397268111278
2970,1953,0.05489954531083815,0.2618507230400104,0.0,123,10,0.5915397268111278
3035,2046,0.05574594152843073,0.2618507230400104,0.0,123,10,0.5915397268111278
3173,2237,0.05483900215333248,0.26186770428015566,0.0,124,10,0.5915397268111278
3237,2329,0.05464699305975682,0.26186770428015566,0.0,124,10,0.5915397268111278
3369,2506,0.053336914076729025,0.26186770428015566,0.0,124,10,0.5915397268111278
2951,1925,0.05458896021969501,0.2618846877229392,0.0,125,10,0.5915397268111278
3057,2077,0.05653258184822201,0.2619016733687897,0.0,126,10,0.5915397268111278
3353,2484,0.05544901125829389,0.2619016733687897,0.0,126,10,0.5915397268111278
3120,2165,0.05603700933481629,0.26193565127140633,0.0,128,10,0.5915397268111278
3191,2261,0.05724933464720296,0.26195264352903014,0.0,129,10,0.5915397268111278
3340,2467,0.057416495241875413,0.26196963799143635,0.0,130,10,0.5915397268111278
3455,2623,0.05651655906736456,0.26196963799143635,0.0,130,10,0.5915397268111278
3403,2556,0.056952208544526164,0.26198663465905403,0.0,131,10,0.5915397268111278
3155,2216,0.058737029594594765,0.26202063461164105,0.0,133,10,0.5915397268111278
3004,1997,0.05990876578522139,0.2620546433902265,0.0,135,10,0.5915397268111278
3085,2109,0.05975898180937564,0.2620546433902265,0.0,135,10,0.5915397268111278
3341,2469,0.06089656276031902,0.2620546433902265,0.0,135,10,0.5915397268111278
3472,2646,0.05723363423712148,0.2620546433902265,0.0,135,10,0.5915397268111278
3065,2086,0.060184946845698306,0.2620716510903427,0.0,136,10,0.5915397268111278
3090,2115,0.06012728704896686,0.2620716510903427,0.0,136,10,0.5915397268111278
3354,2485,0.06011917414095248,0.26208866099824757,0.0,137,10,0.5915397268111278
3239,2334,0.05747498000710022,0.26212268743914313,0.0,139,10,0.5915397268111278
3276,2386,0.062203838884209356,0.26212268743914313,0.0,139,10,0.5915397268111278
3152,2212,0.06209118152443678,0.262139703972994,0.0,140,10,0.5915397268111278
3391,2539,0.06170819054550835,0.262139703972994,0.0,140,10,0.5915397268111278
3047,2063,0.060870301780138955,0.26215672271635393,0.0,141,10,0.5915397268111278
3063,2084,0.05661755211544639,0.26215672271635393,0.0,141,10,0.5915397268111278
3220,2307,0.0625924479662342,0.26215672271635393,0.0,141,10,0.5915397268111278
3377,2521,0.06178221892464969,0.26215672271635393,0.0,141,10,0.5915397268111278
3420,2575,0.0593992001938033,0.26215672271635393,0.0,141,10,0.5915397268111278
3395,2546,0.062128449890979764,0.2622077922077922,0.0,144,10,0.5915397268111278
3362,2495,0.06226899518998523,0.2622248197934931,0.0,145,10,0.5915397268111278
3095,2122,0.06408663156286944,0.26224184959085595,0.0,146,10,0.5915397268111278
3312,2430,0.06352734236101895,0.26224184959085595,0.0,146,10,0.5915397268111278
3062,2083,0.06403636500371339,0.26225888160031174,0.0,147,10,0.5915397268111278
3256,2359,0.06537534014568369,0.26225888160031174,0.0,147,10,0.5915397268111278
3315,2433,0.06477050564252977,0.26225888160031174,0.0,147,10,0.5915397268111278
2954,1929,0.06669660897406614,0.2623270317676866,0.0,151,10,0.5915397268111278
3247,2348,0.06621869982056412,0.2623270317676866,0.0,151,10,0.5915397268111278
3367,2504,0.06566978818804348,0.2623270317676866,0.0,151,10,0.5915397268111278
3477,2654,0.06686734572829446,0.2623270317676866,0.0,151,10,0.5915397268111278
3030,2040,0.06327048545796854,0.26234407484407485,0.0,152,10,0.5915397268111278
3418,2573,0.06696659732675571,0.26234407484407485,0.0,152,10,0.5915397268111278
2996,1986,0.06445842509399295,0.2623611201351439,0.0,153,10,0.5915397268111278
3294,2408,0.0674318713081891,0.2623611201351439,0.0,153,10,0.5915397268111278
3073,2095,0.06651613551403333,0.26237816764132554,0.0,154,10,0.5915397268111278
3201,2276,0.06659716410586429,0.26237816764132554,0.0,154,10,0.5915397268111278
3007,2005,0.06737333485222512,0.26239521736305155,0.0,155,10,0.5915397268111278
3187,2257,0.066053729784871,0.26239521736305155,0.0,155,10,0.5915397268111278
3213,2299,0.06749156539817239,0.26239521736305155,0.0,155,10,0.5915397268111278
3408,2561,0.06658640650448178,0.26239521736305155,0.0,155,10,0.5915397268111278
3221,2308,0.06858461764476348,0.26241226930075384,0.0,156,10,0.5915397268111278
3184,2253,0.06787222495526407,0.26242932345486447,0.0,157,10,0.5915397268111278
3018,2020,0.06938926764646962,0.2624463798258157,0.0,158,10,0.5915397268111278
3094,2121,0.06922474816279654,0.2624463798258157,0.0,158,10,0.5915397268111278
3265,2370,0.06942591131158624,0.2624463798258157,0.0,158,10,0.5915397268111278
3399,2551,0.06675351388927257,0.2624463798258157,0.0,158,10,0.5915397268111278
3087,2112,0.06864989410913555,0.2624804992199688,0.0,160,10,0.5915397268111278
3112,2154,0.0692197750255421,0.2624804992199688,0.0,160,10,0.5915397268111278
3351,2482,0.06952081519415285,0.2624804992199688,0.0,160,10,0.5915397268111278
2945,1918,0.06923359060777884,0.26249756224403564,0.0,161,10,0.5915397268111278
3326,2446,0.06961320677867056,0.26249756224403564,0.0,161,10,0.5915397268111278
3397,2549,0.07093057305354712,0.26249756224403564,0.0,161,10,0.5915397268111278
3054,2074,0.0710115323430247,0.26251462748667276,0.0,162,10,0.5915397268111278
3398,2550,0.0694844405495428,0.26251462748667276,0.0,162,10,0.5915397268111278
3084,2108,0.07234271572655834,0.2625487646293888,0.0,164,10,0.5915397268111278
3423,2578,0.07199718932064819,0.2625487646293888,0.0,164,10,0.5915397268111278
3451,2619,0.07037621971154402,0.2625487646293888,0.0,164,10,0.5915397268111278
3305,2423,0.07119622237973748,0.26256583653033355,0.0,165,10,0.5915397268111278
3376,2520,0.07119406744003576,0.26256583653033355,0.0,165,10,0.5915397268111278
3406,2559,0.07193999397522116,0.26256583653033355,0.0,165,10,0.5915397268111278
3467,2638,0.07250468152914741,0.2625829106515802,0.0,166,10,0.5915397268111278
3260,2363,0.0728512657829082,0.2625999869935618,0.0,167,10,0.5915397268111278
3051,2069,0.07010601025061126,0.26261706555671177,0.0,168,10,0.5915397268111278
3136,2190,0.07261043259610125,0.26261706555671177,0.0,168,10,0.5915397268111278
3250,2352,0.07260493949121653,0.26261706555671177,0.0,168,10,0.5915397268111278
3268,2374,0.0734536243252235,0.26261706555671177,0.0,168,10,0.5915397268111278
3478,2655,0.07339153921950167,0.26261706555671177,0.0,168,10,0.5915397268111278
3097,2124,0.07313221724797773,0.2626341463414634,0.0,169,10,0.5915397268111278
3336,2460,0.0726923837544189,0.2626341463414634,0.0,169,10,0.5915397268111278
3290,2404,0.07011366908826727,0.2626512293482503,0.0,170,10,0.5915397268111278
3104,2140,0.07388874883417546,0.262668314577506,0.0,171,10,0.5915397268111278
2980,1966,0.07112325692253568,0.26268540202966434,0.0,172,10,0.5915397268111278
3253,2356,0.07525158327792013,0.26268540202966434,0.0,172,10,0.5915397268111278
3025,2033,0.07372245344336961,0.2627024917051591,0.0,173,10,0.5915397268111278
3029,2037,0.06947465828867284,0.2627024917051591,0.0,173,10,0.5915397268111278
3141,2200,0.07284834900211755,0.2627024917051591,0.0,173,10,0.5915397268111278
3401,2553,0.07411107974449446,0.2627024917051591,0.0,173,10,0.5915397268111278
3461,2630,0.07438023554248546,0.2627024917051591,0.0,173,10,0.5915397268111278
3032,2043,0.07432639300511423,0.2627195836044242,0.0,174,10,0.5915397268111278
3203,2278,0.07261940219411173,0.2627195836044242,0.0,174,10,0.5915397268111278
2984,1971,0.07473195029412387,0.2627537740760021,0.0,176,10,0.5915397268111278
2989,1979,0.07380840431767326,0.2627537740760021,0.0,176,10,0.5915397268111278
3034,2045,0.07518707934644628,0.2627537740760021,0.0,176,10,0.5915397268111278
3273,2381,0.07560632800219018,0.2627537740760021,0.0,176,10,0.5915397268111278
2224,2468,0.06282472896253441,0.2810020876826722,0.0,177,10,0.5915397268111278
3071,2093,0.07557925888012147,0.2627708726491833,0.0,177,10,0.5915397268111278
3252,2354,0.07601109577219821,0.2627708726491833,0.0,177,10,0.5915397268111278
2994,1984,0.07547265322277115,0.2627879734478719,0.0,178,10,0.5915397268111278
3103,2139,0.076820839893111,0.2627879734478719,0.0,178,10,0.5915397268111278
3295,2409,0.07554893807065073,0.2627879734478719,0.0,178,10,0.5915397268111278
3360,2492,0.07637739221626652,0.2627879734478719,0.0,178,10,0.5915397268111278
3270,2376,0.0746191030327969,0.26280507647250245,0.0,179,10,0.5915397268111278
3283,2395,0.07574037068989442,0.26280507647250245,0.0,179,10,0.5915397268111278
3197,2271,0.07694200350676803,0.2628221817235095,0.0,180,10,0.5915397268111278
3236,2326,0.07701571579185239,0.2628221817235095,0.0,180,10,0.5915397268111278
3080,2104,0.07760006401447246,0.2628392892013279,0.0,181,10,0.5915397268111278
3365,2500,0.0769495946513827,0.2628392892013279,0.0,181,10,0.5915397268111278
3241,2339,0.07567190988429813,0.2628563989063924,0.0,182,10,0.5915397268111278
3437,2600,0.07582910176590266,0.2628563989063924,0.0,182,10,0.5915397268111278
3234,2323,0.07733416152993938,0.26287351083913807,0.0,183,10,0.5915397268111278
3299,2414,0.07755201234972428,0.26287351083913807,0.0,183,10,0.5915397268111278
3079,2103,0.07722861152016545,0.262890625,0.0,184,10,0.5915397268111278
3209,2290,0.07903934312528331,0.262890625,0.0,184,10,0.5915397268111278
3200,2275,0.0789108053195224,0.26290774138941336,0.0,185,10,0.5915397268111278
3433,2593,0.07913004174657472,0.26290774138941336,0.0,185,10,0.5915397268111278
3449,2615,0.0786457704039508,0.26290774138941336,0.0,185,10,0.5915397268111278
3048,2064,0.07868882123306446,0.2629248600078135,0.0,186,10,0.5915397268111278
3133,2184,0.07799663341823494,0.2629248600078135,0.0,186,10,0.5915397268111278
3457,2625,0.07927405209122358,0.2629248600078135,0.0,186,10,0.5915397268111278
2976,1962,0.07957515262410363,0.26294198085563586,0.0,187,10,0.5915397268111278
3024,2030,0.07965123569189904,0.26294198085563586,0.0,187,10,0.5915397268111278
3429,2586,0.08042321287171393,0.26294198085563586,0.0,187,10,0.5915397268111278
3091,2118,0.08007601319603319,0.26295910393331595,0.0,188,10,0.5915397268111278
3411,2564,0.07895149233629745,0.26295910393331595,0.0,188,10,0.5915397268111278
3456,2624,0.07940216102723603,0.26295910393331595,0.0,188,10,0.5915397268111278
2962,1938,0.08001029159499011,0.2629762292412895,0.0,189,10,0.5915397268111278
3068,2090,0.08099765310875058,0.2629762292412895,0.0,189,10,0.5915397268111278
2944,1917,0.07975556410853761,0.2629933567799922,0.0,190,10,0.5915397268111278
3142,2201,0.0807427363510811,0.2629933567799922,0.0,190,10,0.5915397268111278
3238,2331,0.07943412980992652,0.2629933567799922,0.0,190,10,0.5915397268111278
3438,2601,0.0801426725112436,0.2629933567799922,0.0,190,10,0.5915397268111278
2966,1946,0.08037368255567794,0.26301048654986,0.0,191,10,0.5915397268111278
3310,2428,0.07872535282507588,0.26301048654986,0.0,191,10,0.5915397268111278
3382,2526,0.0752301769328902,0.26301048654986,0.0,191,10,0.5915397268111278
2964,1943,0.08025625551666887,0.26302761855132883,0.0,192,10,0.5915397268111278
3110,2150,0.08015493958189956,0.26302761855132883,0.0,192,10,0.5915397268111278
3044,2059,0.08206480482326681,0.26304475278483486,0.0,193,10,0.5915397268111278
3125,2172,0.079892291785309,0.26304475278483486,0.0,193,10,0.5915397268111278
3135,2188,0.08096554019559098,0.2630618892508143,0.0,194,10,0.5915397268111278
3053,2073,0.0822558756065569,0.26307902794970356,0.0,195,10,0.5915397268111278
3159,2220,0.08215602981393366,0.26307902794970356,0.0,195,10,0.5915397268111278
3443,2607,0.08124549892215291,0.26307902794970356,0.0,195,10,0.5915397268111278
2167,2542,0.0789914929023859,0.28096298357918176,0.0,196,10,0.5915397268111278
3441,2604,0.08207053443707302,0.26309616888193904,0.0,196,10,0.5915397268111278
3235,2324,0.08018263752902642,0.26311331204795724,0.0,197,10,0.5915397268111278
3264,2369,0.08175732741832528,0.26311331204795724,0.0,197,10,0.5915397268111278
3431,2590,0.08200230148699432,0.26311331204795724,0.0,197,10,0.5915397268111278
3066,2088,0.0824696251085773,0.26313045744819497,0.0,198,10,0.5915397268111278
3101,2131,0.08213312272201569,0.26313045744819497,0.0,198,10,0.5915397268111278
3242,2340,0.08305348168609174,0.26313045744819497,0.0,198,10,0.5915397268111278
3439,2602,0.08149393522454432,0.26313045744819497,0.0,198,10,0.5915397268111278
2993,1983,0.08039928931922011,0.26314760508308893,0.0,199,10,0.5915397268111278
3222,2309,0.08202194375215377,0.26314760508308893,0.0,199,10,0.5915397268111278
3178,2244,0.08334198736801231,0.2631647549530761,0.0,200,10,0.5915397268111278
3175,2240,0.08305697023706048,0.2631819070585935,0.0,201,10,0.5915397268111278
3370,2507,0.08327324297424345,0.2631819070585935,0.0,201,10,0.5915397268111278
3407,2560,0.0807864802970726,0.2631819070585935,0.0,201,10,0.5915397268111278
3338,2464,0.0842789044780069,0.2631990614000782,0.0,202,10,0.5915397268111278
3002,1993,0.08353255553330734,0.2632162179779675,0.0,203,10,0.5915397268111278
3096,2123,0.08367154192111713,0.2632162179779675,0.0,203,10,0.5915397268111278
3058,2078,0.0841362965427937,0.2632333767926988,0.0,204,10,0.5915397268111278
3157,2218,0.08415586188700261,0.2632505378447096,0.0,205,10,0.5915397268111278
3165,2229,0.0830078517169256,0.26328486666231987,0.0,207,10,0.5915397268111278
3296,2410,0.08351763223352485,0.26328486666231987,0.0,207,10,0.5915397268111278
3445,2611,0.08154657385136378,0.26328486666231987,0.0,207,10,0.5915397268111278
3146,2206,0.0860525245947526,0.26333637667927484,0.0,210,10,0.5915397268111278
3106,2142,0.08419319953091003,0.2635254193043138,0.0,221,10,0.5915397268111278
3169,2233,0.08517347290431665,0.26354261845712046,0.0,222,10,0.5915397268111278
2995,1985,0.08273778842998929,0.2635770234986945,0.0,224,10,0.5915397268111278
2145,2266,0.08698334097302747,0.28170782754290496,0.0,234,10,0.5915397268111278
2154,2347,0.08032100649292032,0.2834081976417743,0.0,291,10,0.5915397268111278
1490,2543,0.07287054127001318,0.29129995671620257,0.0,294,10,0.5915397268111278
1780,628,7.353279432140121e-08,0.2700461445863706,0.0,12,11,0.8666666666666667
1742,576,7.438982705002717e-08,0.2700822687445656,0.0,14,11,0.8666666666666667
1806,665,7.645129023172554e-08,0.2701545460627551,0.0,18,11,0.8666666666666667
1755,595,7.718375346396022e-08,0.2701726214371738,0.0,19,11,0.8666666666666667
1792,647,1.0272268386509979e-07,0.2701726214371738,0.0,19,11,0.8666666666666667
1747,582,7.815064710756894e-08,0.27020877944325483,0.0,21,11,0.8666666666666667
1743,577,7.877940517304149e-08,0.27022686207588836,0.0,22,11,0.8666666666666667
1782,632,7.874021572569938e-08,0.27022686207588836,0.0,22,11,0.8666666666666667
1784,635,1.3778598933883015e-07,0.2704983922829582,0.0,22,11,0.8666666666666667
1794,650,7.873012831748292e-08,0.27022686207588836,0.0,22,11,0.8666666666666667
1758,599,7.92250106967129e-08,0.2702449471288984,0.0,23,11,0.8666666666666667
1788,640,7.923473988563539e-08,0.2702449471288984,0.0,23,11,0.8666666666666667
1809,670,7.924735795125787e-08,0.2702449471288984,0.0,23,11,0.8666666666666667
1813,675,7.922079128286824e-08,0.2702449471288984,0.0,23,11,0.8666666666666667
1816,681,7.920286563796037e-08,0.2702449471288984,0.0,23,11,0.8666666666666667
1744,578,7.970269266453004e-08,0.2702630346027709,0.0,24,11,0.8666666666666667
1759,600,7.952402347650666e-08,0.2702630346027709,0.0,24,11,0.8666666666666667
1768,615,7.967088016167269e-08,0.2702630346027709,0.0,24,11,0.8666666666666667
1779,627,7.970269266366546e-08,0.2702630346027709,0.0,24,11,0.8666666666666667
1790,643,7.952402347626296e-08,0.2702630346027709,0.0,24,11,0.8666666666666667
1799,658,7.970269266350934e-08,0.2702630346027709,0.0,24,11,0.8666666666666667
1800,659,7.970269266357614e-08,0.2702630346027709,0.0,24,11,0.8666666666666667
1802,661,7.952402347687814e-08,0.2702630346027709,0.0,24,11,0.8666666666666667
1803,662,7.969744682879295e-08,0.2702630346027709,0.0,24,11,0.8666666666666667
1748,583,8.015278154146716e-08,0.27028112449799196,0.0,25,11,0.8666666666666667
3987,3984,2.89278158117609e-10,0.1839803171131766,0.0,1,12,0.1174751607247223
4010,4008,2.89278158117609e-10,0.1839803171131766,0.0,1,12,0.1174751607247223
4012,4010,2.89278158117609e-10,0.1839803171131766,0.0,1,12,0.1174751607247223
4016,4015,2.89278158117609e-10,0.1839803171131766,0.0,1,12,0.1174751607247223
4023,4022,2.89278158117609e-10,0.1839803171131766,0.0,1,12,0.1174751607247223
4025,4024,2.89278158117609e-10,0.1839803171131766,0.0,1,12,0.1174751607247223
4035,4035,2.89278158117609e-10,0.1839803171131766,0.0,1,12,0.1174751607247223
3986,3983,2.91152653930034e-10,0.18398870005012075,0.0,2,12,0.1174751607247223
3990,3987,2.9107075321525853e-10,0.18398870005012075,0.0,2,12,0.1174751607247223
4003,4001,2.910707529548191e-10,0.18398870005012075,0.0,2,12,0.1174751607247223
4008,4006,2.929280446262882e-10,0.18398870005012075,0.0,2,12,0.1174751607247223
4013,4012,2.910707529166903e-10,0.18398870005012075,0.0,2,12,0.1174751607247223
4029,4028,2.9110494436697673e-10,0.18398870005012075,0.0,2,12,0.1174751607247223
4030,4029,2.910707531540651e-10,0.18398870005012075,0.0,2,12,0.1174751607247223
4032,4032,2.929280446262882e-10,0.18398870005012075,0.0,2,12,0.1174751607247223
4034,4034,2.9308013733522467e-10,0.18398870005012075,0.0,2,12,0.1174751607247223
4036,4036,2.9109390969850473e-10,0.18398870005012075,0.0,2,12,0.1174751607247223
3993,3991,8.631502704803954e-10,0.18399708375102525,0.0,3,12,0.1174751607247223
3994,3992,2.93026932351441e-10,0.18399708375102525,0.0,3,12,0.1174751607247223
4007,4005,2.930490013215602e-10,0.18399708375102525,0.0,3,12,0.1174751607247223
4033,4033,2.9302786522781156e-10,0.18399708375102525,0.0,3,12,0.1174751607247223
1829,4011,4.6850872202426024e-08,0.22475787598797728,0.0,4,12,0.1174751607247223
3992,3990,2.9472343005776695e-10,0.18400546821599453,0.0,4,12,0.1174751607247223
3998,3996,2.966225056820532e-10,0.18400546821599453,0.0,4,12,0.1174751607247223
4001,3999,2.94830766113783e-10,0.18400546821599453,0.0,4,12,0.1174751607247223
4009,4007,2.947234300183102e-10,0.18400546821599453,0.0,4,12,0.1174751607247223
4017,4016,2.947234300609254e-10,0.18400546821599453,0.0,4,12,0.1174751607247223
4026,4025,2.94723429955395e-10,0.18400546821599453,0.0,4,12,0.1174751607247223
4037,4037,2.9684190862815064e-10,0.18400546821599453,0.0,4,12,0.1174751607247223
4005,4003,2.989496229441716e-10,0.18401385344513307,0.0,5,12,0.1174751607247223
1828,3989,4.658170083282386e-08,0.22478289913159652,0.0,6,12,0.1174751607247223
3988,3985,3.005318009006332e-10,0.18402223943854532,0.0,6,12,0.1174751607247223
3995,3993,3.0061176200119546e-10,0.18402223943854532,0.0,6,12,0.1174751607247223
4014,4013,8.76113473940818e-10,0.18402223943854532,0.0,6,12,0.1174751607247223
3991,3988,3.0074696377476797e-10,0.18403062619633578,0.0,7,12,0.1174751607247223
4004,4002,5.911789365278711e-10,0.18403062619633578,0.0,7,12,0.1174751607247223
4019,4018,3.027568979629086e-10,0.18403062619633578,0.0,7,12,0.1174751607247223
4028,4027,5.926464909533905e-10,0.18403062619633578,0.0,7,12,0.1174751607247223
3984,3981,3.0448539297658114e-10,0.184039013718609,0.0,8,12,0.1174751607247223
4020,4019,3.0272979265604794e-10,0.184039013718609,0.0,8,12,0.1174751607247223
4021,4020,5.965758301846182e-10,0.184039013718609,0.0,8,12,0.1174751607247223
3989,3986,3.045207632433916e-10,0.18404740200546946,0.0,9,12,0.1174751607247223
3997,3995,3.0803734128881816e-10,0.18404740200546946,0.0,9,12,0.1174751607247223
4002,4000,3.043339780986725e-10,0.18404740200546946,0.0,9,12,0.1174751607247223
4018,4017,3.0436929908219853e-10,0.18404740200546946,0.0,9,12,0.1174751607247223
4027,4026,3.0453334895167835e-10,0.18404740200546946,0.0,9,12,0.1174751607247223
4038,4038,8.853248902732461e-10,0.18404740200546946,0.0,9,12,0.1174751607247223
4006,4004,6.02219137881119e-10,0.18405579105702174,0.0,10,12,0.1174751607247223
4011,4009,3.084079057595312e-10,0.18405579105702174,0.0,10,12,0.1174751607247223
1830,4031,4.6600176474615957e-08,0.22484548137424132,0.0,11,12,0.1174751607247223
3996,3994,3.102468144919986e-10,0.1840641808733704,0.0,11,12,0.1174751607247223
3999,3997,3.1031896831726563e-10,0.1840641808733704,0.0,11,12,0.1174751607247223
4022,4021,3.0841057594959083e-10,0.1840641808733704,0.0,11,12,0.1174751607247223
4015,4014,3.1568312517518636e-10,0.18407257145462005,0.0,12,12,0.1174751607247223
3985,3982,3.1589699195752493e-10,0.1840893549122407,0.0,14,12,0.1174751607247223
4000,3998,3.1745594001369285e-10,0.1840893549122407,0.0,14,12,0.1174751607247223
4024,4023,6.17342365429919e-10,0.18412293101089783,0.0,18,12,0.1174751607247223
4031,4030,3.2874664818916804e-10,0.18413132694938442,0.0,19,12,0.1174751607247223
1827,3980,4.697123494578325e-08,0.22544804868516555,0.0,59,12,0.1174751607247223
1837,692,3.634682830953767e-14,0.1782545358230698,0.0,1,13,0.0939142789486147
1946,801,3.634682830953767e-14,0.1782545358230698,0.0,1,13,0.0939142789486147
2021,875,4.843200889848484e-12,0.21334601363132033,0.0,1,13,0.0939142789486147
2029,883,4.843200889848484e-12,0.21334601363132033,0.0,1,13,0.0939142789486147
2036,891,4.843200889848484e-12,0.21334601363132033,0.0,1,13,0.0939142789486147
2037,892,4.843200889848484e-12,0.21334601363132033,0.0,1,13,0.0939142789486147
1844,699,3.680849111977355e-14,0.17826240508564364,0.0,2,13,0.0939142789486147
1889,744,3.8378926918601306e-14,0.17826240508564364,0.0,2,13,0.0939142789486147
1894,749,3.658626792634747e-14,0.17826240508564364,0.0,2,13,0.0939142789486147
1895,750,3.760210324525188e-14,0.17826240508564364,0.0,2,13,0.0939142789486147
1920,775,3.658626792634747e-14,0.17826240508564364,0.0,2,13,0.0939142789486147
1986,841,3.664295329830176e-14,0.17826240508564364,0.0,2,13,0.0939142789486147
2005,859,4.874546396408353e-12,0.21335728627285216,0.0,2,13,0.0939142789486147
2006,860,3.7722696844132503e-08,0.31492746841366404,0.0,2,13,0.0939142789486147
1888,743,3.747006667678742e-14,0.17827027504304446,0.0,3,13,0.0939142789486147
1930,785,3.8249441240935905e-14,0.17827027504304446,0.0,3,13,0.0939142789486147
1999,854,4.0126261515544046e-14,0.17827027504304446,0.0,3,13,0.0939142789486147
1862,717,6.745940617162677e-14,0.17827814569536424,0.0,4,13,0.0939142789486147
1902,757,3.8923629045535705e-14,0.17827814569536424,0.0,4,13,0.0939142789486147
1933,788,3.7326827179011454e-14,0.17827814569536424,0.0,4,13,0.0939142789486147
1935,790,7.079875789486723e-14,0.17827814569536424,0.0,4,13,0.0939142789486147
1977,832,6.875849085905666e-14,0.17828601704269503,0.0,4,13,0.0939142789486147
1996,851,1.3844399972973726e-13,0.17828601704269503,0.0,4,13,0.0939142789486147
1997,852,6.745938828488e-14,0.17827814569536424,0.0,4,13,0.0939142789486147
2000,855,6.74590554784799e-14,0.17827814569536424,0.0,4,13,0.0939142789486147
2023,877,4.937092317380351e-12,0.21337983512999367,0.0,4,13,0.0939142789486147
2030,884,4.935085790352582e-12,0.21337983512999367,0.0,4,13,0.0939142789486147
2038,893,4.940166516978003e-12,0.21347007824064285,0.0,4,13,0.0939142789486147
2039,894,4.935915253387642e-12,0.21337983512999367,0.0,4,13,0.0939142789486147
1849,704,4.138303124210537e-14,0.17828601704269503,0.0,5,13,0.0939142789486147
1866,721,1.0664026453508632e-13,0.17829388908512894,0.0,5,13,0.0939142789486147
1880,735,1.7191783642502753e-13,0.17838052745505145,0.0,5,13,0.0939142789486147
1947,802,3.800024261239968e-14,0.17828601704269503,0.0,5,13,0.0939142789486147
2004,858,4.998343946642883e-12,0.21339111134598107,0.0,5,13,0.0939142789486147
2010,864,4.970824385560721e-12,0.2134813639968279,0.0,5,13,0.0939142789486147
2012,866,4.9666970384303336e-12,0.21339111134598107,0.0,5,13,0.0939142789486147
1836,691,3.846433757889551e-14,0.17829388908512894,0.0,6,13,0.0939142789486147
1970,825,5.0087078805068575e-12,0.21501597444089457,0.0,6,13,0.0939142789486147
1991,846,1.077565789528975e-13,0.17830176182275798,0.0,6,13,0.0939142789486147
2019,873,4.999043249137685e-12,0.21340238875383152,0.0,6,13,0.0939142789486147
2025,879,5.028359996701018e-12,0.21340238875383152,0.0,6,13,0.0939142789486147
2033,887,4.999043249137685e-12,0.21340238875383152,0.0,6,13,0.0939142789486147
2040,895,5.028744798841389e-12,0.21340238875383152,0.0,6,13,0.0939142789486147
1845,700,7.840554532098197e-14,0.17830176182275798,0.0,7,13,0.0939142789486147
1936,791,3.850509587332561e-14,0.17830176182275798,0.0,7,13,0.0939142789486147
1941,796,3.979316407609291e-14,0.17830176182275798,0.0,7,13,0.0939142789486147
1943,798,4.916887104156093e-12,0.21502742425049257,0.0,7,13,0.0939142789486147
2002,890,5.038244355950101e-12,0.21384313933167398,0.0,7,13,0.0939142789486147
2015,869,5.041674322780962e-12,0.21376389624139758,0.0,7,13,0.0939142789486147
2016,870,5.0593344868985425e-12,0.21341366735373396,0.0,7,13,0.0939142789486147
2017,871,1.0043525414196312e-11,0.2134813639968279,0.0,7,13,0.0939142789486147
2018,872,5.029641646312742e-12,0.21341366735373396,0.0,7,13,0.0939142789486147
2020,874,5.029642024449777e-12,0.21341366735373396,0.0,7,13,0.0939142789486147
2027,881,5.05952288982585e-12,0.21341366735373396,0.0,7,13,0.0939142789486147
1834,689,3.811209566786102e-14,0.17830963525567428,0.0,8,13,0.0939142789486147
1847,702,3.8076849344382226e-14,0.17830963525567428,0.0,8,13,0.0939142789486147
1855,710,1.429183776967198e-13,0.17831750938396998,0.0,8,13,0.0939142789486147
1870,725,3.873445789186401e-14,0.17830963525567428,0.0,8,13,0.0939142789486147
1878,733,7.412211345900824e-14,0.17830963525567428,0.0,8,13,0.0939142789486147
1885,740,4.80622009359696e-14,0.17830963525567428,0.0,8,13,0.0939142789486147
1906,761,1.4729368324002116e-13,0.17831750938396998,0.0,8,13,0.0939142789486147
1912,767,3.830763715553092e-14,0.17830963525567428,0.0,8,13,0.0939142789486147
1957,812,8.622985603304473e-14,0.17831750938396998,0.0,8,13,0.0939142789486147
2013,867,5.059861092336441e-12,0.21342494714587737,0.0,8,13,0.0939142789486147
2026,880,5.077335825630444e-12,0.21436534480012742,0.0,8,13,0.0939142789486147
2028,882,5.070663783836808e-12,0.21354910360145962,0.0,8,13,0.0939142789486147
2032,886,5.066348541249043e-12,0.21345879367764445,0.0,8,13,0.0939142789486147
1835,690,8.693474852617689e-14,0.17831750938396998,0.0,9,13,0.0939142789486147
1891,746,7.312011906212611e-14,0.17831750938396998,0.0,9,13,0.0939142789486147
1921,776,5.095986311182724e-12,0.21505032752835918,0.0,9,13,0.0939142789486147
1931,786,4.3887666645181806e-14,0.17831750938396998,0.0,9,13,0.0939142789486147
1953,808,4.790897398937411e-14,0.17831750938396998,0.0,9,13,0.0939142789486147
1956,811,5.111237883939584e-12,0.21505032752835918,0.0,9,13,0.0939142789486147
1961,816,7.292645119623947e-14,0.17831750938396998,0.0,9,13,0.0939142789486147
1966,821,5.4772565390412294e-14,0.17831750938396998,0.0,9,13,0.0939142789486147
2031,885,5.089698227012743e-12,0.21343622813045088,0.0,9,13,0.0939142789486147
2034,888,5.102701830835607e-12,0.21356039771525281,0.0,9,13,0.0939142789486147
1852,707,3.986224303291974e-14,0.17832538420773714,0.0,10,13,0.0939142789486147
1860,715,1.2272818005185461e-13,0.17833325972706796,0.0,10,13,0.0939142789486147
1901,756,1.2049711805016804e-13,0.17833325972706796,0.0,10,13,0.0939142789486147
1904,759,1.5197219997548386e-13,0.17833325972706796,0.0,10,13,0.0939142789486147
1958,813,1.0904441665248133e-13,0.17832538420773714,0.0,10,13,0.0939142789486147
1995,850,7.669149118062078e-14,0.17832538420773714,0.0,10,13,0.0939142789486147
2007,861,5.134807646839167e-12,0.21357169302374782,0.0,10,13,0.0939142789486147
2024,878,5.133712329981411e-12,0.21357169302374782,0.0,10,13,0.0939142789486147
1971,826,1.2055633034412237e-13,0.17834113594205458,0.0,11,13,0.0939142789486147
2009,863,5.16474967109694e-12,0.21358298952713425,0.0,11,13,0.0939142789486147
2022,876,5.164749736856765e-12,0.21358298952713425,0.0,11,13,0.0939142789486147
1861,716,8.653263416141383e-14,0.1783490128527892,0.0,12,13,0.0939142789486147
1868,723,1.5377873305184431e-13,0.1783490128527892,0.0,12,13,0.0939142789486147
1887,742,7.779760810756859e-14,0.17834113594205458,0.0,12,13,0.0939142789486147
1896,751,1.8547406264221942e-13,0.1783490128527892,0.0,12,13,0.0939142789486147
1944,799,1.1694095758171974e-13,0.17834113594205458,0.0,12,13,0.0939142789486147
1981,836,5.574948543781146e-14,0.17834113594205458,0.0,12,13,0.0939142789486147
1857,712,4.060396246760419e-14,0.1783490128527892,0.0,13,13,0.0939142789486147
1874,729,5.2329801861810204e-12,0.2150961487242316,0.0,13,13,0.0939142789486147
1898,753,5.2453053059884125e-12,0.2150961487242316,0.0,13,13,0.0939142789486147
1907,762,2.21463801507975e-13,0.17835689045936395,0.0,13,13,0.0939142789486147
1927,782,1.0746930736653109e-13,0.17841205319665973,0.0,13,13,0.0939142789486147
1934,789,4.0620841031755054e-14,0.1783490128527892,0.0,13,13,0.0939142789486147
1982,837,2.169422207407262e-13,0.17835689045936395,0.0,13,13,0.0939142789486147
1988,843,1.891275455038957e-13,0.1783647687618711,0.0,13,13,0.0939142789486147
2035,889,5.227513809672612e-12,0.21360558611933983,0.0,13,13,0.0939142789486147
1838,693,1.9321839620520382e-13,0.17837264776040287,0.0,14,13,0.0939142789486147
1859,714,4.0201337150895214e-14,0.17835689045936395,0.0,14,13,0.0939142789486147
1867,722,1.5764370318829938e-13,0.17835689045936395,0.0,14,13,0.0939142789486147
1877,732,4.017113244051717e-14,0.17835689045936395,0.0,14,13,0.0939142789486147
1881,736,7.808915216079458e-14,0.17835689045936395,0.0,14,13,0.0939142789486147
1908,763,1.5021814200633902e-13,0.17842782024656445,0.0,14,13,0.0939142789486147
1910,765,2.232048208152398e-13,0.17845147604737494,0.0,14,13,0.0939142789486147
1913,768,7.487397593787377e-14,0.17835689045936395,0.0,14,13,0.0939142789486147
1939,794,1.560746145840005e-13,0.17835689045936395,0.0,14,13,0.0939142789486147
1989,844,2.2566910968364172e-13,0.17837264776040287,0.0,14,13,0.0939142789486147
1875,730,1.842702213896073e-13,0.17838840784590917,0.0,15,13,0.0939142789486147
1914,769,5.277322230616045e-12,0.2151190666453572,0.0,15,13,0.0939142789486147
1916,771,4.607661356654342e-14,0.1783647687618711,0.0,15,13,0.0939142789486147
1951,806,4.087652513721037e-14,0.1783647687618711,0.0,15,13,0.0939142789486147
1967,822,4.2179796858218233e-14,0.1783647687618711,0.0,15,13,0.0939142789486147
1976,831,1.924607196429711e-13,0.17837264776040287,0.0,15,13,0.0939142789486147
1978,833,7.499146060293393e-14,0.1783647687618711,0.0,15,13,0.0939142789486147
1984,839,4.0869034830648064e-14,0.1783647687618711,0.0,15,13,0.0939142789486147
1882,737,2.306025892100375e-13,0.17838052745505145,0.0,16,13,0.0939142789486147
1923,778,1.9458031430661789e-13,0.17838052745505145,0.0,16,13,0.0939142789486147
1949,804,5.23890426430666e-12,0.2151305274374001,0.0,16,13,0.0939142789486147
1963,818,1.413256382802403e-13,0.17838840784590917,0.0,16,13,0.0939142789486147
1854,709,3.2116068037637434e-13,0.17839628893306825,0.0,17,13,0.0939142789486147
1886,741,2.2839549310313945e-13,0.17838840784590917,0.0,17,13,0.0939142789486147
1851,706,2.6835344799022973e-13,0.17839628893306825,0.0,18,13,0.0939142789486147
1865,720,1.875749979078833e-13,0.178404170716621,0.0,18,13,0.0939142789486147
1917,772,5.14390389732789e-12,0.215153452685422,0.0,18,13,0.0939142789486147
1922,777,1.669340775882607e-13,0.17839628893306825,0.0,18,13,0.0939142789486147
1924,779,1.972102982149883e-13,0.17839628893306825,0.0,18,13,0.0939142789486147
1928,783,1.002808312785026e-13,0.17839628893306825,0.0,18,13,0.0939142789486147
1940,795,9.619023849210947e-14,0.17838840784590917,0.0,18,13,0.0939142789486147
1954,809,1.3024262453687343e-13,0.17839628893306825,0.0,18,13,0.0939142789486147
1893,748,2.2490153953339396e-13,0.17841205319665973,0.0,19,13,0.0939142789486147
1900,755,1.6180900034243343e-13,0.17841205319665973,0.0,19,13,0.0939142789486147
1856,711,1.6917618747293835e-13,0.17841205319665973,0.0,20,13,0.0939142789486147
1903,758,1.64219999961028e-13,0.17841205319665973,0.0,20,13,0.0939142789486147
1938,793,1.2653165837649305e-13,0.17841205319665973,0.0,20,13,0.0939142789486147
1948,803,5.004451524426515e-12,0.2151763828199936,0.0,20,13,0.0939142789486147
1952,807,3.318105683257476e-13,0.17849091632409494,0.0,20,13,0.0939142789486147
1980,835,2.354373749488872e-13,0.17841993637327677,0.0,20,13,0.0939142789486147
1846,701,2.386411183292996e-13,0.1784357048166151,0.0,21,13,0.0939142789486147
1993,848,3.300113612224587e-13,0.17842782024656445,0.0,21,13,0.0939142789486147
1983,838,3.692861244590776e-13,0.17850669731665267,0.0,22,13,0.0939142789486147
1879,734,2.011863516568217e-13,0.1784357048166151,0.0,23,13,0.0939142789486147
1937,792,3.34024541390574e-13,0.1784357048166151,0.0,23,13,0.0939142789486147
1990,845,3.352855979163466e-13,0.1784357048166151,0.0,23,13,0.0939142789486147
1962,817,3.288328357621834e-13,0.17844359008352115,0.0,24,13,0.0939142789486147
1883,738,2.1045481109263042e-13,0.17845936270826887,0.0,25,13,0.0939142789486147
1872,727,2.7879612145717935e-13,0.1784672500662954,0.0,26,13,0.0939142789486147
1876,731,3.8160566182717485e-13,0.17847513812154697,0.0,26,13,0.0939142789486147
1942,797,2.0435103292834883e-13,0.17847513812154697,0.0,26,13,0.0939142789486147
1959,814,3.7133152823148463e-13,0.17847513812154697,0.0,26,13,0.0939142789486147
1915,770,2.038488625766613e-13,0.1784672500662954,0.0,27,13,0.0939142789486147
1985,840,5.348123358322362e-12,0.21525667679513832,0.0,27,13,0.0939142789486147
1992,847,3.1618748250562614e-13,0.1784672500662954,0.0,27,13,0.0939142789486147
1832,687,4.0824776875832394e-13,0.17856195277261874,0.0,28,13,0.0939142789486147
1909,764,2.812772550481189e-13,0.17847513812154697,0.0,28,13,0.0939142789486147
1853,708,5.470034721369419e-12,0.21527962893852962,0.0,29,13,0.0939142789486147
1884,739,3.452946224831783e-13,0.17849091632409494,0.0,29,13,0.0939142789486147
1932,787,2.7046400061686926e-13,0.178483026874116,0.0,29,13,0.0939142789486147
1863,718,3.4401869689785853e-13,0.17849091632409494,0.0,30,13,0.0939142789486147
1899,754,3.552799182193948e-13,0.17849880647157634,0.0,30,13,0.0939142789486147
1905,760,4.2111387799318023e-13,0.17850669731665267,0.0,30,13,0.0939142789486147
1994,849,3.135799646704914e-13,0.1785698492017866,0.0,30,13,0.0939142789486147
1841,696,4.5114775590603203e-13,0.17851458885941646,0.0,31,13,0.0939142789486147
1955,810,5.2703298050520885e-12,0.21531406633251574,0.0,32,13,0.0939142789486147
1925,780,4.2778286473263964e-13,0.17853037403837652,0.0,34,13,0.0939142789486147
1974,829,2.583302753526707e-13,0.17852248109996022,0.0,34,13,0.0939142789486147
1911,766,3.970205115620746e-13,0.17853826767475792,0.0,35,13,0.0939142789486147
1871,726,3.7073245015055584e-13,0.17854616200919704,0.0,36,13,0.0939142789486147
1918,773,3.702135474140753e-13,0.17854616200919704,0.0,36,13,0.0939142789486147
1919,774,5.491262724669225e-12,0.2153714864792789,0.0,37,13,0.0939142789486147
1945,800,5.463062984077311e-12,0.2153714864792789,0.0,37,13,0.0939142789486147
1964,819,5.4340261624705146e-12,0.2153714864792789,0.0,37,13,0.0939142789486147
1987,842,3.6402739363469456e-13,0.17855405704178642,0.0,37,13,0.0939142789486147
1873,728,4.244341617664887e-13,0.17863304578633046,0.0,38,13,0.0939142789486147
1897,752,4.711135396194565e-13,0.17856195277261874,0.0,38,13,0.0939142789486147
1965,820,4.250446716902781e-13,0.1785698492017866,0.0,38,13,0.0939142789486147
1960,815,5.325896160884751e-13,0.1786488519223112,0.0,39,13,0.0939142789486147
2001,856,5.838750063632597e-12,0.21539446311409827,0.0,39,13,0.0939142789486147
1929,784,3.3488963502579257e-13,0.17857774632938264,0.0,40,13,0.0939142789486147
1840,695,3.7143185381145997e-13,0.17858564415549955,0.0,41,13,0.0939142789486147
1848,703,5.21813736245531e-12,0.2154404310942752,0.0,43,13,0.0939142789486147
1979,834,4.822089081312117e-13,0.17860144190366667,0.0,43,13,0.0939142789486147
1998,853,4.452181238544268e-13,0.17860934182590232,0.0,44,13,0.0939142789486147
1833,688,5.702715339736614e-13,0.178696287117759,0.0,45,13,0.0939142789486147
1972,827,5.658230857688623e-13,0.17862514376714148,0.0,45,13,0.0939142789486147
1869,724,4.477275056699025e-13,0.17864094850468942,0.0,47,13,0.0939142789486147
1842,697,5.524329227066157e-12,0.21554393082096723,0.0,52,13,0.0939142789486147
1926,781,5.464398112785634e-13,0.17868047258728262,0.0,52,13,0.0939142789486147
1839,694,5.831638052670054e-13,0.178696287117759,0.0,54,13,0.0939142789486147
1975,830,5.443446054545969e-12,0.2155784528322033,0.0,55,13,0.0939142789486147
1968,823,5.569539970601623e-12,0.2155899626268019,0.0,56,13,0.0939142789486147
1890,745,5.337728727075256e-12,0.21560147365048854,0.0,57,13,0.0939142789486147
1892,747,5.641907979646122e-12,0.21560147365048854,0.0,57,13,0.0939142789486147
1969,824,5.680664113162185e-13,0.17872792457840925,0.0,58,13,0.0939142789486147
1864,719,5.512006440190161e-12,0.21568208524730265,0.0,64,13,0.0939142789486147
1950,805,5.5158516469684246e-12,0.21570512820512822,0.0,66,13,0.0939142789486147
1843,698,7.864096297901554e-10,0.27118871725990595,0.0,68,13,0.0939142789486147
1850,705,6.322514431097616e-13,0.17880706726298543,0.0,69,13,0.0939142789486147
1858,713,5.481400012335229e-12,0.21576275714667378,0.0,71,13,0.0939142789486147
1973,828,5.633407505644106e-12,0.21585502752980168,0.0,79,13,0.0939142789486147
1831,686,5.901774059383046e-12,0.21691018478727975,0.0,170,13,0.0939142789486147
2950,1924,0.0006463637351846075,0.259879006307118,0.0,6,14,0.7543859649122807
3185,2255,0.0006328116870561853,0.2599459250675937,0.0,10,14,0.7543859649122807
3339,2466,0.0006575982081930282,0.2599626601429215,0.0,11,14,0.7543859649122807
3373,2515,0.0006639958919208758,0.25999613675874056,0.0,13,14,0.7543859649122807
3001,1992,0.0006724992580868622,0.260029621997553,0.0,15,14,0.7543859649122807
3359,2490,0.0007409076375035316,0.260029621997553,0.0,15,14,0.7543859649122807
3371,2513,0.0006811170162061139,0.260029621997553,0.0,15,14,0.7543859649122807
3231,2320,0.0006771006009915818,0.2600463678516229,0.0,16,14,0.7543859649122807
3325,2444,0.0006773962743924881,0.2600463678516229,0.0,16,14,0.7543859649122807
3056,2076,0.0006855512253568272,0.2600631158626908,0.0,17,14,0.7543859649122807
3124,2170,0.0007019247030955615,0.2600798660311735,0.0,18,14,0.7543859649122807
3248,2349,0.0006933508808759111,0.2600798660311735,0.0,18,14,0.7543859649122807
3308,2426,0.0016279739142496378,0.2600798660311735,0.0,18,14,0.7543859649122807
3355,2486,0.0006887945574831797,0.2600798660311735,0.0,18,14,0.7543859649122807
3474,2650,0.0006852947793609135,0.2600798660311735,0.0,18,14,0.7543859649122807
3287,2401,0.0012491339001773952,0.2601301294852799,0.0,21,14,0.7543859649122807
3454,2622,0.0021485042213209263,0.2601301294852799,0.0,21,14,0.7543859649122807
3147,2207,0.0018311214613670754,0.2601468882875918,0.0,22,14,0.7543859649122807
2998,1988,0.0008383691358859421,0.26018041237113404,0.0,24,14,0.7543859649122807
2367,2798,3.8456204057606925e-08,0.2824961522317056,0.0,3,15,0.2202556538839724
2509,2952,3.850082044523771e-08,0.2824961522317056,0.0,3,15,0.2202556538839724
2913,3413,3.823261854740448e-08,0.2824961522317056,0.0,3,15,0.2202556538839724
2519,2963,3.8722725010789185e-08,0.28251591688239,0.0,4,15,0.2202556538839724
2678,3143,3.853980898807195e-08,0.28251591688239,0.0,4,15,0.2202556538839724
2601,3059,3.876833567016401e-08,0.28253568429890846,0.0,5,15,0.2202556538839724
2751,3227,3.890063885543378e-08,0.28253568429890846,0.0,5,15,0.2202556538839724
2446,2884,3.936171695666113e-08,0.2825554544818417,0.0,6,15,0.2202556538839724
2459,2899,3.905404562782542e-08,0.2825554544818417,0.0,6,15,0.2202556538839724
2587,3044,3.9767037073521953e-08,0.2825554544818417,0.0,6,15,0.2202556538839724
2830,3317,3.940526958635215e-08,0.2825752274317705,0.0,7,15,0.2202556538839724
2843,3333,3.9402354164596784e-08,0.2825752274317705,0.0,7,15,0.2202556538839724
2935,3436,3.9721723214341606e-08,0.2825752274317705,0.0,7,15,0.2202556538839724
2574,3030,3.981411771868519e-08,0.28259500314927566,0.0,8,15,0.2202556538839724
2588,3045,3.951037306896978e-08,0.28259500314927566,0.0,8,15,0.2202556538839724
2927,3428,3.959849911393043e-08,0.28259500314927566,0.0,8,15,0.2202556538839724
2787,3269,3.990364381877624e-08,0.2826147816349384,0.0,9,15,0.2202556538839724
2893,3388,4.081953470386564e-08,0.28263456288933997,0.0,10,15,0.2202556538839724
2274,2695,4.1545802757161584e-08,0.28265434691306174,0.0,11,15,0.2202556538839724
2416,2852,4.218452742868138e-08,0.28265434691306174,0.0,11,15,0.2202556538839724
2518,2961,4.128208507863381e-08,0.28265434691306174,0.0,11,15,0.2202556538839724
2632,3092,4.15299077496962e-08,0.28265434691306174,0.0,11,15,0.2202556538839724
2688,3153,4.095893247682824e-08,0.28265434691306174,0.0,11,15,0.2202556538839724
2728,3202,4.2207620068696206e-08,0.28265434691306174,0.0,11,15,0.2202556538839724
2339,2769,4.132409922913562e-08,0.2826741337066853,0.0,12,15,0.2202556538839724
2287,2710,4.148118317568179e-08,0.2826939232707925,0.0,13,15,0.2202556538839724
2336,2766,4.182819509547808e-08,0.2826939232707925,0.0,13,15,0.2202556538839724
2388,2821,4.1756211793288784e-08,0.2826939232707925,0.0,13,15,0.2202556538839724
2666,3130,4.1246912793628185e-08,0.2826939232707925,0.0,13,15,0.2202556538839724
2402,2837,4.152019890839453e-08,0.28271371560596514,0.0,14,15,0.2202556538839724
2753,3229,4.1801672724047126e-08,0.28271371560596514,0.0,14,15,0.2202556538839724
2828,3315,4.210916444236223e-08,0.28271371560596514,0.0,14,15,0.2202556538839724
2319,2746,4.4203720371634554e-08,0.2827335107127853,0.0,15,15,0.2202556538839724
2449,2888,4.2109246714621894e-08,0.2827335107127853,0.0,15,15,0.2202556538839724
2635,3095,4.2221744541654194e-08,0.2827335107127853,0.0,15,15,0.2202556538839724
2301,2726,4.2825110944222034e-08,0.2827731092436975,0.0,17,15,0.2202556538839724
2897,3392,4.251753227025763e-08,0.2827731092436975,0.0,17,15,0.2202556538839724
2476,2917,4.4641784421191316e-08,0.2827929126689544,0.0,18,15,0.2202556538839724
2814,3300,4.257765055379695e-08,0.2827929126689544,0.0,18,15,0.2202556538839724
2914,3414,4.4214079959470116e-08,0.2827929126689544,0.0,18,15,0.2202556538839724
2358,2789,4.330836480476416e-08,0.2828127188681888,0.0,19,15,0.2202556538839724
2363,2794,4.437087497854264e-08,0.2828127188681888,0.0,19,15,0.2202556538839724
2378,2809,4.3582700072462455e-08,0.2828127188681888,0.0,19,15,0.2202556538839724
2585,3042,4.478396360343365e-08,0.2828325278419836,0.0,20,15,0.2202556538839724
2505,2948,4.5015141525537144e-08,0.2828523395909218,0.0,21,15,0.2202556538839724
2674,3139,4.384793821602514e-08,0.2828523395909218,0.0,21,15,0.2202556538839724
2929,3430,4.499486385629009e-08,0.2828523395909218,0.0,21,15,0.2202556538839724
2331,2759,4.505652040016448e-08,0.2828721541155867,0.0,22,15,0.2202556538839724
2376,2807,4.3980581839655314e-08,0.2828721541155867,0.0,22,15,0.2202556538839724
2415,2851,4.4146639813891035e-08,0.2828721541155867,0.0,22,15,0.2202556538839724
2452,2891,4.5989497974600144e-08,0.2828721541155867,0.0,22,15,0.2202556538839724
2522,2967,4.5956681642965115e-08,0.2828721541155867,0.0,22,15,0.2202556538839724
2532,2981,4.629964217353915e-08,0.2828919714165616,0.0,23,15,0.2202556538839724
2697,3163,4.681513433081486e-08,0.2828919714165616,0.0,23,15,0.2202556538839724
2803,3286,4.594288824826941e-08,0.2828919714165616,0.0,23,15,0.2202556538839724
2809,3294,4.594205555580827e-08,0.2828919714165616,0.0,23,15,0.2202556538839724
2530,2978,4.5174519699598645e-08,0.28293161434977576,0.0,25,15,0.2202556538839724
2895,3390,4.710975270971852e-08,0.28293161434977576,0.0,25,15,0.2202556538839724
2245,2663,4.597050610210712e-08,0.2829514399831827,0.0,26,15,0.2202556538839724
2283,2705,4.877836466578502e-08,0.28297126839523473,0.0,27,15,0.2202556538839724
2467,2908,4.9235221584039486e-08,0.28297126839523473,0.0,27,15,0.2202556538839724
2538,2987,4.7989152094374164e-08,0.28297126839523473,0.0,27,15,0.2202556538839724
2720,3193,4.6819026047618854e-08,0.28297126839523473,0.0,27,15,0.2202556538839724
2766,3243,4.8654976835309416e-08,0.28297126839523473,0.0,27,15,0.2202556538839724
2332,2761,4.7971661100834033e-08,0.28299109958651625,0.0,28,15,0.2202556538839724
2620,3080,4.674340466126703e-08,0.28299109958651625,0.0,28,15,0.2202556538839724
2755,3231,4.5714779840123814e-08,0.28299109958651625,0.0,28,15,0.2202556538839724
2760,3237,4.7907791534509796e-08,0.28299109958651625,0.0,28,15,0.2202556538839724
2255,2673,4.911620931117402e-08,0.2830109335576114,0.0,29,15,0.2202556538839724
2306,2731,4.8061898566127716e-08,0.2830109335576114,0.0,29,15,0.2202556538839724
2899,3394,4.8125289897788424e-08,0.28305060984158137,0.0,31,15,0.2202556538839724
2466,2907,5.000806239418394e-08,0.28307045215562565,0.0,32,15,0.2202556538839724
2557,3010,4.8306005726537786e-08,0.28307045215562565,0.0,32,15,0.2202556538839724
2318,2745,5.0283452812171096e-08,0.2830902972518228,0.0,33,15,0.2202556538839724
2414,2850,5.160013848812939e-08,0.2830902972518228,0.0,33,15,0.2202556538839724
2529,2977,5.0179821719705223e-08,0.2830902972518228,0.0,33,15,0.2202556538839724
2659,3123,4.963675914329044e-08,0.2830902972518228,0.0,33,15,0.2202556538839724
2757,3234,4.95756027151484e-08,0.2830902972518228,0.0,33,15,0.2202556538839724
2510,2953,5.129535685273514e-08,0.2831101451307579,0.0,34,15,0.2202556538839724
2771,3250,5.245934212742347e-08,0.2831101451307579,0.0,34,15,0.2202556538839724
2109,3304,8.359170618123517e-08,0.2837068783812267,0.0,35,15,0.2202556538839724
2567,3023,5.093504543821823e-08,0.2831299957930164,0.0,35,15,0.2202556538839724
2665,3129,5.115719050120803e-08,0.2831299957930164,0.0,35,15,0.2202556538839724
2671,3135,5.100188215379779e-08,0.2831299957930164,0.0,35,15,0.2202556538839724
2905,3400,5.063726683576392e-08,0.2831299957930164,0.0,35,15,0.2202556538839724
2418,2854,5.057924982937065e-08,0.2831498492391838,0.0,36,15,0.2202556538839724
2738,3213,5.1651031515990274e-08,0.2831498492391838,0.0,36,15,0.2202556538839724
2752,3228,5.274402449208676e-08,0.2831498492391838,0.0,36,15,0.2202556538839724
2817,3303,5.044022639740629e-08,0.2831498492391838,0.0,36,15,0.2202556538839724
2904,3399,5.300604568376778e-08,0.2831697054698457,0.0,37,15,0.2202556538839724
2579,3036,5.199467888094613e-08,0.2831895644855881,0.0,38,15,0.2202556538839724
2698,3166,5.2191071024977784e-08,0.2831895644855881,0.0,38,15,0.2202556538839724
2448,2887,5.285532569853667e-08,0.28322929087465804,0.0,40,15,0.2202556538839724
2483,2924,5.333883611847606e-08,0.28322929087465804,0.0,40,15,0.2202556538839724
2815,3301,5.390929333135103e-08,0.28322929087465804,0.0,40,15,0.2202556538839724
2761,3238,5.419045045005504e-08,0.28324915824915825,0.0,41,15,0.2202556538839724
2778,3257,5.378356443226965e-08,0.2832690284110838,0.0,42,15,0.2202556538839724
2560,3014,5.491163947081152e-08,0.2832889013610215,0.0,43,15,0.2202556538839724
2400,2835,5.6402659084735964e-08,0.283308777099558,0.0,44,15,0.2202556538839724
2261,2681,5.577861687723554e-08,0.2833286556272804,0.0,45,15,0.2202556538839724
2328,2756,5.529954473404489e-08,0.2833286556272804,0.0,45,15,0.2202556538839724
2650,3114,5.4266098198722124e-08,0.2833485369447758,0.0,46,15,0.2202556538839724
2437,2874,5.5700550790003786e-08,0.2833684210526316,0.0,47,15,0.2202556538839724
2488,2929,5.677161663290093e-08,0.2833883079514352,0.0,48,15,0.2202556538839724
2672,3137,5.490275949457162e-08,0.2834081976417743,0.0,49,15,0.2202556538839724
2872,3364,5.764810327070478e-08,0.2834081976417743,0.0,49,15,0.2202556538839724
2891,3384,5.7200918395419806e-08,0.2834081976417743,0.0,49,15,0.2202556538839724
2934,3435,5.691104582545269e-08,0.2834081976417743,0.0,49,15,0.2202556538839724
2375,2806,5.670537320360531e-08,0.2834280901242367,0.0,50,15,0.2202556538839724
2456,2896,5.8310327609811906e-08,0.2834280901242367,0.0,50,15,0.2202556538839724
2590,3047,5.898055381802027e-08,0.2834280901242367,0.0,50,15,0.2202556538839724
2595,3052,5.6784828131682806e-08,0.2834280901242367,0.0,50,15,0.2202556538839724
2316,2743,5.704211998176422e-08,0.28344798539941035,0.0,51,15,0.2202556538839724
2583,3040,5.946125896396069e-08,0.28344798539941035,0.0,51,15,0.2202556538839724
2573,3029,5.855630834458074e-08,0.2834678834678835,0.0,52,15,0.2202556538839724
2625,3085,5.919734303997449e-08,0.2834678834678835,0.0,52,15,0.2202556538839724
2693,3158,5.788339268040108e-08,0.2834678834678835,0.0,52,15,0.2202556538839724
2260,2680,5.978982295320897e-08,0.2834877843302443,0.0,53,15,0.2202556538839724
2322,2749,5.9601166946148156e-08,0.2834877843302443,0.0,53,15,0.2202556538839724
2490,2931,5.807659393540016e-08,0.2834877843302443,0.0,53,15,0.2202556538839724
2552,3004,6.011334465708733e-08,0.2834877843302443,0.0,53,15,0.2202556538839724
2606,3065,6.012835646032478e-08,0.2834877843302443,0.0,53,15,0.2202556538839724
2294,2717,6.077730631996163e-08,0.28350768798708137,0.0,54,15,0.2202556538839724
2457,2897,6.048805198462213e-08,0.28350768798708137,0.0,54,15,0.2202556538839724
2502,2945,5.9018438557512004e-08,0.28350768798708137,0.0,54,15,0.2202556538839724
2569,3025,5.77567867965899e-08,0.28350768798708137,0.0,54,15,0.2202556538839724
2745,3220,5.955047047797855e-08,0.28350768798708137,0.0,54,15,0.2202556538839724
2544,2993,5.968799546140538e-08,0.28354750368653886,0.0,56,15,0.2202556538839724
2677,3142,6.138361909383853e-08,0.28354750368653886,0.0,56,15,0.2202556538839724
2314,2741,5.990025723307094e-08,0.28356741573033706,0.0,57,15,0.2202556538839724
2343,2773,6.014510411289493e-08,0.28356741573033706,0.0,57,15,0.2202556538839724
2382,2815,6.17090555959971e-08,0.28356741573033706,0.0,57,15,0.2202556538839724
2379,2810,6.056663091115866e-08,0.2835873305709671,0.0,58,15,0.2202556538839724
2503,2946,8.762303330512656e-08,0.2836072482090181,0.0,59,15,0.2202556538839724
2527,2974,6.240119589143258e-08,0.2836072482090181,0.0,59,15,0.2202556538839724
2536,2985,6.33683238931968e-08,0.2836271686450797,0.0,60,15,0.2202556538839724
2808,3293,6.130945300478413e-08,0.2836271686450797,0.0,60,15,0.2202556538839724
2248,2666,6.306200630184269e-08,0.2836470918797415,0.0,61,15,0.2202556538839724
2471,2912,6.351801664772152e-08,0.2836470918797415,0.0,61,15,0.2202556538839724
2712,3184,6.163695922028145e-08,0.2836470918797415,0.0,61,15,0.2202556538839724
2614,3073,6.217968639706476e-08,0.2836670179135933,0.0,62,15,0.2202556538839724
2304,2729,6.114155052809067e-08,0.28368694674722494,0.0,63,15,0.2202556538839724
2334,2763,6.19690487962203e-08,0.28368694674722494,0.0,63,15,0.2202556538839724
2539,2988,6.273708117223022e-08,0.28368694674722494,0.0,63,15,0.2202556538839724
2645,3108,6.452186468690532e-08,0.28368694674722494,0.0,63,15,0.2202556538839724
2653,3117,8.757411651641693e-08,0.28368694674722494,0.0,63,15,0.2202556538839724
2498,2940,6.475356043565693e-08,0.2837068783812267,0.0,64,15,0.2202556538839724
2605,3064,6.47302604925375e-08,0.2837068783812267,0.0,64,15,0.2202556538839724
2545,2994,6.327277559316443e-08,0.2837268128161889,0.0,65,15,0.2202556538839724
2637,3098,6.49208320704683e-08,0.2837268128161889,0.0,65,15,0.2202556538839724
2932,3433,6.374302687982581e-08,0.2837268128161889,0.0,65,15,0.2202556538839724
2443,2880,6.529313072635399e-08,0.28374675005270183,0.0,66,15,0.2202556538839724
2684,3149,6.511623537572708e-08,0.28374675005270183,0.0,66,15,0.2202556538839724
2269,2689,6.547250262954801e-08,0.2837666900913563,0.0,67,15,0.2202556538839724
2284,2706,6.408395244205995e-08,0.2837666900913563,0.0,67,15,0.2202556538839724
2277,2698,6.726651298273005e-08,0.2838065785774529,0.0,69,15,0.2202556538839724
2470,2911,6.664767860791885e-08,0.2838065785774529,0.0,69,15,0.2202556538839724
2655,3119,6.487179433538356e-08,0.2838065785774529,0.0,69,15,0.2202556538839724
2478,2919,6.705826761136057e-08,0.2838265270260772,0.0,70,15,0.2202556538839724
2801,3284,6.748920224332233e-08,0.2838265270260772,0.0,70,15,0.2202556538839724
2426,2862,6.707867382069344e-08,0.28384647827920706,0.0,71,15,0.2202556538839724
2523,2969,6.755186622057049e-08,0.28384647827920706,0.0,71,15,0.2202556538839724
2722,3195,6.786803989939448e-08,0.2838664323374341,0.0,72,15,0.2202556538839724
2436,2873,6.642637299875806e-08,0.28388638920134984,0.0,73,15,0.2202556538839724
2849,3339,6.848375595463234e-08,0.28388638920134984,0.0,73,15,0.2202556538839724
2464,2905,6.896584748263433e-08,0.2839063488715461,0.0,74,15,0.2202556538839724
2479,2920,6.847539626067144e-08,0.2839063488715461,0.0,74,15,0.2202556538839724
2704,3174,6.934369629951982e-08,0.2839063488715461,0.0,74,15,0.2202556538839724
2392,2827,6.909838308523493e-08,0.28392631134861485,0.0,75,15,0.2202556538839724
2428,2864,6.892761880155782e-08,0.28392631134861485,0.0,75,15,0.2202556538839724
2472,2913,6.92381009168148e-08,0.28392631134861485,0.0,75,15,0.2202556538839724
2870,3362,6.739230700578839e-08,0.28392631134861485,0.0,75,15,0.2202556538839724
2435,2872,6.9581031939593e-08,0.28394627663314814,0.0,76,15,0.2202556538839724
2624,3084,6.638628307378786e-08,0.28394627663314814,0.0,76,15,0.2202556538839724
2636,3096,6.962900267658128e-08,0.28394627663314814,0.0,76,15,0.2202556538839724
2468,2909,6.898351679858994e-08,0.2839662447257384,0.0,77,15,0.2202556538839724
2263,2683,6.746053552584094e-08,0.283986215626978,0.0,78,15,0.2202556538839724
2430,2866,7.01504881759802e-08,0.283986215626978,0.0,78,15,0.2202556538839724
2599,3056,6.968412387002449e-08,0.283986215626978,0.0,78,15,0.2202556538839724
2484,2925,7.036372700117364e-08,0.2840061893374596,0.0,79,15,0.2202556538839724
2750,3226,7.070753229145543e-08,0.2840061893374596,0.0,79,15,0.2202556538839724
2431,2867,7.059656620246744e-08,0.2840261658577759,0.0,80,15,0.2202556538839724
2566,3022,7.138750751106116e-08,0.2840261658577759,0.0,80,15,0.2202556538839724
2369,2800,7.203077490858555e-08,0.2840661273302849,0.0,82,15,0.2202556538839724
2500,2943,7.068935603525605e-08,0.2840661273302849,0.0,82,15,0.2202556538839724
2246,2664,7.228800042511384e-08,0.284086112283664,0.0,83,15,0.2202556538839724
2258,2676,7.205322844664463e-08,0.284086112283664,0.0,83,15,0.2202556538839724
2312,2738,6.944864119474338e-08,0.284086112283664,0.0,83,15,0.2202556538839724
2329,2757,7.216900494413064e-08,0.284086112283664,0.0,83,15,0.2202556538839724
2346,2777,7.215962144083992e-08,0.284086112283664,0.0,83,15,0.2202556538839724
2469,2910,7.293068224679993e-08,0.284086112283664,0.0,83,15,0.2202556538839724
2597,3054,7.16795412116091e-08,0.284086112283664,0.0,83,15,0.2202556538839724
2641,3104,7.026852990537458e-08,0.284086112283664,0.0,83,15,0.2202556538839724
2858,3348,7.262809127173192e-08,0.2841061000492507,0.0,84,15,0.2202556538839724
2323,2750,7.35219067076358e-08,0.2841260906276386,0.0,85,15,0.2202556538839724
2487,2928,7.265276805569325e-08,0.2841460840194216,0.0,86,15,0.2202556538839724
2475,2916,7.409917117709211e-08,0.2841660802251935,0.0,87,15,0.2202556538839724
2836,3324,7.150605202979656e-08,0.2841660802251935,0.0,87,15,0.2202556538839724
2451,2890,7.243646680730829e-08,0.2841860792455486,0.0,88,15,0.2202556538839724
2577,3033,7.430935799143288e-08,0.2841860792455486,0.0,88,15,0.2202556538839724
2327,2755,7.489521719312677e-08,0.2842060810810811,0.0,89,15,0.2202556538839724
2917,3417,7.354737792456831e-08,0.2842060810810811,0.0,89,15,0.2202556538839724
2474,2915,7.369946026609035e-08,0.28424609320005634,0.0,91,15,0.2202556538839724
2550,3000,7.464575212627916e-08,0.28424609320005634,0.0,91,15,0.2202556538839724
2465,2906,7.64258921330606e-08,0.2842661034846885,0.0,92,15,0.2202556538839724
2486,2927,7.57813394359056e-08,0.2842661034846885,0.0,92,15,0.2202556538839724
2517,2960,7.577935107314848e-08,0.2842661034846885,0.0,92,15,0.2202556538839724
2259,2679,7.53006122272548e-08,0.2842861165868769,0.0,93,15,0.2202556538839724
2273,2694,7.652877904300172e-08,0.2842861165868769,0.0,93,15,0.2202556538839724
2513,2956,7.694201817125299e-08,0.28434617280473207,0.0,96,15,0.2202556538839724
2570,3026,7.579296070422331e-08,0.28434617280473207,0.0,96,15,0.2202556538839724
2251,2669,7.794338823711675e-08,0.2843661971830986,0.0,97,15,0.2202556538839724
2892,3387,7.725832183993317e-08,0.2843661971830986,0.0,97,15,0.2202556538839724
2351,2782,7.786008630104657e-08,0.28438622438199873,0.0,98,15,0.2202556538839724
2619,3078,7.946076008074158e-08,0.28440625440202844,0.0,99,15,0.2202556538839724
2537,2986,7.87887264995123e-08,0.2844262872437839,0.0,100,15,0.2202556538839724
2355,2786,7.869710570730621e-08,0.28446636139485737,0.0,102,15,0.2202556538839724
2440,2877,8.001838407055268e-08,0.28450644683999154,0.0,104,15,0.2202556538839724
2756,3232,8.068836649861646e-08,0.28452649379932354,0.0,105,15,0.2202556538839724
2501,2944,7.999720665130859e-08,0.28454654358396164,0.0,106,15,0.2202556538839724
2521,2966,8.130812639012863e-08,0.2845665961945032,0.0,107,15,0.2202556538839724
2630,3090,7.870480063602888e-08,0.28458665163154556,0.0,108,15,0.2202556538839724
2925,3426,8.253533032966666e-08,0.2846869712351946,0.0,113,15,0.2202556538839724
2326,2754,8.624299945487871e-08,0.2848677248677249,0.0,122,15,0.2202556538839724
2871,3363,8.991058630870953e-08,0.28504870817450234,0.0,131,15,0.2202556538839724
2403,2839,9.202555976839976e-08,0.2851694915254237,0.0,137,15,0.2202556538839724
2337,2767,3.901578716151656e-08,0.2825554544818417,0.0,6,16,0.7953216374269005
2399,2834,3.982988368487452e-08,0.2826147816349384,0.0,9,16,0.7953216374269005
2824,3311,4.0304465881407775e-08,0.28265434691306174,0.0,11,16,0.7953216374269005
2278,2699,4.080827729519116e-08,0.2826939232707925,0.0,13,16,0.7953216374269005
2533,2982,4.132868949767587e-08,0.2827335107127853,0.0,15,16,0.7953216374269005
2442,2879,4.158159638621486e-08,0.2827533085918353,0.0,16,16,0.7953216374269005
2555,3008,4.1584680178491854e-08,0.2827533085918353,0.0,16,16,0.7953216374269005
2800,3283,4.156886011752881e-08,0.2827533085918353,0.0,16,16,0.7953216374269005
2827,3314,4.157370847747294e-08,0.2827533085918353,0.0,16,16,0.7953216374269005
2922,3423,4.157869150302064e-08,0.2827533085918353,0.0,16,16,0.7953216374269005
2516,2959,4.182349297019126e-08,0.2827731092436975,0.0,17,16,0.7953216374269005
2525,2972,4.1822206797418365e-08,0.2827731092436975,0.0,17,16,0.7953216374269005
2889,3382,4.183138087887476e-08,0.2827731092436975,0.0,17,16,0.7953216374269005
2282,2703,4.207517669486677e-08,0.2827929126689544,0.0,18,16,0.7953216374269005
2822,3309,4.2178470337438424e-08,0.2827929126689544,0.0,18,16,0.7953216374269005
2252,2670,4.231398948632908e-08,0.2828127188681888,0.0,19,16,0.7953216374269005
2450,2889,4.241446949304592e-08,0.2828127188681888,0.0,19,16,0.7953216374269005
2837,3325,4.2347937283024134e-08,0.2828127188681888,0.0,19,16,0.7953216374269005
2831,3318,4.262492187444599e-08,0.2828325278419836,0.0,20,16,0.7953216374269005
